window_start_sec,window_end_sec,window_mid_sec,n_points,coverage_ratio,observed_ratio,interpolated_ratio,distance_5s_px,distance_last_1s_px,net_displacement_px,path_efficiency,mean_speed_px_s,median_speed_px_s,max_speed_px_s,speed_std_px_s,mean_speed_norm_s,max_speed_norm_s,mean_abs_accel_px_s2,mean_abs_turn_rad,immobile_ratio,x_mean_norm,x_std_norm,x_range_norm,y_mean_norm,y_std_norm,y_range_norm,bbox_area_mean_norm,window_id,video_id,context,pred_track_id,trajectory_uid
40.0,45.0,42.5,142,1.0,1.0,0.0,415.35679850911373,121.34233606005186,117.4242967036328,0.28270705361057497,83.78426136991978,75.94341227051774,459.712858200953,72.0139532860942,0.052365163356199854,0.2873205363755956,1062.3586299651029,0.48157354111842005,0.1347517730496454,0.14275325124322524,0.03002853143287331,0.10797149091959,0.5939378202241352,0.03331961956919921,0.11087764104207354,0.018595927143293722,V3_FEEDING:T102:S0:W000040000,V3_FEEDING,FEEDING,102,V3_FEEDING:T102:S0
41.0,46.0,43.5,142,1.0,1.0,0.0,421.3134994125692,47.619497702325944,173.113321219591,0.4108895667026103,84.98582539195785,73.73433079277942,459.712858200953,71.17115249106516,0.053116140869973655,0.2873205363755956,1038.1339418921773,0.4322652556474188,0.1276595744680851,0.16467927753085818,0.03468001518067586,0.1284998238086701,0.585974944141549,0.04203359984772131,0.13353188832600904,0.01910511453300651,V3_FEEDING:T102:S0:W000041000,V3_FEEDING,FEEDING,102,V3_FEEDING:T102:S0
42.0,47.0,44.5,142,1.0,1.0,0.0,489.0863326698293,160.33877541236532,258.70901353128323,0.528963899111717,98.65671460284362,87.25120236844708,459.712858200953,78.84354444388032,0.06166044662677726,0.2873205363755956,1069.4477272692445,0.40374606971474986,0.10638297872340426,0.1941346077012344,0.05048908023239047,0.1838107883930206,0.5655714604776231,0.0696913624386769,0.25581272443135583,0.018766689940989807,V3_FEEDING:T102:S0:W000042000,V3_FEEDING,FEEDING,102,V3_FEEDING:T102:S0
43.0,48.0,45.5,142,1.0,1.0,0.0,538.9580699050622,155.08435082290345,482.44917590538654,0.8951515949846901,108.71665988961172,103.1267512882282,303.28436061959735,73.61366778822597,0.06794791243100733,0.18955272538724835,981.9425288701752,0.3079905939324255,0.06382978723404255,0.23655137663156206,0.07936074205060457,0.2561205327510834,0.50438723860772,0.1160593032087415,0.37227895259857174,0.017793394213671165,V3_FEEDING:T102:S0:W000043000,V3_FEEDING,FEEDING,102,V3_FEEDING:T102:S0
44.0,49.0,46.5,142,1.0,1.0,0.0,772.8114585365843,269.3113409834993,628.5897657222837,0.813380493752768,155.88871414675438,131.19542306041888,625.4320218705236,116.43973209663706,0.09743044634172149,0.39089501366907725,1253.4589698158197,0.2832862537707447,0.03546099290780142,0.3028670404998349,0.10854477512549499,0.37389936447143557,0.4161533601966822,0.1509449496639313,0.4914742946624756,0.017679046080699527,V3_FEEDING:T102:S0:W000044000,V3_FEEDING,FEEDING,102,V3_FEEDING:T102:S0
45.0,50.0,47.5,143,1.0,1.0,0.0,788.0648623150933,129.88928175517674,562.4174220894555,0.7136689490725996,157.84609934801566,137.03392922060735,625.4320218705236,116.86267530295233,0.0986538120925098,0.39089501366907725,1262.5053182711379,0.2842422889793071,0.035211267605633804,0.3795211731970726,0.13257213050559363,0.39812697172164924,0.3502824480439122,0.12883483529384973,0.397622553507487,0.017711563789503528,V3_FEEDING:T102:S0:W000045000,V3_FEEDING,FEEDING,102,V3_FEEDING:T102:S0
48.0,53.0,50.5,142,1.0,1.0,0.0,737.4302680075318,94.86554069922852,419.8678283366896,0.5693661442337233,148.75174919155015,137.8714568613883,409.07412485838597,85.07430415745479,0.09296984324471885,0.25567132803649123,1448.964392380764,0.31072846332385384,0.03546099290780142,0.1936785999633057,0.07038567700479095,0.21822150349617014,0.7008548399652115,0.14917193515464353,0.40508033434549967,0.015376981888885958,V3_FEEDING:T107:S0:W000048000,V3_FEEDING,FEEDING,107,V3_FEEDING:T107:S0
49.0,54.0,51.5,142,1.0,1.0,0.0,657.4668122350918,63.85748680463818,499.3729476588649,0.7595409203412432,132.62181198448343,116.00741826610427,409.07412485838597,84.26009654934747,0.08288863249030215,0.25567132803649123,1326.1804934232518,0.287653386141674,0.028368794326241134,0.2346085357519102,0.08370595892205561,0.2530156433582306,0.6245600370174282,0.15982224887618968,0.43562750816345214,0.015602961312888616,V3_FEEDING:T107:S0:W000049000,V3_FEEDING,FEEDING,107,V3_FEEDING:T107:S0
52.0,57.0,54.5,143,1.0,1.0,0.0,698.4276393008154,184.66521689644478,563.1772486489394,0.8063501742467224,139.89213808697477,146.11174866921664,380.79891273642556,87.72446605511561,0.08743258630435924,0.23799932046026598,1304.560579310305,0.2794395635324156,0.07042253521126761,0.28097118701968155,0.09623295718822751,0.35523838698863985,0.8163756497256406,0.10097362888514552,0.34612790743509925,0.02144891902361928,V3_FEEDING:T113:S2:W000052000,V3_FEEDING,FEEDING,113,V3_FEEDING:T113:S2
53.0,58.0,55.5,142,1.0,1.0,0.0,769.2316785333504,249.7329471489309,551.0158329103679,0.7163197360266779,155.1666139559915,148.39728282963424,715.2955377088459,121.17460250634007,0.0969791337224947,0.4470597110680287,1499.9966005375825,0.2751121467338747,0.07092198581560284,0.35953311072268945,0.12114179887306571,0.43029969930648815,0.8610530255546033,0.04108951274215227,0.18151419957478832,0.021508315389699738,V3_FEEDING:T113:S2:W000053000,V3_FEEDING,FEEDING,113,V3_FEEDING:T113:S2
54.0,59.0,56.5,143,1.0,1.0,0.0,713.7856267262247,130.23291197672603,520.3666496088998,0.7290237154193755,142.96827880185856,114.71757882888083,715.2955377088459,118.57481934871637,0.08935517425116163,0.4470597110680287,1563.2926427686764,0.3005910215981087,0.056338028169014086,0.43860768267324757,0.13324923770892272,0.37265201210975657,0.8299651110366786,0.08716746473856074,0.29085687001546223,0.02027839359921405,V3_FEEDING:T113:S2:W000054000,V3_FEEDING,FEEDING,113,V3_FEEDING:T113:S2
55.0,60.0,57.5,142,1.0,1.0,0.0,744.7851363154837,82.94774750685204,518.3174433447637,0.6959288230548273,150.23534645266753,130.6910555839722,715.2955377088459,115.65288419113948,0.09389709153291718,0.4470597110680287,1579.3525838533167,0.29353798520554697,0.0425531914893617,0.5084526305467311,0.11767246917094062,0.35299102067947385,0.7741748394540778,0.12386758895089658,0.32292013168334954,0.019337473230705907,V3_FEEDING:T113:S2:W000055000,V3_FEEDING,FEEDING,113,V3_FEEDING:T113:S2
56.0,61.0,58.5,142,1.0,1.0,0.0,683.1018133236994,25.98128489882848,457.1404846063141,0.6692128108722942,137.79281108486038,108.15001879690941,715.2955377088459,120.71963897452578,0.0861205069280377,0.4470597110680287,1482.2362115382537,0.33603462660091166,0.09219858156028368,0.5679039945065135,0.08134528114160261,0.29108704328536983,0.7148460242669908,0.1336578362909567,0.3305920124053955,0.018814635855726774,V3_FEEDING:T113:S2:W000056000,V3_FEEDING,FEEDING,113,V3_FEEDING:T113:S2
57.0,62.0,59.5,142,1.0,1.0,0.0,588.2704846669196,87.08656115316035,424.3690500868089,0.7213842291052351,118.6637806831538,81.08718403353348,715.2955377088459,115.97648550702316,0.07416486292697112,0.4470597110680287,1357.4326467016265,0.3735772764508646,0.0851063829787234,0.6082123168757264,0.036006852703205014,0.15058429241180415,0.64250705801825,0.11750132137977283,0.41300406455993655,0.01835093464158816,V3_FEEDING:T113:S2:W000057000,V3_FEEDING,FEEDING,113,V3_FEEDING:T113:S2
56.0,61.0,58.5,142,1.0,1.0,0.0,392.6760500361256,36.016157476002185,240.19576011373684,0.6116893558739811,79.20918335278567,64.83004146071848,291.8311476065051,57.66163009594365,0.04950573959549105,0.1823944672540657,856.2143927617636,0.3677734248780294,0.10638297872340426,0.5815318293974433,0.05855271937163534,0.1645406246185303,0.34379513431602793,0.062455945284597816,0.20425340334574382,0.010744083823040327,V3_FEEDING:T120:S2:W000056000,V3_FEEDING,FEEDING,120,V3_FEEDING:T120:S2
59.0,64.0,61.5,142,1.0,1.0,0.0,577.3237345635157,205.0525377572303,189.38586052780352,0.3280410092112154,116.4556421018026,77.10582691071649,472.1653938792695,111.74689103829904,0.07278477631362663,0.29510337117454344,1082.995172469767,0.39103485300296414,0.1347517730496454,0.5641384937393833,0.06348690309048308,0.1802475929260255,0.7030376425371484,0.045123265607779094,0.2025487581888834,0.014840392251041133,V3_FEEDING:T123:S3:W000059000,V3_FEEDING,FEEDING,123,V3_FEEDING:T123:S3
60.0,65.0,62.5,142,1.0,1.0,0.0,649.7471541074085,107.90133699921543,117.00356975837428,0.18007554018317815,131.0646306488767,103.231362895588,472.1653938792695,108.59913197363471,0.08191539415554794,0.29510337117454344,1230.1452208085784,0.3597212691731397,0.09929078014184398,0.5530693556221438,0.049529530238074555,0.15062124729156495,0.7257727992366737,0.06415788948122628,0.2025487581888834,0.015193218524066654,V3_FEEDING:T123:S3:W000060000,V3_FEEDING,FEEDING,123,V3_FEEDING:T123:S3
61.0,66.0,63.5,143,1.0,1.0,0.0,564.0452695173514,47.91872614951713,158.11929824587165,0.28033086489879255,112.97591087548861,82.00089934470222,472.1653938792695,104.7108994400195,0.07060994429718039,0.29510337117454344,1118.686778032925,0.3660523393549305,0.1056338028169014,0.5598634383061549,0.057388281586355415,0.16750197410583506,0.7459865581183444,0.07358348064703887,0.2025487581888834,0.015462429156019034,V3_FEEDING:T123:S3:W000061000,V3_FEEDING,FEEDING,123,V3_FEEDING:T123:S3
62.0,67.0,64.5,142,1.0,1.0,0.0,530.2703300482341,100.58487479982497,332.9113423538242,0.6278143872834486,106.96420063171333,83.04928847672643,424.8952596712647,94.2463129982886,0.06685262539482083,0.2655595372945404,1196.4009739357855,0.38431533655114886,0.10638297872340426,0.5959019041397202,0.07017303371567127,0.22587773799896244,0.7782754837627144,0.07379260900933096,0.20564972559610994,0.016328549712995393,V3_FEEDING:T123:S3:W000062000,V3_FEEDING,FEEDING,123,V3_FEEDING:T123:S3
63.0,68.0,65.5,143,1.0,1.0,0.0,574.2574612314893,97.560695738817,381.39783077986533,0.6641582504856995,115.02137020879208,93.19958390461399,424.8952596712647,94.43121712513818,0.07188835638049505,0.2655595372945404,1345.0604251923633,0.366982607575437,0.08450704225352113,0.6465081993516508,0.07304230237649625,0.26615095138549805,0.8162607977718186,0.04687929510000052,0.18624076843261717,0.016999462038839782,V3_FEEDING:T123:S3:W000063000,V3_FEEDING,FEEDING,123,V3_FEEDING:T123:S3
64.0,69.0,66.5,142,1.0,1.0,0.0,442.77185329852915,79.8672776454516,306.1866077457168,0.6915222940769843,89.31432642288674,78.69811599788268,341.84410061233365,69.4635746540421,0.05582145401430421,0.21365256288270854,1308.2680986203766,0.3930048563215266,0.10638297872340426,0.6983310264600833,0.07355244649345428,0.2391530513763428,0.8363101348071031,0.017056317926541276,0.06684020360310872,0.01747197017673321,V3_FEEDING:T123:S3:W000064000,V3_FEEDING,FEEDING,123,V3_FEEDING:T123:S3
65.0,70.0,67.5,142,1.0,1.0,0.0,376.3445290076655,40.547426933845145,267.39584615284883,0.7105081263115756,75.91484838263919,60.30061193519478,341.84410061233365,66.47086733562406,0.04744678023914949,0.21365256288270854,1233.7412719548092,0.4545889104482946,0.1276595744680851,0.7438268063773571,0.07166190324715342,0.2114629507064819,0.842672492864546,0.013305319309147067,0.04451055526733394,0.017355508984923065,V3_FEEDING:T123:S3:W000065000,V3_FEEDING,FEEDING,123,V3_FEEDING:T123:S3
66.0,71.0,68.5,142,1.0,1.0,0.0,342.79834731242124,18.02633109889696,231.9345412632049,0.6765917720479068,69.14803472940022,50.17877344448439,341.84410061233365,68.73094110117985,0.04321752170587514,0.21365256288270854,1203.9526891442204,0.5253328601535974,0.22695035460992907,0.7840354847236418,0.05783871590139297,0.18017671108245847,0.8479488448917587,0.00611387522873282,0.039758268992106105,0.016656836868755475,V3_FEEDING:T123:S3:W000066000,V3_FEEDING,FEEDING,123,V3_FEEDING:T123:S3
67.0,72.0,69.5,142,1.0,1.0,0.0,285.14401515022905,42.82394712567037,164.5124881226969,0.576945260576565,57.518212724983584,45.782225041634725,341.2634377394761,59.0748499956776,0.03594888295311474,0.21328964858717256,1080.0893314454904,0.5911541663636353,0.2624113475177305,0.8137804671072624,0.03702737743903944,0.1283916473388672,0.8485557520333591,0.004052780526014309,0.01939226786295567,0.015282603236776002,V3_FEEDING:T123:S3:W000067000,V3_FEEDING,FEEDING,123,V3_FEEDING:T123:S3
68.0,73.0,70.5,142,1.0,1.0,0.0,262.2232965372229,75.5686436045059,40.24410077849565,0.15347263690883756,52.89472880476939,43.32527970214755,341.2634377394761,51.93761606039825,0.033059205502980867,0.21328964858717256,965.1403530258555,0.6130437920890378,0.2624113475177305,0.8321301629845524,0.0171394699215165,0.07391366958618162,0.8456741982222723,0.0062405245664249355,0.027450402577718136,0.014601402974360049,V3_FEEDING:T123:S3:W000068000,V3_FEEDING,FEEDING,123,V3_FEEDING:T123:S3
69.0,74.0,71.5,142,1.0,1.0,0.0,233.40524285344256,50.74725753401472,54.697394734616594,0.23434518464935095,47.0816559221754,34.573218248575785,215.81799724527403,44.472971920535024,0.029426034951359616,0.13488624827829626,834.0380793083356,0.6625990786455455,0.3049645390070922,0.8315528750419616,0.017972926876613622,0.07857124805450433,0.8429646825566538,0.00629219045420287,0.01969410578409836,0.013911542668282028,V3_FEEDING:T123:S3:W000069000,V3_FEEDING,FEEDING,123,V3_FEEDING:T123:S3
70.0,75.0,72.5,143,1.0,1.0,0.0,234.19483745304302,38.11111356717819,53.298839417576986,0.2275833233440238,46.90824746431164,33.38451897862563,215.81799724527403,45.15468454108736,0.029317654665194773,0.13488624827829626,788.5506926955265,0.6172319375468109,0.31690140845070425,0.823748757789185,0.022934147536624414,0.07857124805450433,0.8379059647068833,0.009249026028624187,0.037245750427246094,0.014307413614227603,V3_FEEDING:T123:S3:W000070000,V3_FEEDING,FEEDING,123,V3_FEEDING:T123:S3
71.0,76.0,73.5,142,1.0,1.0,0.0,245.09208858119595,28.54345883349815,61.315622799478255,0.2501738148890316,49.43908389869697,38.250569860191696,215.81799724527403,44.31449841158879,0.030899427436685608,0.13488624827829626,764.4485202129323,0.6071676933864141,0.24113475177304963,0.81630906303164,0.02243049226200855,0.07857124805450433,0.8313625915509435,0.012923028355576028,0.04646895726521816,0.015417138929731776,V3_FEEDING:T123:S3:W000071000,V3_FEEDING,FEEDING,123,V3_FEEDING:T123:S3
72.0,77.0,74.5,143,1.0,1.0,0.0,236.62319170024017,35.37914209912858,65.68374532511382,0.2775879441619718,47.394636674242065,33.69998114333189,215.81799724527403,45.22095845903542,0.02962164792140129,0.13488624827829626,726.4961823542195,0.6239344010179949,0.2605633802816901,0.8095807490648922,0.018391395436836162,0.07857124805450433,0.8226154587485573,0.013651460435110714,0.04829425811767574,0.01588933391209262,V3_FEEDING:T123:S3:W000072000,V3_FEEDING,FEEDING,123,V3_FEEDING:T123:S3
73.0,78.0,75.5,142,1.0,1.0,0.0,232.07986086609918,71.55712971203872,34.27883087574415,0.14770273796191935,46.814304692483105,33.21201825244502,210.10248794514357,46.33056166472747,0.02925894043280194,0.13131405496571472,780.4155480267892,0.6543490388715507,0.28368794326241137,0.8047502307824685,0.010254139079864603,0.05384364128112795,0.819851753073679,0.014968639042344427,0.05999558766682933,0.014584083869261423,V3_FEEDING:T123:S3:W000073000,V3_FEEDING,FEEDING,123,V3_FEEDING:T123:S3
74.0,79.0,76.5,142,1.0,1.0,0.0,209.71528476567636,28.88324760298428,68.57603209251157,0.32699587046854706,42.30300381537914,32.83569410144374,210.10248794514357,41.14362765250488,0.02643937738461196,0.13131405496571472,704.2629287116135,0.607123757675542,0.2907801418439716,0.8115532586272334,0.014712006532454573,0.053942871093749956,0.8199001462246891,0.015057758637517354,0.05999558766682933,0.01339571121573452,V3_FEEDING:T123:S3:W000074000,V3_FEEDING,FEEDING,123,V3_FEEDING:T123:S3
75.0,80.0,77.5,142,1.0,1.0,0.0,208.43724066535123,36.53121085378454,36.21139937949093,0.1737280692447316,42.045201411931124,33.37028632241855,210.10248794514357,42.432132213941934,0.02627825088245695,0.13131405496571472,731.162410766957,0.6845318958376583,0.3191489361702128,0.8193542413308587,0.013951652332295991,0.03738350868225093,0.8204811011121865,0.01506089271337509,0.05999558766682933,0.012504790698070251,V3_FEEDING:T123:S3:W000075000,V3_FEEDING,FEEDING,123,V3_FEEDING:T123:S3
76.0,81.0,78.5,142,1.0,1.0,0.0,285.3917136532714,98.12710380997149,57.6641918064669,0.20205278936908586,57.56817756531816,39.841084705592436,420.74720867777177,65.05097702420925,0.03598011097832385,0.26296700542360735,922.8732953092344,0.6264801467895434,0.2978723404255319,0.8194027741190415,0.01431486021893256,0.05315287113189693,0.8298224319314731,0.020793299686379694,0.0734652837117512,0.011515981551005623,V3_FEEDING:T123:S3:W000076000,V3_FEEDING,FEEDING,123,V3_FEEDING:T123:S3
77.0,82.0,79.5,142,1.0,1.0,0.0,347.27578510918994,93.77314027758793,15.660074343280275,0.04509405784902756,70.05120718252462,49.28049845476213,420.74720867777177,71.17205708168572,0.043782004489077875,0.26296700542360735,1094.531375267051,0.5735437618076829,0.2695035460992908,0.8171244255253967,0.018009867264695462,0.06347222328186031,0.8366335322599455,0.018845624490367925,0.0709988911946614,0.011459809175630975,V3_FEEDING:T123:S3:W000077000,V3_FEEDING,FEEDING,123,V3_FEEDING:T123:S3
78.0,83.0,80.5,142,1.0,1.0,0.0,301.0373411650851,29.159689185902604,38.80136496607095,0.1288921992730223,60.724156592148276,39.59001989740363,420.74720867777177,67.86143724815896,0.03795259787009267,0.26296700542360735,1005.0400618745068,0.6420740931058382,0.2907801418439716,0.8163100467601293,0.017652315259355986,0.06347222328186031,0.8344702075904523,0.018901464279658088,0.06387351353963211,0.011984910418583206,V3_FEEDING:T123:S3:W000078000,V3_FEEDING,FEEDING,123,V3_FEEDING:T123:S3
79.0,84.0,81.5,143,1.0,1.0,0.0,347.63273855783274,73.81055747525218,26.080698818003285,0.07502371303174732,69.62938510647814,51.71164915105245,420.74720867777177,67.59441719019125,0.04351836569154883,0.26296700542360735,1126.4662222915347,0.6158427159456131,0.2323943661971831,0.8173964008584723,0.01939745584838004,0.07995126247406004,0.835541417493131,0.019866238162662055,0.06387351353963211,0.013376816928322162,V3_FEEDING:T123:S3:W000079000,V3_FEEDING,FEEDING,123,V3_FEEDING:T123:S3
80.0,85.0,82.5,142,1.0,1.0,0.0,326.31833991337624,22.614007408274883,47.93986998292491,0.14691135654726278,65.82374762911303,48.769849856939054,420.74720867777177,66.87782186935972,0.04113984226819565,0.26296700542360735,1075.4325164796123,0.6388584268500409,0.2553191489361702,0.8212710044753384,0.023948370214845225,0.08420839309692385,0.8413160500951775,0.020728031850219573,0.06387351353963211,0.014191130330463103,V3_FEEDING:T123:S3:W000080000,V3_FEEDING,FEEDING,123,V3_FEEDING:T123:S3
81.0,86.0,83.5,143,1.0,1.0,0.0,244.53519866578606,20.85916115654871,112.93768506904607,0.4618463341279615,48.979378612686766,32.13761131887317,242.18448693305243,49.52262387738649,0.03061211163292923,0.15136530433315776,862.4291546135606,0.6551802887364796,0.323943661971831,0.8334476347569819,0.026800064045465682,0.09437313079833987,0.8407986578685699,0.019963104241718155,0.06387351353963211,0.014961430008234985,V3_FEEDING:T123:S3:W000081000,V3_FEEDING,FEEDING,123,V3_FEEDING:T123:S3
82.0,87.0,84.5,142,1.0,1.0,0.0,202.93706628682912,52.52092464667784,110.42261285719286,0.544122445828219,40.935726258607005,26.474293422733375,233.43685233353543,39.94432772828175,0.02558482891162938,0.14589803270845964,806.2563574014055,0.6674939782727245,0.3475177304964539,0.8506225921738315,0.024589787031554972,0.08875272274017332,0.8443439161273795,0.01845060569174655,0.05696633656819661,0.015384826635769474,V3_FEEDING:T123:S3:W000082000,V3_FEEDING,FEEDING,123,V3_FEEDING:T123:S3
83.0,88.0,85.5,142,1.0,1.0,0.0,195.15583153589358,22.553509072843635,103.2206631560296,0.528914059824264,39.36612391071478,23.740039087692328,233.43685233353543,40.648426483935616,0.02460382744419673,0.14589803270845964,811.3435254483385,0.652855818268897,0.3829787234042553,0.8661311413200806,0.019911575013703782,0.08034830093383794,0.8522651334323793,0.008493938884387646,0.04535366694132492,0.01641939187597368,V3_FEEDING:T123:S3:W000083000,V3_FEEDING,FEEDING,123,V3_FEEDING:T123:S3
84.0,89.0,86.5,142,1.0,1.0,0.0,152.76393521189846,30.410757728141334,62.263771037919014,0.40758161245030183,30.814984903661554,19.139398277001646,233.43685233353543,36.04222083865385,0.019259365564788467,0.14589803270845964,790.6904294930147,0.6763576851223393,0.4397163120567376,0.8778548821597033,0.017387526551877277,0.055537962913513206,0.8552315595564148,0.003505166914818906,0.0147717157999675,0.015551797452658282,V3_FEEDING:T123:S3:W000084000,V3_FEEDING,FEEDING,123,V3_FEEDING:T123:S3
85.0,90.0,87.5,142,1.0,1.0,0.0,168.89717492060848,34.26112427982753,64.07954411120056,0.3793997391686491,34.06932328779306,20.734333998303494,233.43685233353543,39.09365874372946,0.02129332705487066,0.14589803270845964,927.1377506034968,0.6528910156108733,0.41843971631205673,0.8871102386796977,0.014332298076175682,0.050010299682617165,0.8557653091323207,0.0037214883569499967,0.0147717157999675,0.015437289936425356,V3_FEEDING:T123:S3:W000085000,V3_FEEDING,FEEDING,123,V3_FEEDING:T123:S3
58.0,63.0,60.5,142,1.0,1.0,0.0,165.08924018842723,41.69607939089449,31.59468927850794,0.19137945781594753,33.30120055565927,29.93710426860106,115.6530440686087,27.00986800177238,0.020813250347287045,0.07228315254288044,615.2312752619498,0.6988146941795977,0.3546099290780142,0.38192612948551985,0.009356009685426823,0.02936621904373171,0.8124829408708312,0.01747093736552968,0.0520936330159506,0.010405285663939827,V3_FEEDING:T131:S0:W000058000,V3_FEEDING,FEEDING,131,V3_FEEDING:T131:S0
59.0,64.0,61.5,142,1.0,1.0,0.0,159.96688883750164,18.905653312744978,32.4764989878122,0.20302013262758795,32.267938488070634,26.861810326214624,115.6530440686087,26.741298340365205,0.02016746155504415,0.07228315254288044,558.016506248451,0.6304612660725453,0.36879432624113473,0.3778894656141039,0.006014741035791571,0.02287840843200678,0.8177539726937881,0.017454651047712693,0.0520936330159506,0.010192243935624956,V3_FEEDING:T131:S0:W000059000,V3_FEEDING,FEEDING,131,V3_FEEDING:T131:S0
60.0,65.0,62.5,142,1.0,1.0,0.0,144.12132512833352,16.616575981543228,17.599713057414057,0.12211734135626569,29.071629059338598,23.202642004470277,115.6530440686087,25.047442421768615,0.01816976816208662,0.07228315254288044,491.1999253994007,0.576264215549502,0.40425531914893614,0.3774758184459847,0.005462040343676394,0.021470904350280706,0.8223615346380243,0.014780372266323168,0.05149100621541347,0.009648730105946047,V3_FEEDING:T131:S0:W000060000,V3_FEEDING,FEEDING,131,V3_FEEDING:T131:S0
61.0,66.0,63.5,143,1.0,1.0,0.0,144.64445872356868,17.910983653558173,15.883932075624811,0.1098136231127992,28.97168075067833,23.719711663772607,115.6530440686087,24.879202645414445,0.018107300469173956,0.07228315254288044,475.8223792387584,0.6063510758166164,0.4084507042253521,0.3790553483929667,0.004329632448758412,0.019877684116363425,0.824275757938554,0.011801710401871486,0.046040789286295625,0.009017299438787155,V3_FEEDING:T131:S0:W000061000,V3_FEEDING,FEEDING,131,V3_FEEDING:T131:S0
62.0,67.0,64.5,142,1.0,1.0,0.0,122.97336557034672,24.053830375855757,18.24629111207862,0.14837595952142058,24.805739642319885,18.616501443754544,115.6530440686087,23.153717865066415,0.015503587276449928,0.07228315254288044,450.78484190590245,0.6173275892510619,0.475177304964539,0.3807776876738373,0.004783315738654127,0.016920161247253318,0.8239403185150433,0.010886972727076392,0.04108209609985358,0.008512071976096656,V3_FEEDING:T131:S0:W000062000,V3_FEEDING,FEEDING,131,V3_FEEDING:T131:S0
63.0,68.0,65.5,143,1.0,1.0,0.0,97.3059955523734,17.985574291559367,18.03327733738137,0.18532544921833974,19.48998435991236,14.978351139897615,110.65959135421522,17.45481470795361,0.012181240224945223,0.06916224459638451,371.4768551474451,0.6087156570755079,0.528169014084507,0.38195248833903067,0.006179592104133453,0.0217121124267578,0.820517845198269,0.007368305749679309,0.0274850527445476,0.008303832867049643,V3_FEEDING:T131:S0:W000063000,V3_FEEDING,FEEDING,131,V3_FEEDING:T131:S0
64.0,69.0,66.5,142,1.0,1.0,0.0,95.16317468398975,16.88257506966661,30.15640172185186,0.31689150579510217,19.195969174295044,14.769567452910762,110.65959135421522,17.492318146472872,0.011997480733934404,0.06916224459638451,417.69860366631684,0.6522197821864558,0.5390070921985816,0.3861601487011977,0.007862431940261495,0.025209534168243397,0.8196138207341583,0.006590905484025964,0.02041956583658855,0.008220502195903477,V3_FEEDING:T131:S0:W000064000,V3_FEEDING,FEEDING,131,V3_FEEDING:T131:S0
65.0,70.0,67.5,142,1.0,1.0,0.0,88.11068324063109,10.356596857323721,20.239465880877493,0.22970501574256694,17.77336627355904,13.793956626801705,110.65959135421522,17.15295792811485,0.0111083539209744,0.06916224459638451,385.5590156966651,0.7070195866205035,0.5815602836879432,0.39010092666451357,0.007390260781756076,0.021584296226501487,0.8186656251199929,0.006323241769984738,0.02041956583658855,0.00830559280785543,V3_FEEDING:T131:S0:W000065000,V3_FEEDING,FEEDING,131,V3_FEEDING:T131:S0
66.0,71.0,68.5,142,1.0,1.0,0.0,90.0447544583308,19.98851501216601,33.02358552535698,0.3667463554541537,18.163500078984647,14.318084473915972,110.65959135421522,16.94098572530579,0.011352187549365405,0.06916224459638451,401.4520725684505,0.6588591923826467,0.5390070921985816,0.39440421638354445,0.005610635280955658,0.023026704788208008,0.8210270695843048,0.0038186795328043126,0.016735521952311205,0.008346208283831117,V3_FEEDING:T131:S0:W000066000,V3_FEEDING,FEEDING,131,V3_FEEDING:T131:S0
67.0,72.0,69.5,142,1.0,1.0,0.0,79.9911752846981,13.769034771558982,28.479689718639396,0.35603539537051176,16.135528686171774,13.793956626801705,54.877555983939146,13.773024853309701,0.010084705428857359,0.03429847248996196,384.51168512922055,0.7209963496628461,0.5815602836879432,0.398703825725636,0.005655320891020191,0.02293615341186528,0.8215086672787376,0.002825881267489553,0.010457261403401641,0.00822123335228759,V3_FEEDING:T131:S0:W000067000,V3_FEEDING,FEEDING,131,V3_FEEDING:T131:S0
59.0,64.0,61.5,142,1.0,1.0,0.0,808.944249352998,50.51920568255945,693.4642947661515,0.8572460899756583,163.17728917587084,116.82890721598991,541.0351735562341,121.97904825753744,0.10198580573491929,0.3381469834726463,1354.4627136514475,0.2553490983716088,0.04964539007092199,0.33571400503877186,0.16288051457851963,0.5165619909763337,0.6139034088788458,0.07860092874793914,0.2812925656636556,0.015072171700593105,V3_FEEDING:T133:S1:W000059000,V3_FEEDING,FEEDING,133,V3_FEEDING:T133:S1
60.0,65.0,62.5,142,1.0,1.0,0.0,541.953870107254,25.42827146980381,406.0755815144242,0.749280711721942,109.32096180077319,70.57432131963132,450.2290263308642,102.82007700488647,0.06832560112548325,0.2813931414567901,1106.0924618905865,0.32019477043214434,0.1276595744680851,0.24994108349504598,0.08726675487218129,0.318241161108017,0.6423593901692423,0.035652665211424024,0.1474184036254883,0.014585072431073556,V3_FEEDING:T133:S1:W000060000,V3_FEEDING,FEEDING,133,V3_FEEDING:T133:S1
61.0,66.0,63.5,143,1.0,1.0,0.0,320.4599607929375,41.56031010626482,200.77629011512857,0.6265253531777671,64.18679124937165,50.70225729738995,373.1496316631322,60.842577376724144,0.04011674453085729,0.23321851978945762,858.2325528933743,0.388721656928713,0.1619718309859155,0.2040834202633037,0.03486090257013834,0.1454013764858246,0.6423709155796291,0.03235135672992669,0.11208928426106779,0.013687705349897035,V3_FEEDING:T133:S1:W000061000,V3_FEEDING,FEEDING,133,V3_FEEDING:T133:S1
62.0,67.0,64.5,142,1.0,1.0,0.0,265.6717690253386,50.97915535103169,180.48926550687415,0.6793693818843803,53.59034212158144,47.68009390903775,373.1496316631322,48.1220728559794,0.0334939638259884,0.23321851978945762,784.2858519518586,0.41373225116223966,0.1347517730496454,0.18365442200865542,0.015405401159833685,0.0772813767194748,0.616533307290413,0.03775879253345656,0.1572577794392903,0.01396994053485402,V3_FEEDING:T133:S1:W000062000,V3_FEEDING,FEEDING,133,V3_FEEDING:T133:S1
63.0,68.0,65.5,143,1.0,1.0,0.0,238.64123655408284,63.187613836565475,174.28829899149795,0.7303360538529531,47.798842626977496,46.458087150276754,156.47711162694918,28.51530877142156,0.02987427664186093,0.09779819476684323,708.8838699311111,0.43586790062130415,0.1267605633802817,0.17355171439947778,0.016628919156483544,0.0635334104299545,0.5851054810699605,0.048028495492986566,0.16815021832784027,0.014854395398181695,V3_FEEDING:T133:S1:W000063000,V3_FEEDING,FEEDING,133,V3_FEEDING:T133:S1
64.0,69.0,66.5,142,1.0,1.0,0.0,311.93236831755286,122.36812198612601,276.68913104711226,0.8870164149346556,62.92186180812635,51.02314750664606,269.36073031906443,50.9152809613838,0.03932616363007897,0.16835045644941526,794.4224448807032,0.3913736536970877,0.11347517730496454,0.16207293018069066,0.015781116805909122,0.0491674959659576,0.5423903894536372,0.07276795395205612,0.2808161973953247,0.01655580982572723,V3_FEEDING:T133:S1:W000064000,V3_FEEDING,FEEDING,133,V3_FEEDING:T133:S1
64.0,69.0,66.5,142,1.0,1.0,0.0,488.0144187809395,112.05766882917621,241.64008935861276,0.4951494875135656,98.44049203526986,69.74254651631114,456.0660692762937,89.42986768991051,0.061525307522043673,0.2850412932976836,1265.3630675381391,0.5333517814126552,0.14893617021276595,0.37568949679253805,0.0527271989311533,0.18065003156661985,0.4561792805720942,0.07282079436833071,0.2066423416137696,0.016657600514044354,V3_FEEDING:T135:S0:W000064000,V3_FEEDING,FEEDING,135,V3_FEEDING:T135:S0
65.0,70.0,67.5,142,1.0,1.0,0.0,535.5472892040121,149.6120871353537,151.86746931196623,0.2835743404428169,108.0286496228776,80.69781968487702,603.9156974963369,99.87109462651547,0.0675179060142985,0.37744731093521056,1513.552012511362,0.4893296403933099,0.1347517730496454,0.3499937112902251,0.023393024508328465,0.12307764291763296,0.4749544918257305,0.044602796484915004,0.1649321873982748,0.016396424282211202,V3_FEEDING:T135:S0:W000065000,V3_FEEDING,FEEDING,135,V3_FEEDING:T135:S0
72.0,77.0,74.5,143,1.0,1.0,0.0,656.850210606483,82.61710335271053,497.92951481780034,0.7580564134371701,131.56435283203942,127.74967408520808,352.7548431900603,89.07357038766138,0.08222772052002465,0.22047177699378767,1323.6842930440027,0.2942467039617925,0.07746478873239436,0.19674734433630958,0.054595889079571934,0.20282997786998752,0.7693464128009644,0.1384616883967594,0.4519773006439209,0.01964032365697891,V3_FEEDING:T135:S2:W000072000,V3_FEEDING,FEEDING,135,V3_FEEDING:T135:S2
73.0,78.0,75.5,142,1.0,1.0,0.0,527.3493854488081,66.65100046654692,359.1254933011895,0.6810010653478826,106.37499832024572,88.80953675988368,352.7548431900603,85.77302998866112,0.06648437395015357,0.22047177699378767,1336.4554475762116,0.36255494090083246,0.1347517730496454,0.23926702248798287,0.060871834181106727,0.2118223786354065,0.8391794757663925,0.06605140238430397,0.25541489919026694,0.020869993445375157,V3_FEEDING:T135:S2:W000073000,V3_FEEDING,FEEDING,135,V3_FEEDING:T135:S2
74.0,79.0,76.5,142,1.0,1.0,0.0,527.2778334830828,199.14575237291857,408.26432377433633,0.7742869088150945,106.36056511819169,83.99576491065693,694.0148174186895,97.00349792765724,0.06647535319886982,0.43375926088668093,1260.9040541490003,0.3721809484059937,0.1276595744680851,0.28872320719168215,0.08666121376690308,0.31921023726463316,0.8701945154879575,0.012753195984959977,0.06827907562255853,0.02016443819825325,V3_FEEDING:T135:S2:W000074000,V3_FEEDING,FEEDING,135,V3_FEEDING:T135:S2
75.0,80.0,77.5,142,1.0,1.0,0.0,547.6994051120938,102.30742682738122,456.98980801729476,0.8343806908531621,110.47993020645096,84.4493485433559,694.0148174186895,95.94543183384909,0.06904995637903184,0.43375926088668093,1220.7167584507106,0.3092440272301404,0.0851063829787234,0.3626261948699682,0.11753932881672953,0.3609627425670624,0.8721200981050589,0.009495437498207925,0.04964790344238279,0.01984027097538564,V3_FEEDING:T135:S2:W000075000,V3_FEEDING,FEEDING,135,V3_FEEDING:T135:S2
76.0,81.0,78.5,142,1.0,1.0,0.0,496.2710607974542,35.091868111227136,400.3558622768088,0.8067282054155647,100.10599180614885,70.80124759396504,694.0148174186895,97.67307489699394,0.06256624487884305,0.43375926088668093,1155.4472841627182,0.32607509584293676,0.14184397163120568,0.4289516569023401,0.11735232500827804,0.3111154317855835,0.8638619846021625,0.019473665123758914,0.05851472218831377,0.01968821375151285,V3_FEEDING:T135:S2:W000076000,V3_FEEDING,FEEDING,135,V3_FEEDING:T135:S2
77.0,82.0,79.5,142,1.0,1.0,0.0,477.97127061324795,64.06226758411381,363.76795655239346,0.7610665722349189,96.41462474700438,69.80825293651863,694.0148174186895,96.2077919029087,0.06025914046687774,0.43375926088668093,1169.1223518664638,0.3517377259607463,0.14184397163120568,0.4923200019648377,0.10034578146195951,0.283380663394928,0.8592601442560903,0.01940521956217831,0.05851472218831377,0.01936823377909482,V3_FEEDING:T135:S2:W000077000,V3_FEEDING,FEEDING,135,V3_FEEDING:T135:S2
78.0,83.0,80.5,142,1.0,1.0,0.0,452.4269956344544,40.62699515007545,305.01452866348444,0.674174024995462,91.26192658722826,61.07462648428613,694.0148174186895,95.40963621649446,0.05703870411701767,0.43375926088668093,1111.6089681749968,0.4159475958309574,0.14893617021276595,0.5437132493710852,0.06676163951730558,0.2540719270706177,0.8555658208372446,0.017310204788298148,0.05845781962076824,0.01880386312169806,V3_FEEDING:T135:S2:W000078000,V3_FEEDING,FEEDING,135,V3_FEEDING:T135:S2
79.0,84.0,81.5,143,1.0,1.0,0.0,281.3001061128338,32.30550625899846,73.52051901825153,0.2613597272827239,56.343235968742114,43.54766557431015,266.2797677533363,50.450048905523104,0.03521452248046382,0.16642485484583516,828.509393506433,0.4854231038436745,0.19718309859154928,0.5728458127775393,0.018694614357371478,0.09482612609863283,0.8533265184967114,0.014746436294307195,0.05812377929687507,0.019042367850450184,V3_FEEDING:T135:S2:W000079000,V3_FEEDING,FEEDING,135,V3_FEEDING:T135:S2
80.0,85.0,82.5,142,1.0,1.0,0.0,239.45543947443434,61.049453624022725,47.14926734497628,0.19690205179076842,48.30207956000193,40.63068016091044,217.83484792500042,40.10756953434222,0.030188799725001204,0.13614677995312527,770.2966546746322,0.5611981055584482,0.2198581560283688,0.5722963462413198,0.018742783723493656,0.06970677375793455,0.8554973956005114,0.01558997746067879,0.05453799565633144,0.019832590997957592,V3_FEEDING:T135:S2:W000080000,V3_FEEDING,FEEDING,135,V3_FEEDING:T135:S2
81.0,86.0,83.5,143,1.0,1.0,0.0,232.45147675396578,26.034677659719392,81.63894536390136,0.3512085468500193,46.559059600133345,38.66913607810672,217.83484792500042,41.56079202621745,0.02909941225008334,0.13614677995312527,761.1796960163757,0.6803844266632824,0.2746478873239437,0.5634380200526098,0.028321886276683594,0.08750021457672119,0.8646501974626022,0.010077413662973937,0.03922503789265952,0.01933181388296213,V3_FEEDING:T135:S2:W000081000,V3_FEEDING,FEEDING,135,V3_FEEDING:T135:S2
82.0,87.0,84.5,142,1.0,1.0,0.0,194.7089976849351,27.80618584185197,110.94685136947962,0.5698085485962302,39.27599021291044,30.07033937697699,157.85431403663418,34.48101757092442,0.024547493883069024,0.09865894627289636,630.7177138537834,0.671442876581961,0.2695035460992908,0.5489714711484773,0.03074942879482371,0.08964500427246092,0.8667259500619952,0.008169381828787278,0.02791118621826172,0.019792226472809954,V3_FEEDING:T135:S2:W000082000,V3_FEEDING,FEEDING,135,V3_FEEDING:T135:S2
83.0,88.0,85.5,142,1.0,1.0,0.0,540.896110831438,388.3288651561336,419.09345233715,0.7748132107900366,109.10759445022059,37.89912997501223,861.0907754490759,176.96248654564786,0.06819224653138786,0.5381817346556724,1087.9849186055592,0.5293410473969763,0.2198581560283688,0.5267629553734418,0.03271562715075476,0.14917904138565063,0.8369232081471475,0.0858100165486743,0.40917563438415533,0.020025128182903744,V3_FEEDING:T135:S2:W000083000,V3_FEEDING,FEEDING,135,V3_FEEDING:T135:S2
84.0,89.0,86.5,142,1.0,1.0,0.0,870.4372234563652,347.79637030509457,632.1357909519462,0.7262278931981302,175.5814280588335,63.52446908502967,861.0907754490759,217.16244991807432,0.10973839253677094,0.5381817346556724,1532.0429654392194,0.47992738694569925,0.1773049645390071,0.4963457614603176,0.04490435965232174,0.16072449684143064,0.7151360388652819,0.24435521819855022,0.6980206092198691,0.019489789822763,V3_FEEDING:T135:S2:W000084000,V3_FEEDING,FEEDING,135,V3_FEEDING:T135:S2
66.0,71.0,68.5,142,1.0,0.9929577464788732,0.007042253521126761,260.52816870288547,40.93318635598656,114.90240844889183,0.44103641084557793,52.55279378880865,39.57712317594645,289.04610323611695,54.80091783471983,0.032845496118005406,0.1806538145225731,696.972094881803,0.5371314983480695,0.24822695035460993,0.5937199933428159,0.024940619402450934,0.09305059909820557,0.2719532344542758,0.016852437474828837,0.063934866587321,0.01226107650849691,V3_FEEDING:T137:S0:W000066000,V3_FEEDING,FEEDING,137,V3_FEEDING:T137:S0
67.0,72.0,69.5,142,1.0,0.9929577464788732,0.007042253521126761,209.9339392325445,65.92446832975995,18.68383440419106,0.08899863677351816,42.34710999846644,36.469006469667065,142.27744516980675,32.12712276514951,0.02646694374904153,0.08892340323112922,651.7037651526715,0.5643611613468547,0.24822695035460993,0.6064762177601667,0.00654581607527094,0.03170685768127446,0.26793907894774777,0.007903455048746478,0.02851552963256837,0.012171820775248674,V3_FEEDING:T137:S0:W000067000,V3_FEEDING,FEEDING,137,V3_FEEDING:T137:S0
68.0,73.0,70.5,142,1.0,0.9929577464788732,0.007042253521126761,255.60571927482357,80.9110648174103,49.748548098409564,0.1946300272135955,51.55985520939618,43.71526467885236,215.38093370311248,41.59515366649555,0.03222490950587261,0.1346130835644453,781.2666211357347,0.542124347195469,0.23404255319148937,0.6004127855032263,0.014290515769650689,0.06232731342315678,0.26851229155567324,0.007053011127391922,0.026558836301167787,0.011980326807610712,V3_FEEDING:T137:S0:W000068000,V3_FEEDING,FEEDING,137,V3_FEEDING:T137:S0
69.0,74.0,71.5,142,1.0,1.0,0.0,332.45227156828065,101.24454096679442,129.0222825022703,0.38809264828792445,67.06106199316109,49.53658946900814,377.08968762186794,65.93453428566228,0.041913163745725686,0.23568105476366746,1020.4491575902106,0.522031043470906,0.20567375886524822,0.5875624418258667,0.028423161448004813,0.12637856006622322,0.26611900133706035,0.007512477434401025,0.026558836301167787,0.011602106186018335,V3_FEEDING:T137:S0:W000069000,V3_FEEDING,FEEDING,137,V3_FEEDING:T137:S0
70.0,75.0,72.5,143,1.0,1.0,0.0,712.5676127165991,45.93337956821244,592.8088098253239,0.8319334183114138,142.72431568465268,117.20359381096254,587.1643829208656,120.704228360399,0.0892026973029079,0.366977739325541,1613.4962108720445,0.36758124851775065,0.1056338028169014,0.26777248141857296,0.09088849938355044,0.2490675285458565,0.5602855271948523,0.1932537190645843,0.5206090569496156,0.020383450523256186,V3_FEEDING:T141:S0:W000070000,V3_FEEDING,FEEDING,141,V3_FEEDING:T141:S0
71.0,76.0,73.5,142,1.0,1.0,0.0,674.5935016016122,60.18302044316392,563.8967349964862,0.8359059695323021,136.0765454171285,105.56738805882011,587.1643829208656,124.74795235553076,0.08504784088570531,0.366977739325541,1591.6266396406988,0.3797151653931138,0.11347517730496454,0.31186242966164995,0.08443239887139692,0.243584430217743,0.661901980218753,0.1807442010678312,0.5131997426350912,0.020122725886483537,V3_FEEDING:T141:S0:W000071000,V3_FEEDING,FEEDING,141,V3_FEEDING:T141:S0
72.0,77.0,74.5,143,1.0,1.0,0.0,538.9228332509268,37.976526648028795,400.87804211762847,0.7438505429421589,107.94399185409519,67.07216609414331,507.5475223537074,109.94207381793963,0.06746499490880949,0.31721720147106713,1231.6058324178582,0.41122866999356733,0.14084507042253522,0.35637314719753665,0.048992498434442935,0.1778279006481171,0.7498228558849344,0.11448410566979654,0.3904600143432617,0.018071205006828468,V3_FEEDING:T141:S0:W000072000,V3_FEEDING,FEEDING,141,V3_FEEDING:T141:S0
74.0,79.0,76.5,142,1.0,1.0,0.0,213.19972574882812,27.681855884097292,103.51983252388699,0.48555330997866447,43.00587256607283,31.375446924665546,199.59085520743875,38.26531960426533,0.026878670353795518,0.12474428450464922,596.8203994823454,0.47343934271061716,0.28368794326241137,0.6928888772574948,0.02963790961858675,0.07681705951690665,0.7948055247185936,0.01361760891662082,0.051752217610677054,0.012547867123233166,V3_FEEDING:T145:S0:W000074000,V3_FEEDING,FEEDING,145,V3_FEEDING:T145:S0
75.0,80.0,77.5,142,1.0,0.9929577464788732,0.007042253521126761,302.2942585822276,109.03224196430963,78.11122359657466,0.25839466473137623,60.97769739797196,43.50356990667264,528.7048526988269,76.1301256899863,0.03811106087373247,0.33044053293676684,1036.367124967498,0.4712674091024275,0.23404255319148937,0.7055342459342849,0.024882630600317056,0.07450940608978274,0.7855528135254909,0.02204920374179009,0.08661203384399407,0.01350433468475516,V3_FEEDING:T145:S0:W000075000,V3_FEEDING,FEEDING,145,V3_FEEDING:T145:S0
76.0,81.0,78.5,142,1.0,0.9929577464788732,0.007042253521126761,293.64103994772495,21.05737776523974,87.37246550898686,0.2975485494961509,59.23220163537352,38.09830857440206,528.7048526988269,75.76835983931147,0.03702012602210845,0.33044053293676684,1071.464778969056,0.5068101165372868,0.20567375886524822,0.7148264357741451,0.012227821188443469,0.06140444278717039,0.7727635191080157,0.03146173655739567,0.09450397491455076,0.01405285237238244,V3_FEEDING:T145:S0:W000076000,V3_FEEDING,FEEDING,145,V3_FEEDING:T145:S0
77.0,82.0,79.5,142,1.0,0.9929577464788732,0.007042253521126761,224.30356440992693,22.911614165467668,81.0053470832211,0.36114159530331597,45.24569847943289,28.600469897819174,528.7048526988269,72.94801035965175,0.028278561549645545,0.33044053293676684,940.6543790199199,0.5411005969130279,0.3049645390070922,0.7174027065156211,0.007155834033265689,0.029330515861511253,0.7562335903096087,0.030916113349358804,0.09631039301554356,0.014301835036630293,V3_FEEDING:T145:S0:W000077000,V3_FEEDING,FEEDING,145,V3_FEEDING:T145:S0
78.0,83.0,80.5,142,1.0,0.9929577464788732,0.007042253521126761,202.80000113856835,18.38883836108453,40.04807610120818,0.19747571931148214,40.90807797585843,21.312818340442764,528.7048526988269,73.6539160980195,0.025567548734911523,0.33044053293676684,902.5335182904206,0.6171347517193838,0.40425531914893614,0.7164042934565478,0.007056319335179152,0.029330515861511253,0.743548982915744,0.018773629954799604,0.06316000620524087,0.014268880867106922,V3_FEEDING:T145:S0:W000078000,V3_FEEDING,FEEDING,145,V3_FEEDING:T145:S0
79.0,84.0,81.5,143,1.0,0.993006993006993,0.006993006993006993,219.3767209539318,44.34517472060155,18.39333195747707,0.08384359050265681,43.94024064035806,22.0420245991643,528.7048526988269,73.9654509335606,0.02746265040022379,0.33044053293676684,968.0349488313184,0.6258773179540612,0.4014084507042254,0.7145144746020123,0.0056770237494370955,0.029330515861511253,0.7406283271896257,0.015063500200764036,0.05719235738118489,0.01380768435347943,V3_FEEDING:T145:S0:W000079000,V3_FEEDING,FEEDING,145,V3_FEEDING:T145:S0
80.0,85.0,82.5,142,1.0,1.0,0.0,154.81429983184157,41.853796292089356,88.46221334313915,0.5714085419707761,31.228576990843848,21.867917395887886,118.47595669090899,26.996043878966635,0.019517860619277405,0.07404747293181811,559.566831569733,0.5715963529859122,0.40425531914893614,0.7165321083136008,0.007642369094553318,0.03767316341400151,0.7500600861831449,0.02851167527065306,0.08668772379557288,0.013427204615384785,V3_FEEDING:T145:S0:W000080000,V3_FEEDING,FEEDING,145,V3_FEEDING:T145:S0
81.0,86.0,83.5,143,1.0,1.0,0.0,180.64579473591675,45.774010572321444,114.52575419956197,0.6339796305083403,36.18259793860181,23.130730433935945,222.960057050076,37.214438392116804,0.02261412371162613,0.1393500356562975,665.176041326283,0.5319313161999634,0.4084507042253521,0.7269534456146348,0.018539358071552332,0.06323339939117434,0.7671798792752352,0.03455757077271258,0.09144426981608067,0.012866674724805127,V3_FEEDING:T145:S0:W000081000,V3_FEEDING,FEEDING,145,V3_FEEDING:T145:S0
82.0,87.0,84.5,142,1.0,1.0,0.0,191.16137216553096,33.16826530592615,112.11330828796855,0.5864851618186079,38.560376107573525,24.81797378044135,222.960057050076,40.04061394602792,0.02410023506723345,0.1393500356562975,825.1065719607961,0.5505848953633112,0.3900709219858156,0.7402246980599954,0.02688279359296884,0.07606723308563235,0.7846549810937872,0.03045315197117779,0.07856286366780596,0.011945712243234185,V3_FEEDING:T145:S0:W000082000,V3_FEEDING,FEEDING,145,V3_FEEDING:T145:S0
83.0,88.0,85.5,142,1.0,1.0,0.0,184.49033838792013,12.233002337379817,110.1924924936083,0.5972805592773707,37.214719458549865,21.424689176393596,222.960057050076,40.64805622541441,0.023259199661593663,0.1393500356562975,820.750392881234,0.52291167785077,0.41843971631205673,0.7535547034841187,0.027793478136518498,0.07606723308563235,0.7987553377106715,0.022258202013919072,0.06748339335123699,0.011519537290890296,V3_FEEDING:T145:S0:W000083000,V3_FEEDING,FEEDING,145,V3_FEEDING:T145:S0
84.0,89.0,86.5,142,1.0,1.0,0.0,156.28525231168567,18.76052105938418,74.95250908400567,0.47958785602191695,31.52529217036148,16.74456699809588,222.960057050076,39.29810401347761,0.01970330760647592,0.1393500356562975,778.6628246166368,0.6091774222343026,0.48226950354609927,0.7670615422893577,0.02103479752054183,0.06349456310272217,0.8087942618159621,0.005894689817513568,0.03175830841064453,0.011328484110914774,V3_FEEDING:T145:S0:W000084000,V3_FEEDING,FEEDING,145,V3_FEEDING:T145:S0
85.0,90.0,87.5,142,1.0,1.0,0.0,138.79238122160524,23.405701547152518,32.15144412472072,0.23165136185238844,27.99669389345273,15.697439315108786,222.960057050076,37.510622726502405,0.01749793368340796,0.1393500356562975,697.3341812128192,0.6592543664509177,0.5035460992907801,0.7751167759089403,0.010221876372560473,0.04475724697113037,0.8084674909081258,0.005300945795427663,0.017429033915201786,0.010967226347724918,V3_FEEDING:T145:S0:W000085000,V3_FEEDING,FEEDING,145,V3_FEEDING:T145:S0
86.0,91.0,88.5,142,1.0,1.0,0.0,147.21775686894736,55.71164936064599,67.18639358541006,0.45637425141057614,29.696229998100108,19.251009157822278,151.2898194933563,31.26330610431933,0.018560143748812565,0.0945561371833477,622.7833750811757,0.6191124878260773,0.4397163120567376,0.7718543082895413,0.01611855064125095,0.06336622238159173,0.8056728047384342,0.006210514027186707,0.018285306294759107,0.011222950361290689,V3_FEEDING:T145:S0:W000086000,V3_FEEDING,FEEDING,145,V3_FEEDING:T145:S0
87.0,92.0,89.5,142,1.0,1.0,0.0,149.01808261256986,31.65147437015173,90.38923479625562,0.6065655470232925,30.059385153370062,24.156785107980262,131.226689560159,27.24209861755156,0.01878711572085629,0.08201668097509937,468.9271855750826,0.5513877045657456,0.3900709219858156,0.7603978474375228,0.024082762137365484,0.07101407051086428,0.8013055105164576,0.00785278593779304,0.02505261103312173,0.011814308925527066,V3_FEEDING:T145:S0:W000087000,V3_FEEDING,FEEDING,145,V3_FEEDING:T145:S0
88.0,93.0,90.5,143,1.0,1.0,0.0,185.4673698307346,47.754332556452894,109.84403765555615,0.5922553263994873,37.148339285315785,31.80944705123877,131.226689560159,28.896292681042514,0.023217712053322372,0.08201668097509937,576.1667085866214,0.5051033476502759,0.2676056338028169,0.7437336169756377,0.030919721835093297,0.0893908023834229,0.7964266625873415,0.007755880823667724,0.03361066182454431,0.011944913456711352,V3_FEEDING:T145:S0:W000088000,V3_FEEDING,FEEDING,145,V3_FEEDING:T145:S0
89.0,94.0,91.5,142,1.0,1.0,0.0,180.2526775375159,15.111163104111979,104.94481222318441,0.5822094498504318,36.35991393818359,30.79459349400174,131.226689560159,28.962842482203367,0.022724946211364744,0.08201668097509937,568.3670172379798,0.5468567262879671,0.2765957446808511,0.7270497041688838,0.028466690995431018,0.08356134891510014,0.7909461437816352,0.008339478561690244,0.025282573699951127,0.011523618780150112,V3_FEEDING:T145:S0:W000089000,V3_FEEDING,FEEDING,145,V3_FEEDING:T145:S0
79.0,84.0,81.5,143,1.0,1.0,0.0,96.86516193132161,16.875866352656942,53.4522441639874,0.5518211408337457,19.401687227439627,15.155162005101024,178.60020927935386,19.569584055743853,0.012126054517149768,0.11162513079959617,435.2041452741692,0.5490201966846435,0.5492957746478874,0.36839233328412463,0.012550682826483852,0.041274070739746094,0.8295721765442606,0.006867056347695164,0.026312859853108717,0.010165861624726503,V3_FEEDING:T153:S0:W000079000,V3_FEEDING,FEEDING,153,V3_FEEDING:T153:S0
80.0,85.0,82.5,142,1.0,1.0,0.0,81.86833736569727,8.9236137223387,50.21462669004091,0.613358330043243,16.514182987708217,11.467687397910593,178.60020927935386,19.140396675996524,0.01032136436731764,0.11162513079959617,413.1520518235616,0.6235729608353456,0.6453900709219859,0.3757168623763071,0.009767878529483536,0.0325996518135071,0.8332868435013463,0.009230435997665903,0.029727713267008515,0.009480231399466769,V3_FEEDING:T153:S0:W000080000,V3_FEEDING,FEEDING,153,V3_FEEDING:T153:S0
81.0,86.0,83.5,143,1.0,1.0,0.0,82.18128947449843,15.875070981657634,37.67508681556417,0.4584387402105084,16.460568924278224,11.665046277265201,178.60020927935386,18.667242074872583,0.010287855577673892,0.11162513079959617,390.744293070352,0.6354786728753372,0.6126760563380281,0.38219923331187317,0.0061113191490250055,0.028745317459106468,0.8368757041184218,0.007992416875986256,0.0256555557250977,0.009302719297397457,V3_FEEDING:T153:S0:W000081000,V3_FEEDING,FEEDING,153,V3_FEEDING:T153:S0
82.0,87.0,84.5,142,1.0,1.0,0.0,91.78525106641467,33.53900245792698,26.08243438139084,0.28416803438842164,18.514586718828998,12.711427915756317,93.49893077265793,16.930555380644435,0.011571616699268122,0.058436831732911206,383.69515155081564,0.6238962395219055,0.5602836879432624,0.38656918431671566,0.007070779082704835,0.023935389518737804,0.8386459762501605,0.006371919791132363,0.021942329406738237,0.009520028096041945,V3_FEEDING:T153:S0:W000082000,V3_FEEDING,FEEDING,153,V3_FEEDING:T153:S0
83.0,88.0,85.5,142,1.0,1.0,0.0,93.60165273290076,14.90223875047611,28.542012886849633,0.30493065083259135,18.88098465073695,13.084986762464135,93.49893077265793,17.120621288159793,0.011800615406710594,0.058436831732911206,385.9534517735804,0.581168400877121,0.5531914893617021,0.39027897740753603,0.0064504530521059264,0.02216384410858152,0.8403706870728256,0.00550378228381308,0.021942329406738237,0.009290794931193095,V3_FEEDING:T153:S0:W000083000,V3_FEEDING,FEEDING,153,V3_FEEDING:T153:S0
84.0,89.0,86.5,142,1.0,1.0,0.0,89.04139718690237,12.011991421892917,13.518624935914549,0.15182404323169227,17.96110650271841,13.045719046108514,93.49893077265793,16.97901117977622,0.011225691564199005,0.058436831732911206,357.2316719056064,0.6484080009936756,0.5815602836879432,0.3936344917391387,0.004843370998086083,0.01689810752868648,0.8400056980025602,0.005379731297211777,0.021942329406738237,0.009231762147520167,V3_FEEDING:T153:S0:W000084000,V3_FEEDING,FEEDING,153,V3_FEEDING:T153:S0
85.0,90.0,87.5,142,1.0,1.0,0.0,92.96991358721883,14.54022330382065,6.772052478986841,0.0728413334775632,18.75355252999321,14.453622309931717,93.49893077265793,16.94332605275344,0.011720970331245759,0.058436831732911206,360.5872483722692,0.570046236387971,0.5460992907801419,0.3946970210108959,0.0037882960700609454,0.015095829963684082,0.8387401453206236,0.00427638994222539,0.02113243738810211,0.009133633513034783,V3_FEEDING:T153:S0:W000085000,V3_FEEDING,FEEDING,153,V3_FEEDING:T153:S0
86.0,91.0,88.5,142,1.0,1.0,0.0,102.62801030863892,25.703065919223178,28.19158747633235,0.27469681416944774,20.701748642222526,15.570960470910158,93.49893077265793,18.29137166613652,0.012938592901389084,0.058436831732911206,400.3655466058353,0.544190946843282,0.524822695035461,0.39263324544463357,0.007022171770011857,0.02546515464782717,0.8406156940639299,0.0065393519441082435,0.02932551701863606,0.009237199529266663,V3_FEEDING:T153:S0:W000086000,V3_FEEDING,FEEDING,153,V3_FEEDING:T153:S0
87.0,92.0,89.5,142,1.0,1.0,0.0,98.8803840283162,30.54122273222117,7.71403093776327,0.07801376393880323,19.945791111457677,15.856279867758214,85.44676247023861,16.985199196785587,0.012466119444661047,0.05340422654389913,392.84368982929914,0.530025656877403,0.5106382978723404,0.39015377440922694,0.007602802532904097,0.02546515464782717,0.8438580862233336,0.005968461999901354,0.019489288330078125,0.00877488163371906,V3_FEEDING:T153:S0:W000087000,V3_FEEDING,FEEDING,153,V3_FEEDING:T153:S0
79.0,84.0,81.5,143,1.0,1.0,0.0,252.10929729929845,11.244401079888938,139.43532968483638,0.5530749209907238,50.49643892402416,15.44007710366655,474.7862348735028,88.85343816246586,0.0315602743275151,0.29674139679593925,702.8627010050853,0.6447040939214477,0.528169014084507,0.8186357581532085,0.0215233503137438,0.07564647197723384,0.24576616495639295,0.03886161048792365,0.1439896921316783,0.014200448474161792,V3_FEEDING:T154:S0:W000079000,V3_FEEDING,FEEDING,154,V3_FEEDING:T154:S0
80.0,85.0,82.5,142,1.0,1.0,0.0,83.52606410687537,16.55255874977292,36.78141355906078,0.4403585150618052,16.848573591308536,11.408744393569616,80.89934306399932,16.7634939121533,0.010530358494567836,0.05056208941499958,408.2647053267663,0.7545731293526015,0.624113475177305,0.8105229817645652,0.003946993462994818,0.012788558006286532,0.26538716112503985,0.007399313186409474,0.03596131006876632,0.015119367073124267,V3_FEEDING:T154:S0:W000080000,V3_FEEDING,FEEDING,154,V3_FEEDING:T154:S0
81.0,86.0,83.5,143,1.0,1.0,0.0,69.7131875547054,16.98133388997828,25.56382950059517,0.3667000519885093,13.963260202086383,10.839169908216089,65.28780704472506,13.373219789356302,0.00872703762630399,0.04080487940295316,374.8285501374127,0.7484862246416925,0.676056338028169,0.8121163438250135,0.0026444114660489682,0.01262588500976558,0.2712307885532334,0.00743268948127567,0.022127683957417765,0.015266742470750452,V3_FEEDING:T154:S0:W000081000,V3_FEEDING,FEEDING,154,V3_FEEDING:T154:S0
82.0,87.0,84.5,142,1.0,1.0,0.0,75.86812351316307,19.04642621574371,26.25938585442392,0.3461188261743146,15.303841691982816,12.468709379132783,65.28780704472506,14.15415791280858,0.00956490105748926,0.04080487940295316,389.807738540974,0.737197712157457,0.6028368794326241,0.8138644708714017,0.0019012943632922778,0.008299756050109797,0.2757535090468859,0.008164507174133914,0.027797889709472612,0.015437292095797006,V3_FEEDING:T154:S0:W000082000,V3_FEEDING,FEEDING,154,V3_FEEDING:T154:S0
83.0,88.0,85.5,142,1.0,1.0,0.0,85.38290553168147,18.371265075484054,15.128914909592085,0.1771890381966268,17.223128884051814,15.376720275742866,67.63899518115167,14.876288068770117,0.010764455552532384,0.042274371988219796,426.76017536183133,0.7142417349521686,0.5460992907801419,0.8147454253384765,0.0019237792454626687,0.008299756050109797,0.2799455609679782,0.006739389190183517,0.02205558617909742,0.015264348660926005,V3_FEEDING:T154:S0:W000083000,V3_FEEDING,FEEDING,154,V3_FEEDING:T154:S0
84.0,89.0,86.5,142,1.0,1.0,0.0,90.52325162771078,16.130221926826536,13.072463264929421,0.14441000549440833,18.26002078611647,16.468157161663594,67.63899518115167,15.46688955113626,0.011412512991322791,0.042274371988219796,434.1636000639916,0.7301032470803211,0.49645390070921985,0.8151271101454614,0.0019230393589612087,0.008299756050109797,0.2825585989884927,0.005149758181030893,0.021705206235249797,0.015063544711545796,V3_FEEDING:T154:S0:W000084000,V3_FEEDING,FEEDING,154,V3_FEEDING:T154:S0
85.0,90.0,87.5,142,1.0,1.0,0.0,104.84553590036785,31.755719757122506,12.105978352062236,0.11546489078530012,21.14905983211721,17.53647440212889,89.27902335821335,19.03734849904941,0.013218162395073254,0.055799389598883344,506.1300041311046,0.6901041266777741,0.46099290780141844,0.8134971825169843,0.004371588869094407,0.016087794303893954,0.2834573506189623,0.003710737119497822,0.018007739384969024,0.014876961696965441,V3_FEEDING:T154:S0:W000085000,V3_FEEDING,FEEDING,154,V3_FEEDING:T154:S0
86.0,91.0,88.5,142,1.0,1.0,0.0,119.73390421402969,30.486161598212554,16.010058016483423,0.13371365547276176,24.15228729015088,19.32212864769282,119.21803878450342,22.64304809797369,0.015095179556344297,0.07451127424031463,546.2302144109963,0.7367720467557753,0.425531914893617,0.8117363023086333,0.005894005711724017,0.017375612258911044,0.2821979849551205,0.004664933609159222,0.02212221622467042,0.014634378834672997,V3_FEEDING:T154:S0:W000086000,V3_FEEDING,FEEDING,154,V3_FEEDING:T154:S0
87.0,92.0,89.5,142,1.0,1.0,0.0,133.9362797203918,33.973760985486024,40.630527972024765,0.3033571490625685,27.017138776319054,20.548175119441545,119.21803878450342,25.096879225235874,0.01688571173519941,0.07451127424031463,574.0047044608214,0.7642287517340846,0.40425531914893614,0.8120049127390687,0.006371321751512767,0.02038464546203611,0.2767187876880448,0.010309691550573942,0.04232264359792068,0.01444400852093897,V3_FEEDING:T154:S0:W000087000,V3_FEEDING,FEEDING,154,V3_FEEDING:T154:S0
88.0,93.0,90.5,143,1.0,1.0,0.0,161.67892001720827,43.35567817332957,76.358078185496,0.4722822132741166,32.38361217697972,24.10831166133497,119.21803878450342,28.00483531655439,0.020239757610612315,0.07451127424031463,596.4447902572817,0.723208520002478,0.352112676056338,0.8105957431393069,0.0060260456835654775,0.02038464546203611,0.2632858199673099,0.024694678906443508,0.08159168561299648,0.01451482529456617,V3_FEEDING:T154:S0:W000088000,V3_FEEDING,FEEDING,154,V3_FEEDING:T154:S0
89.0,94.0,91.5,142,1.0,1.0,0.0,178.64660584179114,33.53562779959331,81.9838125051246,0.45891614967333444,36.03594300231406,28.303848735150552,125.17658681520379,29.759844593006076,0.022522464376446286,0.07823536675950236,642.6104050696729,0.6624038081618171,0.2978723404255319,0.8108588668662058,0.00673863022808935,0.030279684066772394,0.2467763902995508,0.03189824498314328,0.08643946647644041,0.01438253650993716,V3_FEEDING:T154:S0:W000089000,V3_FEEDING,FEEDING,154,V3_FEEDING:T154:S0
90.0,95.0,92.5,142,1.0,1.0,0.0,296.41523113825724,150.49742423323474,100.8237139122655,0.3401434991214679,59.7918013834287,32.51958006536269,439.0626025655594,75.63019309750887,0.03736987586464294,0.27441412660347464,941.4855773478236,0.604960848692881,0.2695035460992908,0.8137409477166726,0.008700649505540432,0.04107744693756099,0.22488377845623123,0.04148956203253733,0.1468045830726624,0.01446497890707191,V3_FEEDING:T154:S0:W000090000,V3_FEEDING,FEEDING,154,V3_FEEDING:T154:S0
91.0,96.0,93.5,142,1.0,1.0,0.0,340.20388461187315,71.25731331854027,48.27717732815852,0.14190660222247692,68.62468915808213,48.96759124586622,439.0626025655594,76.8523195741489,0.04289043072380134,0.27441412660347464,1036.4836723838125,0.5199005085446696,0.2127659574468085,0.8230484987648441,0.0153046689724298,0.0529276847839355,0.21406281239270042,0.03335181279074654,0.1349943359692892,0.014303154144185473,V3_FEEDING:T154:S0:W000091000,V3_FEEDING,FEEDING,154,V3_FEEDING:T154:S0
92.0,97.0,94.5,142,1.0,1.0,0.0,344.96913878371015,41.54961153849118,54.116428838705765,0.15687324677653516,69.58591888264725,48.976054062177724,439.0626025655594,76.44289805126468,0.043491199301654536,0.27441412660347464,1055.9947181293498,0.48936300863702115,0.20567375886524822,0.8284491582655571,0.017207514261445636,0.0529276847839355,0.21519196994707615,0.03540106316658937,0.15319586992263798,0.01389542244785403,V3_FEEDING:T154:S0:W000092000,V3_FEEDING,FEEDING,154,V3_FEEDING:T154:S0
93.0,98.0,95.5,142,1.0,1.0,0.0,320.84274980935874,18.425249737376642,101.38216476119811,0.3159870834589165,64.71923152615001,42.98654667715325,439.0626025655594,77.96043122231112,0.04044951970384376,0.27441412660347464,1048.6328686941004,0.5169459947165596,0.2695035460992908,0.8367997740356017,0.015829169905491654,0.0529276847839355,0.22906221334643206,0.0456498314549523,0.1583972970644633,0.013370099571591158,V3_FEEDING:T154:S0:W000093000,V3_FEEDING,FEEDING,154,V3_FEEDING:T154:S0
94.0,99.0,96.5,142,1.0,1.0,0.0,304.55503673861267,16.426022607148955,96.8157145952028,0.31789234429340874,61.43373333775851,32.29857589027983,439.0626025655594,78.50966421268697,0.03839608333609908,0.27441412660347464,1016.3396217880584,0.5892684686015908,0.3049645390070922,0.8447205415913757,0.013688586786874705,0.0578665494918823,0.2476067644189781,0.04945955746593911,0.165458635489146,0.013205822741158146,V3_FEEDING:T154:S0:W000094000,V3_FEEDING,FEEDING,154,V3_FEEDING:T154:S0
95.0,100.0,97.5,143,1.0,1.0,0.0,206.98071233313908,56.960987845157064,108.99404577591987,0.526590350121571,41.45737190474647,30.173538428495643,270.55857827000096,39.4138224204143,0.025910857440466548,0.16909911141875061,723.270478823216,0.6290020555574822,0.29577464788732394,0.8517605353068638,0.0060809200393624465,0.027562165260314853,0.274257690561957,0.030104108325164653,0.1174408475557964,0.012428446815075364,V3_FEEDING:T154:S0:W000095000,V3_FEEDING,FEEDING,154,V3_FEEDING:T154:S0
96.0,101.0,98.5,142,1.0,1.0,0.0,236.2525596007826,98.60786277196854,124.74385564991911,0.5280105995918526,47.656006291348014,31.89830770418844,236.8362581859708,47.97502408052104,0.029785003932092505,0.14802266136623174,761.7853875573259,0.589856313118813,0.2765957446808511,0.8521312488636501,0.009668256105763644,0.05156538486480711,0.2937828005199701,0.02134107551242867,0.11813048521677663,0.011910133359203419,V3_FEEDING:T154:S0:W000096000,V3_FEEDING,FEEDING,154,V3_FEEDING:T154:S0
104.0,109.0,106.5,143,1.0,1.0,0.0,179.80905260917206,30.644089965010995,31.82042659494284,0.17696787860901994,36.01500198656382,25.917683381987047,191.57476869283627,36.512734258850635,0.022509376241602385,0.11973423043302267,772.1124744530084,0.5874741098258007,0.36619718309859156,0.8707472447748783,0.008985124574422708,0.03307499885559084,0.4726345576884307,0.009006540991445364,0.02873919804890951,0.012135331602268859,V3_FEEDING:T154:S2:W000104000,V3_FEEDING,FEEDING,154,V3_FEEDING:T154:S2
83.0,88.0,85.5,142,1.0,1.0,0.0,361.9213578856708,19.231248655261098,246.5582678787658,0.6812481841888214,73.00545880864867,33.579593374399465,455.65958248811506,93.2013846654213,0.045628411755405426,0.2847872390550719,951.9664921380827,0.6012789173272608,0.2553191489361702,0.207135901106915,0.02905813951651495,0.0826013386249542,0.7983612647078964,0.09619515939676881,0.2353323300679525,0.015054761278313953,V3_FEEDING:T158:S0:W000083000,V3_FEEDING,FEEDING,158,V3_FEEDING:T158:S0
84.0,89.0,86.5,142,1.0,1.0,0.0,391.04379890146345,52.087787189456826,249.95727372616307,0.6392053126231728,78.87993159579354,37.94574388299265,455.65958248811506,93.09384014262298,0.04929995724737095,0.2847872390550719,1026.9605823519455,0.5243601485334897,0.2198581560283688,0.19256527062872764,0.01994118635072484,0.08135867416858669,0.8459010157786625,0.06366630753250116,0.2366984049479166,0.015127047776228626,V3_FEEDING:T158:S0:W000084000,V3_FEEDING,FEEDING,158,V3_FEEDING:T158:S0
85.0,90.0,87.5,142,1.0,1.0,0.0,256.14960830071846,62.27664871931639,70.57812954049658,0.27553479393822916,51.669566523777796,33.30622671350224,335.66535332315163,55.534207481398624,0.032293479077361124,0.20979084582696977,856.2208512550131,0.5989817763550597,0.23404255319148937,0.17799150041291406,0.015961214419575136,0.0665756076574325,0.8779153734305655,0.011161123527184893,0.06048351923624673,0.014829604659807698,V3_FEEDING:T158:S0:W000085000,V3_FEEDING,FEEDING,158,V3_FEEDING:T158:S0
86.0,91.0,88.5,142,1.0,1.0,0.0,289.0154774346689,99.0266058733539,103.39822685647542,0.3577601717881987,58.29915000369787,45.032240467957934,186.37413417393086,49.092146441799876,0.03643696875231116,0.11648383385870678,890.4604580143222,0.5768682117275414,0.19148936170212766,0.16981639152681322,0.021265887840569247,0.0697974264621734,0.8677610115266182,0.029393907203012336,0.12112185160319011,0.014884167010402488,V3_FEEDING:T158:S0:W000086000,V3_FEEDING,FEEDING,158,V3_FEEDING:T158:S0
87.0,92.0,89.5,142,1.0,1.0,0.0,315.10641783087954,76.42277543823815,163.20063190967863,0.5179222722060516,63.5621195214464,53.18384156572021,186.37413417393086,47.12687204419259,0.039726324700904,0.11648383385870678,875.2764081162476,0.5430509250139716,0.16312056737588654,0.16106993524541316,0.01685879793509014,0.05373611450195312,0.8425247360283221,0.05964134886051469,0.19105030695597336,0.01486684141296441,V3_FEEDING:T158:S0:W000087000,V3_FEEDING,FEEDING,158,V3_FEEDING:T158:S0
88.0,93.0,90.5,143,1.0,1.0,0.0,429.8504065934895,131.24931896461942,295.04722321339045,0.6863951241819279,86.09724050456616,78.60335943289692,199.20894973835883,51.49809811918581,0.053810775315353845,0.12450559358647427,957.1060968118741,0.4166465701695116,0.07042253521126761,0.15894075334072108,0.014948773915536584,0.05373611450195312,0.7927892644922218,0.10042975318353885,0.32796921730041506,0.014956889774019724,V3_FEEDING:T158:S0:W000088000,V3_FEEDING,FEEDING,158,V3_FEEDING:T158:S0
89.0,94.0,91.5,142,1.0,1.0,0.0,411.94035128989856,32.493990143285615,306.0191512110857,0.7428724820301181,83.095108073768,75.10842850338102,199.20894973835883,49.89987975162726,0.05193444254610499,0.12450559358647427,894.0852972046225,0.4147344269778827,0.04964539007092199,0.1571492866940901,0.012537687580406754,0.045669174194335915,0.7321836435738864,0.11724924157217921,0.32796921730041506,0.015335238803652304,V3_FEEDING:T158:S0:W000089000,V3_FEEDING,FEEDING,158,V3_FEEDING:T158:S0
90.0,95.0,92.5,142,1.0,1.0,0.0,413.7073110989418,64.92485349127716,335.7096424789455,0.811466545242314,83.45153277417616,75.11508976107079,212.62826073991056,49.869098960101724,0.052157207983860095,0.1328926629624441,774.3935099426913,0.3656808528317068,0.05673758865248227,0.1659262972188667,0.019328966866001707,0.08653320074081422,0.6674254539427064,0.10112172163079991,0.3322966416676839,0.015317333664657503,V3_FEEDING:T158:S0:W000090000,V3_FEEDING,FEEDING,158,V3_FEEDING:T158:S0
91.0,96.0,93.5,142,1.0,1.0,0.0,370.2183659284577,55.00581583516224,288.8992604296719,0.7803482674479199,74.67910106740024,65.23830787279405,212.62826073991056,48.607414843409536,0.046674438167125146,0.1328926629624441,751.4336338298357,0.38410027816426506,0.09219858156028368,0.18463061332282885,0.029187287709026784,0.10220002233982081,0.6068027815348666,0.07818943441925953,0.27038253148396807,0.015297055067915786,V3_FEEDING:T158:S0:W000091000,V3_FEEDING,FEEDING,158,V3_FEEDING:T158:S0
92.0,97.0,94.5,142,1.0,1.0,0.0,377.6246416167552,84.01421850147456,279.8713002071035,0.7411362219606954,76.17306803814287,62.24878800120778,245.4782025582872,54.849520962145064,0.04760816752383929,0.1534238765989295,766.7871219144403,0.37318169176233934,0.11347517730496454,0.20742811560630794,0.03960763659688265,0.1470006585121154,0.5590311555235599,0.05180771607994715,0.22065528233846027,0.014995254864865295,V3_FEEDING:T158:S0:W000092000,V3_FEEDING,FEEDING,158,V3_FEEDING:T158:S0
93.0,98.0,95.5,142,1.0,1.0,0.0,325.5098379223092,76.09576624616791,210.66177701484096,0.6471748391983179,65.66065955066837,52.782933796320904,303.70951822130803,51.92549547044224,0.04103791221916773,0.18981844888831753,808.8671288112226,0.40839594836003346,0.12056737588652482,0.24130580962543752,0.05829566024765681,0.1767173886299133,0.5352473351877061,0.0314453777546798,0.09980020523071292,0.014190689947662432,V3_FEEDING:T158:S0:W000093000,V3_FEEDING,FEEDING,158,V3_FEEDING:T158:S0
94.0,99.0,96.5,142,1.0,1.0,0.0,328.88025761359944,35.86662609079565,179.79024191013596,0.5466738660894964,66.34052834144057,53.233419739637185,303.70951822130803,51.792788309234105,0.041462830213400366,0.18981844888831753,808.4977037414519,0.39090306105963263,0.12056737588652482,0.27008716757868373,0.05242248458505736,0.164047485589981,0.5233152199239238,0.02260943388237529,0.08865168889363612,0.012851024552006717,V3_FEEDING:T158:S0:W000094000,V3_FEEDING,FEEDING,158,V3_FEEDING:T158:S0
95.0,100.0,97.5,143,1.0,1.0,0.0,353.6777298960242,88.65966794444921,195.75544214244454,0.553485350067118,70.84017161524753,58.86845907307763,303.70951822130803,51.055176240173665,0.044275107259529704,0.18981844888831753,855.0419977020878,0.39857064180725094,0.1056338028169014,0.29909532370267217,0.04332653384959179,0.14475014209747308,0.5247012402905729,0.025912043961973778,0.11454601287841798,0.012280014026670786,V3_FEEDING:T158:S0:W000095000,V3_FEEDING,FEEDING,158,V3_FEEDING:T158:S0
96.0,101.0,98.5,142,1.0,1.0,0.0,369.3792931335953,67.9997073391015,197.24862628484956,0.5340002267358004,74.50984635770178,65.43811558013432,303.70951822130803,51.46005122239425,0.04656865397356362,0.18981844888831753,845.0523853315271,0.42990977081061416,0.09219858156028368,0.3266230735980289,0.035602713527286375,0.1281113982200623,0.5473737058505205,0.051455087567704366,0.1649413426717123,0.012329874026881115,V3_FEEDING:T158:S0:W000096000,V3_FEEDING,FEEDING,158,V3_FEEDING:T158:S0
97.0,102.0,99.5,143,1.0,1.0,0.0,306.24761386612533,25.477266050337136,166.30061362048065,0.5430266427910134,61.34011753981286,53.93687285174556,303.70951822130803,46.49840974214379,0.03833757346238304,0.18981844888831753,728.2835470905725,0.4641867390151494,0.14084507042253522,0.3437891576673601,0.0199650622985925,0.06812602281570429,0.578491226054016,0.058161695171370945,0.16684568723042809,0.012313573687384852,V3_FEEDING:T158:S0:W000097000,V3_FEEDING,FEEDING,158,V3_FEEDING:T158:S0
93.0,98.0,95.5,142,1.0,1.0,0.0,257.6452527540667,31.09590373447025,133.62111270962856,0.5186243925758476,51.97126247830606,44.1566496426853,222.85340373071787,41.679102977131315,0.03248203904894129,0.13928337733169868,933.494891669739,0.5370312954526291,0.2198581560283688,0.7092575315018775,0.03518662675800063,0.10394248962402342,0.8547443427950003,0.0070791970794905675,0.033374563852945904,0.013430783556880483,V3_FEEDING:T160:S1:W000093000,V3_FEEDING,FEEDING,160,V3_FEEDING:T160:S1
94.0,99.0,96.5,142,1.0,1.0,0.0,224.62491869869092,24.966509905994435,115.989199361575,0.5163683532242541,45.31052089673494,37.159614928795754,158.13631116023367,36.014956090228914,0.02831907556045934,0.09883519447514605,782.3468668264006,0.5932488698258181,0.23404255319148937,0.7286022048600963,0.027375231934608998,0.09187054634094238,0.8533215742155981,0.008748761720749388,0.03570372263590493,0.012044936639574504,V3_FEEDING:T160:S1:W000094000,V3_FEEDING,FEEDING,160,V3_FEEDING:T160:S1
95.0,100.0,97.5,143,1.0,1.0,0.0,237.16133977586685,78.35950081516465,81.72342913759448,0.34459001292043856,47.502425485381444,35.53321871462525,337.18971212013724,46.579633720859164,0.029689015928363403,0.2107435700750858,771.0556560763356,0.5888993614506547,0.23943661971830985,0.7411913765060318,0.014166136698262763,0.06017270088195803,0.8459454136294917,0.01915890484074448,0.09402160644531243,0.011525282606541743,V3_FEEDING:T160:S1:W000095000,V3_FEEDING,FEEDING,160,V3_FEEDING:T160:S1
96.0,101.0,98.5,142,1.0,1.0,0.0,334.8346652390257,163.3781225971123,231.67143338981117,0.6918979945652574,67.54162977178432,38.1534073702343,698.9709801359394,94.95340208123122,0.0422135186073652,0.4368568625849621,903.2485508624735,0.5201041285688128,0.20567375886524822,0.7363205515163045,0.024935622405153367,0.1374112367630005,0.8233024265844497,0.046628352294042816,0.1806492805480957,0.012033585790967846,V3_FEEDING:T160:S1:W000096000,V3_FEEDING,FEEDING,160,V3_FEEDING:T160:S1
97.0,102.0,99.5,143,1.0,1.0,0.0,369.56546274891673,59.12534108708529,285.7137882302617,0.7731073842914158,74.02241812595433,43.37500061914342,698.9709801359394,96.78247149161587,0.04626401132872146,0.4368568625849621,928.602296081876,0.45491472661040017,0.1619718309859155,0.7056432844041944,0.06263764392521652,0.18114488124847405,0.7860412593210215,0.07079698591589452,0.2105167388916015,0.013508191768742574,V3_FEEDING:T160:S1:W000097000,V3_FEEDING,FEEDING,160,V3_FEEDING:T160:S1
98.0,103.0,100.5,142,1.0,1.0,0.0,386.1744951742403,47.183629951162736,327.2392054480922,0.8473868925508488,77.89771337368713,49.19663229879471,698.9709801359394,96.30506988293426,0.04868607085855446,0.4368568625849621,933.4451511773728,0.40827116684064996,0.1347517730496454,0.6693617686419421,0.08107459587577065,0.21483511924743648,0.7441477860643272,0.07649753729396556,0.20272696812947588,0.015603493669637985,V3_FEEDING:T160:S1:W000098000,V3_FEEDING,FEEDING,160,V3_FEEDING:T160:S1
99.0,104.0,101.5,142,1.0,1.0,0.0,436.95403291147977,76.31350090850687,373.69403699803365,0.8552250553864058,88.14077687304882,55.784503492825685,698.9709801359394,97.67426733149418,0.0550879855456555,0.4368568625849621,989.0661952122601,0.32779068556812047,0.09929078014184398,0.6202071043807017,0.08939792939911821,0.26310822963714603,0.7069057925766065,0.06589905375256683,0.18683741887410477,0.017855904777994713,V3_FEEDING:T160:S1:W000099000,V3_FEEDING,FEEDING,160,V3_FEEDING:T160:S1
100.0,105.0,102.5,142,1.0,1.0,0.0,412.804772920496,51.59670208658143,346.3375512440883,0.8389863053031875,83.26947605833413,58.09751172263017,698.9709801359394,95.26922039222717,0.05204342253645884,0.4368568625849621,922.9515466461381,0.37035319713085196,0.1347517730496454,0.5649472815050206,0.07845134547503722,0.26122363805770876,0.6786534830997808,0.034697054484404924,0.12851845423380526,0.01898124712089255,V3_FEEDING:T160:S1:W000100000,V3_FEEDING,FEEDING,160,V3_FEEDING:T160:S1
101.0,106.0,103.5,142,1.0,1.0,0.0,411.0135456474251,171.20184229272863,324.2379908278906,0.7888742214496937,82.90815621342456,53.396379551578285,483.2863938628072,86.62755509298874,0.05181759763339035,0.3020539961642545,870.4557831309436,0.39204936833674053,0.14893617021276595,0.5112561540704378,0.06290883541677243,0.2391803383827209,0.6749856427241939,0.031100926074731767,0.15012667973836258,0.019981167305077093,V3_FEEDING:T160:S1:W000101000,V3_FEEDING,FEEDING,160,V3_FEEDING:T160:S1
102.0,107.0,104.5,142,1.0,1.0,0.0,469.3368471324409,113.93610234072646,379.9921296699747,0.8096362601650703,94.67292027438943,65.94011210458773,483.2863938628072,87.69765222773967,0.059170575171493385,0.3020539961642545,1000.0179575859827,0.3875219771156987,0.15602836879432624,0.4605321736402913,0.07666631790603583,0.2574066519737244,0.7101526305149419,0.07633929445999112,0.22638088862101235,0.020629621702537522,V3_FEEDING:T160:S1:W000102000,V3_FEEDING,FEEDING,160,V3_FEEDING:T160:S1
103.0,108.0,105.5,142,1.0,1.0,0.0,447.36575860839025,25.327554819435704,329.22035152359126,0.7359086948176118,90.24099227877561,60.89033804273026,483.2863938628072,90.30616466037233,0.05640062017423476,0.3020539961642545,1017.3835888655484,0.4603074043111072,0.22695035460992907,0.41569331086857214,0.0716274315641678,0.22361737489700323,0.7516257339799908,0.08837259250245363,0.22638088862101235,0.020464777430120963,V3_FEEDING:T160:S1:W000103000,V3_FEEDING,FEEDING,160,V3_FEEDING:T160:S1
104.0,109.0,106.5,143,1.0,1.0,0.0,404.61111679474084,36.810846357962056,288.66741037858117,0.7134440908726245,81.0419162088704,42.070598060658234,483.2863938628072,89.28404717132211,0.050651197630543994,0.3020539961642545,959.5915730396719,0.49923532498721473,0.2746478873239437,0.3823813370057752,0.05948633695125687,0.17308958768844607,0.7934158191814288,0.08034692938558582,0.20753412246704106,0.020486945895477185,V3_FEEDING:T160:S1:W000104000,V3_FEEDING,FEEDING,160,V3_FEEDING:T160:S1
105.0,110.0,107.5,142,1.0,1.0,0.0,466.9127911620721,103.69821790343482,333.2903387420999,0.7138171089992907,94.18394852834913,60.89033804273026,483.2863938628072,92.18671797684779,0.058864967830218204,0.3020539961642545,1063.129369047959,0.49036294359344157,0.23404255319148937,0.34185363251558487,0.051920948850575764,0.2167004823684692,0.8321402363933867,0.058710616289190755,0.20272483825683596,0.021289717568652916,V3_FEEDING:T160:S1:W000105000,V3_FEEDING,FEEDING,160,V3_FEEDING:T160:S1
106.0,111.0,108.5,143,1.0,1.0,0.0,358.583820623507,67.30187272640926,221.16701182617876,0.6167791158050931,71.82284109007524,50.6448172597795,291.7200451290571,64.68637445793689,0.04488927568129703,0.18232502820566068,941.502319894215,0.5129988639154562,0.2605633802816901,0.303513714566931,0.04692083338515772,0.1629275619983674,0.8645400267380936,0.016634793313981933,0.09835666020711253,0.02119123965677618,V3_FEEDING:T160:S1:W000106000,V3_FEEDING,FEEDING,160,V3_FEEDING:T160:S1
107.0,112.0,109.5,142,1.0,1.0,0.0,272.30920614198254,27.7721389829226,139.54949447600924,0.5124670460213816,54.92922177445733,29.568489510086387,291.7200451290571,59.211474954556216,0.03433076360903583,0.18232502820566068,901.6544318335127,0.6456835523759168,0.3546099290780142,0.27796204509869427,0.05200265684371425,0.13040317893028258,0.8733349938907534,0.013539128098406525,0.04200913111368809,0.020560696717667918,V3_FEEDING:T160:S1:W000107000,V3_FEEDING,FEEDING,160,V3_FEEDING:T160:S1
108.0,113.0,110.5,142,1.0,1.0,0.0,299.05682793049607,52.570110689980446,125.2640906395223,0.41886383770724334,60.32465467214119,44.15593767419914,291.7200451290571,58.276075621911495,0.03770290917008824,0.18232502820566068,923.5082651641309,0.6170522562977668,0.28368794326241137,0.2571411541649992,0.046945902907561225,0.13040317893028258,0.8770765472465837,0.01202540987426153,0.04200913111368809,0.02051977372648285,V3_FEEDING:T160:S1:W000108000,V3_FEEDING,FEEDING,160,V3_FEEDING:T160:S1
109.0,114.0,111.5,142,1.0,1.0,0.0,448.51576348940733,195.4502457087964,101.12219900421842,0.22545963204837646,90.47296707700515,72.64770259570365,410.70003529109914,81.92211861769029,0.05654560442312822,0.25668752205693696,1082.6520335256616,0.5298540432095755,0.20567375886524822,0.25101179593885453,0.0422476782021722,0.1839141428470612,0.8793333467743207,0.009535718684642194,0.03421131769816077,0.020531333894439712,V3_FEEDING:T160:S1:W000109000,V3_FEEDING,FEEDING,160,V3_FEEDING:T160:S1
110.0,115.0,112.5,142,1.0,1.0,0.0,562.7837363131742,213.12561750233974,376.5291713734381,0.6690477124305341,113.52268658476973,86.36625308300623,486.7979287120355,103.333661596527,0.07095167911548109,0.3042487054450222,1216.6362391209934,0.43869327298258276,0.1773049645390071,0.2891624352461855,0.0975725053142453,0.3204664170742036,0.8758559531449153,0.018555702535133056,0.12157379786173494,0.01982926528523161,V3_FEEDING:T160:S1:W000110000,V3_FEEDING,FEEDING,160,V3_FEEDING:T160:S1
111.0,116.0,113.5,142,1.0,1.0,0.0,875.4966523064559,371.20893185287497,622.3630376538637,0.7108685521689623,176.60199762861035,160.15254763102718,578.6305912035316,144.63630087284344,0.11037624851788148,0.36164411950220726,1477.6013111343225,0.37473671849437773,0.14184397163120568,0.3524922407428983,0.1334014175046391,0.3404948115348817,0.8122610590267629,0.1327477594915395,0.5022969563802084,0.01954259954652221,V3_FEEDING:T160:S1:W000111000,V3_FEEDING,FEEDING,160,V3_FEEDING:T160:S1
95.0,100.0,97.5,143,1.0,1.0,0.0,111.6972791691358,23.070610948645893,16.654182422057218,0.14910105730363307,22.37249834085883,16.128780551770273,131.9322686456854,22.3151213569327,0.013982811463036765,0.08245766790355338,494.9438061283191,0.7074040723899546,0.49295774647887325,0.3829762351262819,0.006160376882835017,0.021700012683868397,0.7888749458295204,0.0044365865151536265,0.01776180267333982,0.009595378708332086,V3_FEEDING:T162:S0:W000095000,V3_FEEDING,FEEDING,162,V3_FEEDING:T162:S0
96.0,101.0,98.5,142,1.0,1.0,0.0,113.25033634333246,17.780507652552036,9.169222486350996,0.0809641965084621,22.844445581435743,16.94069465027059,131.9322686456854,22.41543254016299,0.014277778488397338,0.08245766790355338,502.206918355122,0.766077500176276,0.48226950354609927,0.38196728800384094,0.005203231799192292,0.018072080612182573,0.7904078438808101,0.005791937112448137,0.019826761881510446,0.00921762218713094,V3_FEEDING:T162:S0:W000096000,V3_FEEDING,FEEDING,162,V3_FEEDING:T162:S0
97.0,102.0,99.5,143,1.0,1.0,0.0,120.14809955539206,21.443887527913144,12.85827044069799,0.10702017333840491,24.06516235628405,17.59967393424022,131.9322686456854,22.368647695640686,0.015040726472677532,0.08245766790355338,501.3764336161734,0.7477325885800702,0.45774647887323944,0.38362820423566374,0.007057301042312908,0.02337995767593387,0.7913660436243444,0.00570933770152894,0.019826761881510446,0.0089260321988588,V3_FEEDING:T162:S0:W000097000,V3_FEEDING,FEEDING,162,V3_FEEDING:T162:S0
98.0,103.0,100.5,142,1.0,1.0,0.0,118.21315351282993,13.060730705110078,12.570787163166042,0.10634000354116013,23.84552699469986,17.83093701133642,131.9322686456854,22.391342296995774,0.014903454371687413,0.08245766790355338,506.20773259932656,0.7908748775109944,0.46099290780141844,0.38538929207224243,0.00836527939866871,0.023824191093444858,0.7931531962094732,0.003456704498496618,0.018278853098551484,0.008746080343682017,V3_FEEDING:T162:S0:W000098000,V3_FEEDING,FEEDING,162,V3_FEEDING:T162:S0
99.0,104.0,101.5,142,1.0,1.0,0.0,93.64121166757867,14.901314987345472,25.806980685496075,0.275594262674745,18.888964335033133,16.335405469192555,74.15053240863553,15.767832632165653,0.011805602709395707,0.046344082755397205,435.05644575254325,0.8605699480420957,0.49645390070921985,0.3888131134107079,0.007508533145724453,0.0244670391082763,0.7924904252441836,0.003973089273039779,0.015926265716552757,0.008738883055524737,V3_FEEDING:T162:S0:W000099000,V3_FEEDING,FEEDING,162,V3_FEEDING:T162:S0
100.0,105.0,102.5,142,1.0,1.0,0.0,86.99729267203989,16.608552907713463,19.507123613802484,0.2242267893018226,17.548777181143283,15.173612683825965,74.15053240863553,15.498530933672283,0.010967985738214552,0.046344082755397205,429.98511003260876,0.915618983264108,0.5460992907801419,0.39150568960418164,0.003959453032239378,0.012472319602966297,0.7895780408886116,0.006465212072262058,0.02324288686116538,0.009055802382164115,V3_FEEDING:T162:S0:W000100000,V3_FEEDING,FEEDING,162,V3_FEEDING:T162:S0
97.0,102.0,99.5,143,1.0,1.0,0.0,281.43891648549015,109.80840909701638,234.53859146956998,0.8333552246377478,56.37103910642823,28.45358680768416,237.06344378861579,62.47199342970848,0.03523189944151764,0.14816465236788487,644.7175525124944,0.5013127903886533,0.31690140845070425,0.8326477569299978,0.035938883602842364,0.18282077312469502,0.8350476560614881,0.005730027393556593,0.02309341430664058,0.011130658829451042,V3_FEEDING:T164:S1:W000097000,V3_FEEDING,FEEDING,164,V3_FEEDING:T164:S1
98.0,103.0,100.5,142,1.0,1.0,0.0,313.96401796979814,109.06530217092228,180.6062959301346,0.5752452051607648,63.33167878015109,35.53325555265334,274.74789331692784,68.2836436281694,0.03958229923759443,0.1717174333230799,652.1253272584736,0.44771197397276835,0.2978723404255319,0.7942690703230844,0.058477629475068856,0.17688837051391604,0.8324208407334878,0.005202211310389572,0.02309341430664058,0.011761407780652428,V3_FEEDING:T164:S1:W000098000,V3_FEEDING,FEEDING,164,V3_FEEDING:T164:S1
99.0,104.0,101.5,142,1.0,1.0,0.0,377.58682552006354,89.63894755634324,114.40451398346543,0.30298862738627624,76.16543991277916,53.02323322540036,274.74789331692784,68.84593868974504,0.04760339994548698,0.1717174333230799,805.8398844962145,0.36950340693910044,0.2127659574468085,0.7739142503536922,0.05679349840448339,0.17452352046966557,0.8305537962577713,0.004607500822983859,0.023667844136555982,0.012056672666565202,V3_FEEDING:T164:S1:W000099000,V3_FEEDING,FEEDING,164,V3_FEEDING:T164:S1
100.0,105.0,102.5,142,1.0,1.0,0.0,402.8555892210174,50.92001810308732,69.07572859383279,0.17146523578685163,81.26256294053334,64.03185302828835,274.74789331692784,67.95582344420806,0.050789101837833334,0.1717174333230799,897.5581639631938,0.3256584099566938,0.15602836879432624,0.7582711750352886,0.04624922421337865,0.16034340858459473,0.8279674897171521,0.0053425674956877715,0.027648512522379542,0.01199784803287297,V3_FEEDING:T164:S1:W000100000,V3_FEEDING,FEEDING,164,V3_FEEDING:T164:S1
101.0,106.0,103.5,142,1.0,1.0,0.0,398.664643119613,25.693031596006513,29.599245871401372,0.07424597686863489,80.41718054927954,64.03185302828835,274.74789331692784,68.88084577859456,0.0502607378432997,0.1717174333230799,954.9274597630753,0.32127709151793393,0.1773049645390071,0.7507927290150817,0.03775541001200884,0.1373628616333008,0.8263851013541782,0.005722108025143575,0.027648512522379542,0.01194763782154372,V3_FEEDING:T164:S1:W000101000,V3_FEEDING,FEEDING,164,V3_FEEDING:T164:S1
102.0,107.0,104.5,142,1.0,1.0,0.0,336.3827223950994,51.68246139832642,69.6469514395824,0.2070467559798697,67.85389822590562,55.31179912995723,274.74789331692784,58.838458574921766,0.042408686391191025,0.1717174333230799,945.4880641031494,0.37391506455327933,0.19858156028368795,0.7503812225771621,0.0357352562745501,0.11687600612640381,0.8283945264950604,0.007980716443720299,0.044183444976806596,0.011894756991197698,V3_FEEDING:T164:S1:W000102000,V3_FEEDING,FEEDING,164,V3_FEEDING:T164:S1
103.0,108.0,105.5,142,1.0,1.0,0.0,288.4354025658854,61.958286996415374,95.80418803164466,0.332151279556471,58.18213941281411,45.57015032032554,203.5815096266812,49.76041278014114,0.036363837133008815,0.12723844351667574,952.2776381985359,0.4446245794033124,0.2198581560283688,0.7674808725504809,0.018059971344571317,0.0761438131332397,0.8327280575120954,0.013314524961182565,0.05480063756306963,0.010889284896986704,V3_FEEDING:T164:S1:W000103000,V3_FEEDING,FEEDING,164,V3_FEEDING:T164:S1
104.0,109.0,106.5,143,1.0,1.0,0.0,261.510184471205,61.69858306048309,63.57884869529987,0.24312188385267483,52.379397347186796,39.14901615096704,200.3344115271879,48.076382288028384,0.03273712334199175,0.12520900720449243,988.4414333465554,0.4921239327109127,0.2535211267605634,0.7790977639751835,0.012738517975054459,0.049291682243347124,0.8334007289859798,0.013331714607523559,0.05480063756306963,0.01099678879961139,V3_FEEDING:T164:S1:W000104000,V3_FEEDING,FEEDING,164,V3_FEEDING:T164:S1
105.0,110.0,107.5,142,1.0,1.0,0.0,298.67045591179465,85.62621169018414,89.63696547379756,0.3001199606440811,60.24671711503796,48.43133887811632,212.31240294881434,52.79895739643012,0.03765419819689872,0.13269525184300895,969.5045452977108,0.4635714127511231,0.22695035460992907,0.7889515114502169,0.016167358187221936,0.08368453979492185,0.8348952416522961,0.012690676797966335,0.05262063344319656,0.011811896147965328,V3_FEEDING:T164:S1:W000105000,V3_FEEDING,FEEDING,164,V3_FEEDING:T164:S1
106.0,111.0,108.5,143,1.0,1.0,0.0,316.5821750607579,41.09818718268961,87.26470941665302,0.2756463133147194,63.41008696879334,49.23881529956254,212.31240294881434,53.196061510886615,0.03963130435549583,0.13269525184300895,996.0577766951917,0.5028077478452222,0.20422535211267606,0.8038122290497892,0.03091179753870004,0.09803719520568843,0.8396546246010662,0.01191297819134831,0.05235001246134441,0.01301158530416716,V3_FEEDING:T164:S1:W000106000,V3_FEEDING,FEEDING,164,V3_FEEDING:T164:S1
107.0,112.0,109.5,142,1.0,1.0,0.0,363.699519588536,103.92896543731936,194.93899306103705,0.5359891409303408,73.36414311429934,60.6365615636595,252.41162482764233,59.21635577714378,0.04585258944643708,0.15775726551727645,1177.183772672351,0.47633394111295907,0.16312056737588654,0.8260916850936243,0.04366758361349316,0.15974240303039555,0.8419705822993893,0.012914628774665829,0.05235001246134441,0.014699170974930523,V3_FEEDING:T164:S1:W000107000,V3_FEEDING,FEEDING,164,V3_FEEDING:T164:S1
108.0,113.0,110.5,142,1.0,1.0,0.0,326.5952794807279,25.28236921388526,146.23023451902534,0.44774142097682784,65.87961087049567,48.797900928693174,252.41162482764233,58.87226008747353,0.04117475679405979,0.15775726551727645,995.3503571449426,0.46839963605721247,0.20567375886524822,0.8521730938427884,0.04482885212882401,0.13529922962188723,0.8423013138659124,0.011628425791234588,0.044719250996907545,0.016507475802668887,V3_FEEDING:T164:S1:W000108000,V3_FEEDING,FEEDING,164,V3_FEEDING:T164:S1
109.0,114.0,111.5,142,1.0,1.0,0.0,280.54484086604396,18.704467938963212,125.2559050203851,0.44647374242819515,56.590484030773354,38.71700508535483,252.41162482764233,57.43997217806126,0.035369052519233356,0.15775726551727645,842.6551095399727,0.47505950347018516,0.2624113475177305,0.8729573058410429,0.03689275744068925,0.12455680370330813,0.8450536622687684,0.01023720543933996,0.044719250996907545,0.017732529088625708,V3_FEEDING:T164:S1:W000109000,V3_FEEDING,FEEDING,164,V3_FEEDING:T164:S1
110.0,115.0,112.5,142,1.0,1.0,0.0,214.05208009204608,22.004567402667988,74.70518813334206,0.3490047286679837,43.17780638135794,24.19583186541443,252.41162482764233,50.73500583778881,0.02698612898834872,0.15775726551727645,777.5232879401793,0.5352227038189407,0.3404255319148936,0.890950974276368,0.021073225265235664,0.07350540161132812,0.8479035361831737,0.006311553256502988,0.02927099863688143,0.01741286507971456,V3_FEEDING:T164:S1:W000110000,V3_FEEDING,FEEDING,164,V3_FEEDING:T164:S1
111.0,116.0,113.5,142,1.0,1.0,0.0,216.90052306562455,43.575048125018085,75.59492500046629,0.3485234794827793,43.75238392878781,24.34683992333943,252.41162482764233,51.01103981501302,0.02734523995549238,0.15775726551727645,770.5437133735112,0.5488364939097572,0.3617021276595745,0.9028540957141932,0.013294766861026477,0.06813640594482429,0.8435456206541105,0.011457547580271796,0.04666776657104488,0.017011129237679654,V3_FEEDING:T164:S1:W000111000,V3_FEEDING,FEEDING,164,V3_FEEDING:T164:S1
112.0,117.0,114.5,142,1.0,1.0,0.0,245.51688815229724,131.71565487875134,144.21703926399292,0.5874017072688428,49.52477292178135,24.34683992333943,329.75464646556173,64.10516849091937,0.03095298307611334,0.20609665404097607,738.4678529282708,0.5332281533156481,0.3475177304964539,0.8988906856993554,0.019610828815189052,0.10842442512512218,0.8369228266774208,0.014750344714734121,0.053476810455322266,0.016136507806895333,V3_FEEDING:T164:S1:W000112000,V3_FEEDING,FEEDING,164,V3_FEEDING:T164:S1
113.0,118.0,115.5,143,1.0,1.0,0.0,330.3914530949657,107.95545457171151,192.36885295887825,0.582245246227919,66.17602766320543,34.98987331979046,337.0410248755478,77.78098929944478,0.04136001728950339,0.21065064054721738,926.8159743827414,0.4752400705186521,0.2887323943661972,0.878534943407232,0.04168774615283999,0.16116700172424325,0.8245625260270837,0.021379203857904275,0.06638701756795251,0.01601769638062387,V3_FEEDING:T164:S1:W000113000,V3_FEEDING,FEEDING,164,V3_FEEDING:T164:S1
114.0,119.0,116.5,142,1.0,1.0,0.0,359.8539190799837,43.069910757577,176.28208993054227,0.4898712521492938,72.58842257887426,46.14929598276292,337.0410248755478,76.32745311688853,0.04536776411179641,0.21065064054721738,952.736329084703,0.40680594770208134,0.2127659574468085,0.8497813582420349,0.06299214172572011,0.1712282657623292,0.8147741631163117,0.020136308245983704,0.06392609278361006,0.01586770381805268,V3_FEEDING:T164:S1:W000114000,V3_FEEDING,FEEDING,164,V3_FEEDING:T164:S1
101.0,106.0,103.5,142,1.0,1.0,0.0,164.24942534244394,41.490392984581604,108.3880043920761,0.6598988347514625,33.13179616210968,25.36154157301511,138.0471959321567,30.05297672177595,0.02070737260131855,0.08627949745759794,597.1353963608013,0.5138276192051949,0.36879432624113473,0.8099284852054758,0.004100393387114573,0.018617558479309126,0.6627703415955737,0.03365620861466984,0.1126710255940756,0.009637301790248442,V3_FEEDING:T165:S0:W000101000,V3_FEEDING,FEEDING,165,V3_FEEDING:T165:S0
102.0,107.0,104.5,142,1.0,1.0,0.0,215.609965758765,68.78823578994641,164.04614685165913,0.760846773823071,43.49205740686902,29.659886602816954,154.05229011875483,36.80953473369503,0.02718253587929313,0.09628268132422177,666.9540229336184,0.4716573089986554,0.28368794326241137,0.8052730212748891,0.010507710630585696,0.040227532386779785,0.6334811528523764,0.0417098867908788,0.16374785105387368,0.00988656576234214,V3_FEEDING:T165:S0:W000102000,V3_FEEDING,FEEDING,165,V3_FEEDING:T165:S0
103.0,108.0,105.5,142,1.0,1.0,0.0,196.97312535874283,27.109929111935752,147.24628899366354,0.747545071062294,39.73270180515545,27.21790117384021,154.05229011875483,36.34984559241478,0.024832938628222154,0.09628268132422177,574.3110468440093,0.4884005866424846,0.3120567375886525,0.7973402303709111,0.01682307542162079,0.05122463703155522,0.6028026383807402,0.04616882285078083,0.14316706657409672,0.009917823353388913,V3_FEEDING:T165:S0:W000103000,V3_FEEDING,FEEDING,165,V3_FEEDING:T165:S0
104.0,109.0,106.5,143,1.0,1.0,0.0,233.24735727252698,72.78003611063346,200.45146712950702,0.859394376311406,46.71847114277245,32.3452045413715,154.05229011875483,37.69734711653342,0.02919904446423278,0.09628268132422177,661.046794953052,0.48703614416603946,0.22535211267605634,0.7868853777438611,0.024499367218883808,0.08133676052093508,0.5720563124943447,0.0569339440783152,0.1853845437367757,0.009771431695340803,V3_FEEDING:T165:S0:W000104000,V3_FEEDING,FEEDING,165,V3_FEEDING:T165:S0
101.0,106.0,103.5,142,1.0,1.0,0.0,175.22631799470525,85.98100381275574,45.70722340036133,0.2608467947248794,35.34601498868934,22.28490280861756,162.22956994263532,37.20686154230462,0.022091259367930837,0.10139348121414708,546.835890825551,0.6368124425386382,0.3829787234042553,0.7307256500485917,0.010419935587760271,0.035102891921997115,0.7359366155006516,0.015632999689840384,0.06290270487467442,0.01124347572732626,V3_FEEDING:T166:S0:W000101000,V3_FEEDING,FEEDING,166,V3_FEEDING:T166:S0
108.0,113.0,110.5,142,1.0,1.0,0.0,590.1066871764326,279.6867306863928,416.24276065413443,0.7053686557015484,119.03417276903635,72.79867259194675,580.7389546360067,115.64440695743569,0.0743963579806477,0.3629618466475042,1212.6256792289505,0.3867976724060584,0.09929078014184398,0.7343898507910716,0.022193619140158525,0.11013002395629878,0.7084775391878657,0.11586033784786554,0.4505078792572022,0.014613461838478644,V3_FEEDING:T166:S1:W000108000,V3_FEEDING,FEEDING,166,V3_FEEDING:T166:S1
4.0,9.0,6.5,142,1.0,1.0,0.0,653.2926200867691,317.20229002147454,402.8997697616944,0.6167217528160382,131.77980913965592,87.16396389580376,626.5997532725352,137.24778227927652,0.08236238071228498,0.39162484579533446,1126.506010681848,0.40214220879435664,0.09219858156028368,0.3510137497539252,0.012605069888176437,0.05707113742828379,0.7555989097541488,0.10473362128198223,0.49724119504292813,0.012163757302593422,V3_FEEDING:T17:S0:W000004000,V3_FEEDING,FEEDING,17,V3_FEEDING:T17:S0
7.0,12.0,9.5,142,1.0,1.0,0.0,428.81171584845276,67.08762185292348,168.48767668688427,0.3929176150271739,86.49833831561136,60.021664724361834,442.23505374378027,86.84366503852596,0.054061461447257105,0.27639690858986266,1173.8483438457683,0.4962694312389709,0.19148936170212766,0.5665312580659356,0.04881717514245583,0.129679298400879,0.7282976707942049,0.067438382443441,0.1824774424235026,0.012842978373291793,V3_FEEDING:T27:S0:W000007000,V3_FEEDING,FEEDING,27,V3_FEEDING:T27:S0
8.0,13.0,10.5,142,1.0,1.0,0.0,418.7130961381785,45.999316800266776,168.872031763044,0.40331203709786745,84.46128150970848,55.114199844695136,442.23505374378027,88.76334137975714,0.05278830094356781,0.27639690858986266,1144.688321865091,0.4499425314041591,0.2127659574468085,0.5857543575931603,0.05015999244900514,0.129679298400879,0.7520449457034258,0.06829711706063422,0.1824774424235026,0.012713593456424291,V3_FEEDING:T27:S0:W000008000,V3_FEEDING,FEEDING,27,V3_FEEDING:T27:S0
9.0,14.0,11.5,143,1.0,1.0,0.0,407.17080953941615,12.807076916215498,157.3537747595565,0.38645642338052694,81.55461197110598,50.45626495168999,442.23505374378027,89.93042182378731,0.05097163248194124,0.27639690858986266,1072.3749177126615,0.4280315444070565,0.2605633802816901,0.6042176805176103,0.03730340315609363,0.12573757171630862,0.775668186018795,0.058727443233437066,0.1824774424235026,0.013301410357293745,V3_FEEDING:T27:S0:W000009000,V3_FEEDING,FEEDING,27,V3_FEEDING:T27:S0
10.0,15.0,12.5,142,1.0,1.0,0.0,320.9423933466029,39.83154009549534,93.14106066574327,0.29021114878131804,64.73933125774818,34.82452422672403,347.7662575250473,73.74542106948381,0.04046208203609261,0.21735391095315457,891.9102412042308,0.48589855205317767,0.3191489361702128,0.6188630886480843,0.013792029090607097,0.05400745868682866,0.8030300270223841,0.021082787652753034,0.14123748143513992,0.014107714138854517,V3_FEEDING:T27:S0:W000010000,V3_FEEDING,FEEDING,27,V3_FEEDING:T27:S0
11.0,16.0,13.5,143,1.0,1.0,0.0,228.9981854212011,59.26364802643684,88.0287790304813,0.38440819462638165,45.86737977420133,28.36156189187966,225.52340869753,47.16019667557879,0.028667112358875837,0.14095213043595625,688.7376334755821,0.4868346880435286,0.34507042253521125,0.6243416616133044,0.014507799234205372,0.042369174957275324,0.7981148926528184,0.022608208917373175,0.10085604985555008,0.014154593400754582,V3_FEEDING:T27:S0:W000011000,V3_FEEDING,FEEDING,27,V3_FEEDING:T27:S0
12.0,17.0,14.5,142,1.0,1.0,0.0,331.4434261877386,169.86576237602907,121.60032972130784,0.3668811028173179,66.8575613755022,29.03136592603763,413.3005258295999,91.61662701848178,0.04178597585968888,0.2583128286434999,686.7598792721709,0.45560420045392414,0.3404255319148936,0.6185529530887871,0.022711719525685025,0.10306937694549556,0.7874424650075849,0.021725546017713763,0.06871690750122073,0.014213041932295169,V3_FEEDING:T27:S0:W000012000,V3_FEEDING,FEEDING,27,V3_FEEDING:T27:S0
13.0,18.0,15.5,142,1.0,1.0,0.0,413.7600194744284,119.07837069633405,70.48138143167263,0.17034362459959373,83.46216491580536,51.83470167349984,413.3005258295999,98.62497438925352,0.052163853072378356,0.2583128286434999,854.4900589925031,0.4605926033804232,0.3120567375886525,0.6124002763922786,0.025379891057698882,0.10306937694549556,0.776480341405376,0.02621826549929244,0.08357919057210295,0.015448752448957185,V3_FEEDING:T27:S0:W000013000,V3_FEEDING,FEEDING,27,V3_FEEDING:T27:S0
14.0,19.0,16.5,142,1.0,1.0,0.0,467.00043650479023,66.50609103235382,115.46266933158505,0.24724317218149044,94.20162802782544,70.08587084073544,413.3005258295999,97.24633484395082,0.05887601751739092,0.2583128286434999,1014.4611204080038,0.4647099113884866,0.22695035460992907,0.620936609489817,0.030986984393290284,0.12566120624542232,0.760656445686806,0.03172062886001963,0.10112943649291994,0.016479845636796955,V3_FEEDING:T27:S0:W000014000,V3_FEEDING,FEEDING,27,V3_FEEDING:T27:S0
15.0,20.0,17.5,142,1.0,1.0,0.0,531.6927231025652,106.74249058651397,174.81220985889533,0.3287842813398323,107.25112058068854,84.80714426186319,413.3005258295999,95.71357031800262,0.06703195036293033,0.2583128286434999,1125.181766193801,0.4329808905690258,0.1702127659574468,0.6378351935198608,0.04200867958065434,0.1761501550674438,0.7377368501654253,0.03592702698706906,0.15743544896443684,0.01722619745037091,V3_FEEDING:T27:S0:W000015000,V3_FEEDING,FEEDING,27,V3_FEEDING:T27:S0
12.0,17.0,14.5,142,1.0,0.9788732394366197,0.02112676056338028,989.1144011099445,87.97748246549665,119.14094839875014,0.1204521421031328,199.52055631401626,149.1087551524352,797.6405628541125,148.5714664978432,0.12470034769626015,0.49852535178382035,1766.6770343254627,0.216930813985472,0.0070921985815602835,0.4437702523150914,0.04645326813550841,0.15461685657501223,0.4224373712785927,0.1117625093991093,0.399960470199585,0.015754313784397605,V3_FEEDING:T40:S1:W000012000,V3_FEEDING,FEEDING,40,V3_FEEDING:T40:S1
13.0,18.0,15.5,142,1.0,0.9788732394366197,0.02112676056338028,983.1481222124391,72.96049446185667,88.2764177180938,0.08978954007402253,198.31706025388496,144.0206422891001,797.6405628541125,150.26658160929958,0.1239481626586781,0.49852535178382035,1760.0387850166933,0.26767668295311137,0.03546099290780142,0.43651545627016414,0.04207120838231206,0.1530182600021362,0.44034496512211546,0.12859707265247514,0.4575456937154134,0.015576027014071478,V3_FEEDING:T40:S1:W000013000,V3_FEEDING,FEEDING,40,V3_FEEDING:T40:S1
14.0,19.0,16.5,142,1.0,0.9929577464788732,0.007042253521126761,461.8593684803712,109.60006748781056,130.6810321042297,0.28294550467645996,93.16459050099391,63.83645032333158,708.3762984577163,100.30818432724551,0.0582278690631212,0.4427351865360727,1783.7819963888314,0.578235806166668,0.16312056737588654,0.7063652958668454,0.026905156933983498,0.09879090785980227,0.2408572686110304,0.031772375601877186,0.1294328808784485,0.013882807600436989,V3_FEEDING:T49:S0:W000014000,V3_FEEDING,FEEDING,49,V3_FEEDING:T49:S0
21.0,26.0,23.5,142,1.0,1.0,0.0,272.9412664909143,24.69099711291739,66.73676433603904,0.24450961627768583,55.05671868715045,28.041216415462028,535.4379528534523,84.81886767829438,0.03441044917946903,0.3346487205334077,986.36208761374,0.6973462667956323,0.3262411347517731,0.8255010252267542,0.015262762112584951,0.05847232341766351,0.18438950486026454,0.02467608192888741,0.08116403818130488,0.012218840758250544,V3_FEEDING:T49:S1:W000021000,V3_FEEDING,FEEDING,49,V3_FEEDING:T49:S1
22.0,27.0,24.5,142,1.0,1.0,0.0,285.0890617825318,47.46560123737217,33.70357885098504,0.11822122757096305,57.50712773169795,25.236495684935306,535.4379528534523,87.1646238249567,0.03594195483231122,0.3346487205334077,1081.4301574181527,0.6903559371395294,0.36879432624113473,0.8325789837770059,0.01816328982257003,0.0640187740325927,0.17693559558178892,0.02256823982090014,0.07825539509455368,0.01221868080889912,V3_FEEDING:T49:S1:W000022000,V3_FEEDING,FEEDING,49,V3_FEEDING:T49:S1
23.0,28.0,25.5,142,1.0,1.0,0.0,295.1855091998189,27.400120982642044,25.128159649873446,0.08512667074339184,59.543746350567474,26.207823205994796,535.4379528534523,87.12906449997284,0.03721484146910466,0.3346487205334077,1148.8124097598263,0.6653117954985929,0.3475177304964539,0.83584167168174,0.016401302548779084,0.0640187740325927,0.17474007992677282,0.020073246642551047,0.07818162043889368,0.012184707882586021,V3_FEEDING:T49:S1:W000023000,V3_FEEDING,FEEDING,49,V3_FEEDING:T49:S1
24.0,29.0,26.5,142,1.0,1.0,0.0,259.78492086258075,16.461598000569943,39.99237152799913,0.15394416040472966,52.40286854011074,23.526732078772618,535.4379528534523,86.33876809530086,0.03275179283756921,0.3346487205334077,1018.0929080193779,0.6729206636849221,0.3900709219858156,0.8390968065866282,0.013615574411603852,0.0640187740325927,0.17464975681103448,0.019219816128664382,0.069377609093984,0.012558497987769963,V3_FEEDING:T49:S1:W000024000,V3_FEEDING,FEEDING,49,V3_FEEDING:T49:S1
25.0,30.0,27.5,142,1.0,1.0,0.0,145.4492056558733,23.996811777019047,44.89988969617233,0.30869807431196,29.339484285464103,20.095395643749658,268.73128690081666,34.53902333936013,0.018337177678415063,0.16795705431301042,653.6146778607302,0.7614429736268906,0.4397163120567376,0.8421664944836792,0.009308969600612635,0.0287852764129638,0.1846345522594004,0.017958369674524084,0.04808073043823241,0.012762004804850065,V3_FEEDING:T49:S1:W000025000,V3_FEEDING,FEEDING,49,V3_FEEDING:T49:S1
26.0,31.0,28.5,142,1.0,1.0,0.0,139.0813436218924,18.827159021775618,48.36887228907156,0.3477739790936127,28.054982336928113,18.883446851847562,268.73128690081666,33.299685096246094,0.01753436396058007,0.16795705431301042,626.7319517927072,0.7329854153775385,0.46808510638297873,0.8394891246943407,0.008117560102989066,0.0287852764129638,0.1940414106342154,0.013683768887868411,0.047295880317688,0.01311694173900075,V3_FEEDING:T49:S1:W000026000,V3_FEEDING,FEEDING,49,V3_FEEDING:T49:S1
27.0,32.0,29.5,143,1.0,1.0,0.0,147.63717995589926,59.474587603059696,39.46527389461024,0.26731256927556407,29.57111030977824,23.119732330436065,153.04008798130877,27.81459939148239,0.0184819439436114,0.09565005498831798,575.2211060588927,0.6928968650358733,0.4084507042253521,0.8398733525843054,0.0094465234141776,0.04092111587524405,0.19883658421900996,0.007043529043683006,0.0316831986109416,0.013752572210604103,V3_FEEDING:T49:S1:W000027000,V3_FEEDING,FEEDING,49,V3_FEEDING:T49:S1
28.0,33.0,30.5,142,1.0,1.0,0.0,164.7913753172695,44.603571715106284,32.64182778773868,0.19807970972324265,33.2411163381685,25.28906514599424,171.6004182160023,32.014014557896935,0.020775697711355318,0.10725026138500145,714.237089095184,0.7237518866111551,0.3829787234042553,0.8460389724919493,0.01278461590686977,0.041123485565185525,0.19539757407327207,0.011390534301647106,0.0365623752276103,0.013916222155280248,V3_FEEDING:T49:S1:W000028000,V3_FEEDING,FEEDING,49,V3_FEEDING:T49:S1
16.0,21.0,18.5,142,1.0,1.0,0.0,571.3521759829601,84.8880723969149,331.63173792715196,0.580433140657265,115.25108104322565,96.61933256698065,480.5740202147933,84.95717602209801,0.07203192565201604,0.3003587626342458,1121.771158178625,0.28325779640656995,0.0851063829787234,0.33376723406180525,0.061666341621367866,0.2310046970844269,0.8145464729815022,0.08317062951900707,0.288516370455424,0.01872989458430997,V3_FEEDING:T56:S0:W000016000,V3_FEEDING,FEEDING,56,V3_FEEDING:T56:S0
17.0,22.0,19.5,142,1.0,1.0,0.0,672.5941250515802,276.50645670399285,518.5150440105457,0.770918187801271,135.67323845779677,97.45258496564341,572.0809605798936,120.72421689303019,0.08479577403612298,0.3575506003624335,1177.2581082760626,0.29942937968501965,0.09219858156028368,0.39923719356597304,0.10556229391193568,0.40618571043014523,0.8362564176460946,0.045392503360951915,0.1535441398620606,0.01987352633020748,V3_FEEDING:T56:S0:W000017000,V3_FEEDING,FEEDING,56,V3_FEEDING:T56:S0
18.0,23.0,20.5,143,1.0,1.0,0.0,601.8838534780236,66.66843732349906,469.6258755592275,0.7802599668448736,120.55482115134893,80.91704478066005,572.0809605798936,120.86516265843312,0.07534676321959309,0.3575506003624335,1126.0493707879557,0.3399100379664381,0.1267605633802817,0.47442733624598354,0.13382956192542617,0.36322286128997805,0.8252184612211925,0.057457508900950825,0.1701578458150228,0.019775301208125016,V3_FEEDING:T56:S0:W000018000,V3_FEEDING,FEEDING,56,V3_FEEDING:T56:S0
19.0,24.0,21.5,142,1.0,1.0,0.0,614.7765867691979,98.52483009439145,439.9930813271873,0.7156958979837849,124.010495108936,87.77379317541924,572.0809605798936,116.322467775248,0.07750655944308497,0.3575506003624335,1159.745012046135,0.3092408894725513,0.0851063829787234,0.5440414432908447,0.12964087788739126,0.33497010469436644,0.7851186732171287,0.07236080971974825,0.21238406499226892,0.020021728428051992,V3_FEEDING:T56:S0:W000019000,V3_FEEDING,FEEDING,56,V3_FEEDING:T56:S0
20.0,25.0,22.5,143,1.0,1.0,0.0,633.9140095065725,89.59996979295973,330.3914307100129,0.5211928207221415,126.97032758030241,90.36269783898013,572.0809605798936,117.62509412631623,0.079356454737689,0.3575506003624335,1269.524233406733,0.3631026361907936,0.1056338028169014,0.5945155491362085,0.09777641500711834,0.277724277973175,0.7441865194093931,0.07136263393772226,0.2190969785054525,0.0197564746337835,V3_FEEDING:T56:S0:W000020000,V3_FEEDING,FEEDING,56,V3_FEEDING:T56:S0
21.0,26.0,23.5,142,1.0,1.0,0.0,700.6940699530148,147.7035792223177,244.68931946279338,0.3492099190723864,141.34145705095082,103.50555260172864,572.0809605798936,121.85577299636313,0.08833841065684425,0.3575506003624335,1323.9270693673868,0.36345611983206044,0.0851063829787234,0.6378343838201442,0.04566748526190463,0.21694710254669192,0.7261469729069813,0.05222233910406025,0.1835637092590332,0.019251606505559064,V3_FEEDING:T56:S0:W000021000,V3_FEEDING,FEEDING,56,V3_FEEDING:T56:S0
22.0,27.0,24.5,142,1.0,1.0,0.0,466.31934128817807,44.67939136705588,39.15885283519896,0.08397432696448977,94.06423998012473,69.27948400395839,292.2673889755186,76.04035874778438,0.05879014998757796,0.18266711810969913,1062.4606620088166,0.41602128538022465,0.11347517730496454,0.6510095344462865,0.02092523295670422,0.06936287879943848,0.7285935410871192,0.05327631580242689,0.159736696879069,0.019070543814353896,V3_FEEDING:T56:S0:W000022000,V3_FEEDING,FEEDING,56,V3_FEEDING:T56:S0
23.0,28.0,25.5,142,1.0,1.0,0.0,497.09364152485716,100.68946736024313,139.3587250173278,0.28034702795601774,100.2719197960353,79.71952809496861,292.2673889755186,75.51762890955983,0.06266994987252207,0.18266711810969913,1066.723835066989,0.3868402054471431,0.09929078014184398,0.6499667756994006,0.02044878729857655,0.06936287879943848,0.742629969064059,0.06471610286961482,0.21705141067504885,0.018905330307703232,V3_FEEDING:T56:S0:W000023000,V3_FEEDING,FEEDING,56,V3_FEEDING:T56:S0
24.0,29.0,26.5,142,1.0,1.0,0.0,462.5070386088761,64.7577278451114,136.23895230613223,0.29456622479932487,93.29523616159963,69.29238060958208,292.2673889755186,75.76428313626099,0.05830952260099978,0.18266711810969913,1089.3756962390992,0.3987420192175645,0.09929078014184398,0.6464963708125369,0.016738060092145922,0.06015965938568113,0.774309724037636,0.06593300538782328,0.21950823465983071,0.019563628959071343,V3_FEEDING:T56:S0:W000024000,V3_FEEDING,FEEDING,56,V3_FEEDING:T56:S0
25.0,30.0,27.5,142,1.0,1.0,0.0,483.56329463465113,120.53421296550887,172.49877663500396,0.3567242976234017,97.54262747592928,75.99666217457008,307.5243135708035,76.6231643839683,0.0609641421724558,0.1922026959817522,1136.492698664104,0.36091074601514667,0.09219858156028368,0.6437093189064886,0.023568297865134768,0.10452525615692132,0.8062042592276989,0.0364251946396142,0.19286241531372061,0.02016462640969386,V3_FEEDING:T56:S0:W000025000,V3_FEEDING,FEEDING,56,V3_FEEDING:T56:S0
26.0,31.0,28.5,142,1.0,1.0,0.0,451.2137117681363,115.31218727377153,91.29788690968923,0.20233845853648208,91.01718738243717,75.99666217457008,307.5243135708035,64.87464897312803,0.056885742114023224,0.1922026959817522,1221.8047842893639,0.3547085691138386,0.0851063829787234,0.6335554465441638,0.03303704254718584,0.10452525615692132,0.8196842327923841,0.028411785476774018,0.09352569580078118,0.01943095689153651,V3_FEEDING:T56:S0:W000026000,V3_FEEDING,FEEDING,56,V3_FEEDING:T56:S0
27.0,32.0,29.5,143,1.0,1.0,0.0,717.8385414754035,307.03432361338577,329.90034350511144,0.45957457623695364,143.7800606928429,111.75450735031987,599.5335504117535,108.70978911530075,0.0898625379330268,0.37470846900734595,1401.6487026877196,0.26816932950924555,0.04929577464788732,0.619637289414039,0.038244279851885256,0.12101783752441397,0.7871279455287196,0.09276631606364967,0.4091437975565592,0.01834554556735486,V3_FEEDING:T56:S0:W000027000,V3_FEEDING,FEEDING,56,V3_FEEDING:T56:S0
33.0,38.0,35.5,142,1.0,1.0,0.0,590.3565905856051,163.510907731562,32.68932227436465,0.05537216454539523,119.08458237500973,91.75110464874969,706.4296464582688,111.54103040360407,0.07442786398438109,0.44151852903641803,1968.5805345075466,0.52805090760525,0.14184397163120568,0.5266258026512577,0.024332881033223397,0.09243690967559814,0.2435042419344047,0.026282433347715153,0.10180683930714929,0.017341739507099285,V3_FEEDING:T56:S1:W000033000,V3_FEEDING,FEEDING,56,V3_FEEDING:T56:S1
34.0,39.0,36.5,142,1.0,1.0,0.0,607.5330824995265,119.55876615142856,69.47149864314338,0.11435014922532638,122.54936179622031,104.19190932980455,706.4296464582688,106.1553923557109,0.0765933511226377,0.44151852903641803,1963.3748829631452,0.5076656752662876,0.14184397163120568,0.5208699542032161,0.02786207401657039,0.09243690967559814,0.24511252272296957,0.02960387004443387,0.12832319736480718,0.01727920148803722,V3_FEEDING:T56:S1:W000034000,V3_FEEDING,FEEDING,56,V3_FEEDING:T56:S1
35.0,40.0,37.5,142,1.0,1.0,0.0,622.6911804490696,123.55628105288588,224.77213359418917,0.36096887293648355,125.60699813450597,105.12206651327202,706.4296464582688,98.62672796380569,0.07850437383406624,0.44151852903641803,1793.390401205347,0.4123744798114551,0.10638297872340426,0.5189828212832062,0.027854010929043684,0.09243690967559814,0.2726735690949668,0.058074494269862866,0.2439913272857666,0.0163939749942826,V3_FEEDING:T56:S1:W000035000,V3_FEEDING,FEEDING,56,V3_FEEDING:T56:S1
36.0,41.0,38.5,143,1.0,1.0,0.0,540.4360832827517,46.20835936688449,184.1550883084913,0.3407527624541362,108.24708951303745,91.04974877494872,706.4296464582688,96.3658288088764,0.0676544309456484,0.44151852903641803,1587.5020922048764,0.4595650415700625,0.14788732394366197,0.5194881125763579,0.027125079415976968,0.09243690967559814,0.3161882158203836,0.08466177615571592,0.2740337053934734,0.01723533960081119,V3_FEEDING:T56:S1:W000036000,V3_FEEDING,FEEDING,56,V3_FEEDING:T56:S1
17.0,22.0,19.5,142,1.0,0.9929577464788732,0.007042253521126761,532.6128059345506,58.141572891699994,196.66188332789028,0.3692398701957925,107.43671634017424,67.34014850231236,692.4972280259764,104.52786945215317,0.0671479477126089,0.4328107675162352,1377.5804340984057,0.444257854253832,0.0851063829787234,0.6747024002209516,0.05014746111240935,0.20002434253692625,0.2729656996301642,0.04044339701807271,0.1328266660372416,0.013827779676674886,V3_FEEDING:T57:S0:W000017000,V3_FEEDING,FEEDING,57,V3_FEEDING:T57:S0
22.0,27.0,24.5,142,1.0,1.0,0.0,406.44327050299563,93.2062152441761,33.30951919997419,0.08195367377777432,81.98625694848414,70.89322938903487,251.57079022134116,63.034608115935775,0.051241410592802586,0.15723174388833822,982.8446798623353,0.40985736911443954,0.1347517730496454,0.6792589184264063,0.01894247815403072,0.07176163196563723,0.2957311386793432,0.039310719448892535,0.1267042795817057,0.012029524439411823,V3_FEEDING:T68:S0:W000022000,V3_FEEDING,FEEDING,68,V3_FEEDING:T68:S0
24.0,29.0,26.5,142,1.0,1.0,0.0,547.2690974870884,34.25482273726522,60.141561328270235,0.10989394724537528,110.3931301187844,72.36792938329724,444.00187573204573,112.80227060971771,0.06899570632424026,0.2775011723325286,1008.7687281781348,0.4372034293569195,0.1773049645390071,0.7661792865941222,0.022278738226052704,0.07079203128814693,0.6983974628045526,0.07525934213906546,0.2684637387593587,0.014219584061842849,V3_FEEDING:T71:S0:W000024000,V3_FEEDING,FEEDING,71,V3_FEEDING:T71:S0
25.0,30.0,27.5,142,1.0,1.0,0.0,588.8804816413348,105.9006178439606,56.38872749633991,0.09575580997212299,118.78682705225839,75.51404260572556,444.00187573204573,120.24434536578688,0.07424176690766149,0.2775011723325286,1078.6883531235032,0.4938657599877065,0.1773049645390071,0.7624055540057975,0.027050674307753857,0.08535399436950686,0.7141840912366697,0.059783188765338176,0.23665628433227537,0.014364353732108813,V3_FEEDING:T71:S0:W000025000,V3_FEEDING,FEEDING,71,V3_FEEDING:T71:S0
26.0,31.0,28.5,142,1.0,1.0,0.0,384.5487724940297,41.725978578677115,170.33126460079072,0.44293800106574305,77.5697785127614,53.78189199053982,377.82040156918634,80.6814480283075,0.04848111157047588,0.23613775098074147,874.6524964021391,0.5627456178779976,0.2198581560283688,0.7587116253208107,0.03164092105837998,0.09262349605560305,0.7059508442319056,0.04553308034156404,0.19490912755330403,0.01416364328658515,V3_FEEDING:T71:S0:W000026000,V3_FEEDING,FEEDING,71,V3_FEEDING:T71:S0
27.0,32.0,29.5,143,1.0,1.0,0.0,283.82354866216014,52.44273942336783,141.16597763802463,0.4973723227104627,56.84867096830557,38.443585469909564,377.82040156918634,66.22759737373144,0.035530419355190974,0.23613775098074147,769.6797808681232,0.6061567105111819,0.23943661971830985,0.7418529947320899,0.0370550851351984,0.11124541759490969,0.6864617232120398,0.013921967338301157,0.056144332885742165,0.014056189707657644,V3_FEEDING:T71:S0:W000027000,V3_FEEDING,FEEDING,71,V3_FEEDING:T71:S0
28.0,33.0,30.5,142,1.0,1.0,0.0,279.4824230044793,41.12642169102267,116.79921673722446,0.4179125666709727,56.376176967263525,41.855549818248235,377.82040156918634,65.10993743976404,0.0352351106045397,0.23613775098074147,729.3095003989049,0.5796115691278544,0.23404255319148937,0.7205227526140884,0.03306864309709874,0.09745171070098879,0.6840210860883686,0.011791796003230711,0.042782052357991485,0.014582728157787479,V3_FEEDING:T71:S0:W000028000,V3_FEEDING,FEEDING,71,V3_FEEDING:T71:S0
29.0,34.0,31.5,143,1.0,1.0,0.0,310.8102071119807,65.67064553815892,95.3657138159984,0.30682941433013955,62.25398590422014,45.433667131144716,377.82040156918634,66.09488090297768,0.038908741190137576,0.23613775098074147,835.882088366347,0.49729804503180614,0.176056338028169,0.7043283645923322,0.02311707697142868,0.09143176078796389,0.6833871945912465,0.012182307514414084,0.050594679514566976,0.015322798592095156,V3_FEEDING:T71:S0:W000029000,V3_FEEDING,FEEDING,71,V3_FEEDING:T71:S0
30.0,35.0,32.5,142,1.0,1.0,0.0,278.6126578436829,74.76907301270387,97.95568357411122,0.3515837519093256,56.20073110523803,42.69992844683878,296.52732181341815,50.775393389864064,0.03512545694077377,0.18532957613338635,732.663900270249,0.47799975260570754,0.18439716312056736,0.6949278826444921,0.011535385553044274,0.04025723934173586,0.676274355252584,0.022004291574911496,0.11601069768269856,0.015456148686460228,V3_FEEDING:T71:S0:W000030000,V3_FEEDING,FEEDING,71,V3_FEEDING:T71:S0
25.0,30.0,27.5,142,1.0,1.0,0.0,303.69155137208134,16.957847499768043,18.68735743847876,0.061534004993056605,61.25955421297048,48.69466322704302,255.23043871540787,53.30763823428793,0.03828722138310654,0.15951902419712993,735.161111730698,0.46070999347983804,0.24822695035460993,0.17981575658203847,0.024694796773125166,0.07985948920249938,0.8357799131545662,0.00822079696019129,0.03646917343139644,0.011912743993281254,V3_FEEDING:T77:S0:W000025000,V3_FEEDING,FEEDING,77,V3_FEEDING:T77:S0
26.0,31.0,28.5,142,1.0,1.0,0.0,247.77240196232512,13.698885859962559,48.78405772359497,0.19689060338129505,49.97974695678114,33.68476704844126,255.23043871540787,52.7196443460982,0.031237341847988206,0.15951902419712993,688.6697683351528,0.5432564300077516,0.3546099290780142,0.181079580603351,0.024486879044465327,0.07985948920249938,0.8358712838848992,0.007456393895260881,0.03142677942911787,0.011953881130152092,V3_FEEDING:T77:S0:W000026000,V3_FEEDING,FEEDING,77,V3_FEEDING:T77:S0
27.0,32.0,29.5,143,1.0,1.0,0.0,210.93383146931149,24.5863129418523,79.50810911749711,0.37693388757822216,42.24916515139585,28.322659307246546,255.23043871540787,48.622665686784686,0.02640572821962241,0.15951902419712993,546.9557170094223,0.5927798601180926,0.3732394366197183,0.19151596887545147,0.020368143949583823,0.07985948920249938,0.8299600732354298,0.006422959542570785,0.026276906331380245,0.01235999155132786,V3_FEEDING:T77:S0:W000027000,V3_FEEDING,FEEDING,77,V3_FEEDING:T77:S0
28.0,33.0,30.5,142,1.0,1.0,0.0,226.55756631238876,86.17699077459034,67.22837325990068,0.29673859211218256,45.70036753794329,28.387323903816927,255.23043871540787,51.32866175298335,0.028562729711214558,0.15951902419712993,678.6394767747578,0.6335249704893937,0.36879432624113473,0.20672306905330062,0.014888592260058706,0.054964983463287403,0.8269017846371647,0.008835759775890245,0.02864748636881509,0.012948775995659084,V3_FEEDING:T77:S0:W000028000,V3_FEEDING,FEEDING,77,V3_FEEDING:T77:S0
29.0,34.0,31.5,143,1.0,1.0,0.0,193.84220128690987,51.31000602492785,21.715407433384385,0.11202621147106641,38.82578303553096,27.392391919597777,193.87939837463455,41.01395924794237,0.024266114397206853,0.12117462398414659,623.3777637987401,0.6520269825701646,0.3591549295774648,0.2103841431074209,0.016672577717713303,0.054964983463287403,0.8265724044301848,0.008636561294712308,0.02864748636881509,0.012881906681947681,V3_FEEDING:T77:S0:W000029000,V3_FEEDING,FEEDING,77,V3_FEEDING:T77:S0
30.0,35.0,32.5,142,1.0,1.0,0.0,208.37894072959978,27.400103689974063,20.19880585856165,0.0969330479742306,42.033441361120786,29.601228696579017,193.87939837463455,41.5782830035216,0.026270900850700492,0.12117462398414659,627.6544024361673,0.5870583896843613,0.3191489361702128,0.2101786696155306,0.017155742585808997,0.0605029582977295,0.8249358291357336,0.007723361328070788,0.028233559926350904,0.012973623224527232,V3_FEEDING:T77:S0:W000030000,V3_FEEDING,FEEDING,77,V3_FEEDING:T77:S0
31.0,36.0,33.5,142,1.0,1.0,0.0,262.588942585943,66.46043953515344,64.66281442834557,0.24625109416852922,52.968485594653266,39.04873651689249,193.87939837463455,46.06889847288121,0.033105303496658293,0.12117462398414659,682.9753175680069,0.49207728764701314,0.2198581560283688,0.2072175961984715,0.01985803604142294,0.06431271433830268,0.8200588203931638,0.012307001732961157,0.07144006093343103,0.01320426090653976,V3_FEEDING:T77:S0:W000031000,V3_FEEDING,FEEDING,77,V3_FEEDING:T77:S0
32.0,37.0,34.5,142,1.0,1.0,0.0,477.79665753465645,235.02003655959487,282.0438454420255,0.5903010014706261,96.37940243243413,73.44044250013428,352.0992522742003,86.0332004013261,0.060237126520271335,0.2200620326713752,900.0619863014539,0.3594261477158217,0.1702127659574468,0.2068130661903972,0.020167395275924194,0.06431271433830268,0.783940542024066,0.07988355444830766,0.31848713556925456,0.014215444699989246,V3_FEEDING:T77:S0:W000032000,V3_FEEDING,FEEDING,77,V3_FEEDING:T77:S0
33.0,38.0,35.5,142,1.0,1.0,0.0,572.9827075313417,173.5615272090783,487.79997952319115,0.8513345570669056,115.57998593153295,92.13414493353298,352.0992522742003,91.25405863984528,0.0722374912072081,0.2200620326713752,821.0686023792343,0.31453973703618965,0.14184397163120568,0.20127320134303936,0.015559445247639744,0.06431271433830268,0.7037920913226169,0.1670992559213175,0.504573114713033,0.014684272543447991,V3_FEEDING:T77:S0:W000033000,V3_FEEDING,FEEDING,77,V3_FEEDING:T77:S0
29.0,34.0,31.5,143,1.0,1.0,0.0,403.90004365637765,77.236583651717,75.64822851027817,0.18729443014033623,80.89949123015427,72.77642714492862,321.6664676374478,59.12030629823359,0.05056218201884641,0.20104154227340487,1033.3268115949722,0.3583083985311656,0.11971830985915492,0.743736791777444,0.01681798983879022,0.0632829427719116,0.3064199845551889,0.054669489701981495,0.16793011824289958,0.014763392037676836,V3_FEEDING:T82:S0:W000029000,V3_FEEDING,FEEDING,82,V3_FEEDING:T82:S0
30.0,35.0,32.5,142,1.0,1.0,0.0,344.6421417749902,72.4188770757521,41.858651274909455,0.12145540606069617,69.51995823641577,63.46839188462103,233.03860999873365,52.81270486682902,0.043449973897759855,0.14564913124920853,901.8832972880526,0.4013135281843268,0.15602836879432624,0.7456166536035671,0.015168092342556816,0.05604898929595947,0.31948806360853665,0.03664404336171163,0.10855003992716478,0.015390750622467725,V3_FEEDING:T82:S0:W000030000,V3_FEEDING,FEEDING,82,V3_FEEDING:T82:S0
31.0,36.0,33.5,142,1.0,1.0,0.0,267.2708526451261,32.02201435401652,68.37385644221492,0.2558223456300324,53.912903448212894,43.09443412745599,233.03860999873365,45.042838184152934,0.033695564655133056,0.14564913124920853,843.6768341394428,0.4634164924987316,0.18439716312056736,0.7489182626697378,0.013402810902347184,0.05432360172271722,0.31845443550969516,0.034686043770202804,0.10512798627217618,0.015436380541932077,V3_FEEDING:T82:S0:W000031000,V3_FEEDING,FEEDING,82,V3_FEEDING:T82:S0
32.0,37.0,34.5,142,1.0,1.0,0.0,255.50596568255054,27.46914252865728,67.61426993332773,0.2646289285367765,51.53973327789637,38.66307766316846,233.03860999873365,45.6383977676359,0.03221233329868523,0.14564913124920853,797.8349813325782,0.524016779893291,0.22695035460992907,0.7559750303416185,0.008391749276276804,0.030592799186706543,0.3076919284225069,0.02826394591336108,0.10479025840759282,0.015289593548441822,V3_FEEDING:T82:S0:W000032000,V3_FEEDING,FEEDING,82,V3_FEEDING:T82:S0
33.0,38.0,35.5,142,1.0,1.0,0.0,255.2945307011674,41.5534331281133,60.56073407655462,0.23721908146729323,51.49708338313936,41.31135950965572,233.03860999873365,43.06304942959232,0.0321856771144621,0.14564913124920853,793.1202958634224,0.5726717707331945,0.18439716312056736,0.7603281242746702,0.008874448212917392,0.03936543464660647,0.2948147946680095,0.014816426840995815,0.0705522060394288,0.014953836534326886,V3_FEEDING:T82:S0:W000033000,V3_FEEDING,FEEDING,82,V3_FEEDING:T82:S0
34.0,39.0,36.5,142,1.0,0.9929577464788732,0.007042253521126761,265.91236157769157,87.55652778845484,52.56062266937311,0.19766144889814188,53.63887357541129,41.10918924191194,233.03860999873365,47.89799715614489,0.03352429598463206,0.14564913124920853,877.1934823555802,0.5659892182505122,0.19858156028368795,0.7624976967422055,0.010954833852575436,0.04005010128021247,0.2813499327836462,0.03061900403672393,0.11092226505279543,0.013845960035844979,V3_FEEDING:T82:S0:W000034000,V3_FEEDING,FEEDING,82,V3_FEEDING:T82:S0
35.0,40.0,37.5,142,1.0,0.9929577464788732,0.007042253521126761,276.5554849901671,78.90079064327614,23.781167306206072,0.08599058271092186,55.78576568596272,44.347066091686266,216.14531995173274,42.997393789895774,0.03486610355372671,0.13509082496983296,839.4553755502451,0.5090397839614029,0.15602836879432624,0.7646607571924237,0.009568085597241073,0.03651397228240971,0.2755886962995842,0.03321973962190102,0.11092226505279543,0.013270926258259964,V3_FEEDING:T82:S0:W000035000,V3_FEEDING,FEEDING,82,V3_FEEDING:T82:S0
36.0,41.0,38.5,143,1.0,0.993006993006993,0.006993006993006993,361.92068553513343,113.76434028413757,123.40088545272566,0.3409611287353359,72.49120119028794,54.27218561622611,278.84498827849336,59.25366681416759,0.045307000743929966,0.17427811767405835,1017.7335007872407,0.42421145154643586,0.11971830985915492,0.7514017681975466,0.03498827254221773,0.11968121528625497,0.2742802262306213,0.03243228465481126,0.11092226505279543,0.01297116966040423,V3_FEEDING:T82:S0:W000036000,V3_FEEDING,FEEDING,82,V3_FEEDING:T82:S0
34.0,39.0,36.5,142,1.0,1.0,0.0,230.86945021045395,50.37791841617569,61.483539950433105,0.2663130175706941,46.570145061289445,32.424304288358684,245.06160727037565,42.74404734306208,0.029106340663305908,0.15316350454398478,944.9093887389411,0.4668256900406993,0.2695035460992908,0.8486022789713363,0.011814133509439169,0.04515497684478764,0.200017542598393,0.022626105298710543,0.07920855681101482,0.013176849612184861,V3_FEEDING:T90:S0:W000034000,V3_FEEDING,FEEDING,90,V3_FEEDING:T90:S0
35.0,40.0,37.5,142,1.0,1.0,0.0,212.46965432790063,58.46797633174623,13.908943797845819,0.06546320151855847,42.85860521672563,29.804622674874253,182.31563434265792,38.148514216772234,0.026786628260453513,0.1139472714641612,953.4147425889981,0.535400548735922,0.28368794326241137,0.845708167552948,0.009242489388629972,0.030525231361389182,0.21018006493787805,0.010314109168816662,0.04578379789988199,0.012981882979861158,V3_FEEDING:T90:S0:W000035000,V3_FEEDING,FEEDING,90,V3_FEEDING:T90:S0
36.0,41.0,38.5,143,1.0,1.0,0.0,324.8386208765197,145.25585248385494,19.934770386544432,0.06136822749940869,65.06381856985462,40.20991954909859,410.9009523668179,67.2168853169169,0.040664886606159134,0.25681309522926116,1192.8140213829824,0.5196986331910589,0.2323943661971831,0.8415926354748386,0.016231853780521832,0.07243361473083498,0.20465561176513453,0.01983369741886787,0.07957897981007891,0.013207833708963217,V3_FEEDING:T90:S0:W000036000,V3_FEEDING,FEEDING,90,V3_FEEDING:T90:S0
37.0,42.0,39.5,142,1.0,1.0,0.0,327.56246468984045,30.464038950525914,38.7759479445255,0.11837726273442635,66.07470795002803,40.13588292232723,410.9009523668179,67.3423501346781,0.041296692468767514,0.25681309522926116,1235.1086809752455,0.5637818223218707,0.22695035460992907,0.8413878766583724,0.016308963820120082,0.07243361473083498,0.19889694715329734,0.02019537511432107,0.07957897981007891,0.013491840582627148,V3_FEEDING:T90:S0:W000037000,V3_FEEDING,FEEDING,90,V3_FEEDING:T90:S0
38.0,43.0,40.5,143,1.0,0.986013986013986,0.013986013986013986,440.7463434599597,150.22698879639196,35.17637213776801,0.07981092222257691,88.27965113516039,65.48788772199791,412.5595357121584,85.6538355381146,0.05517478195947525,0.25784970982009897,1594.633179807421,0.5586075510169591,0.18309859154929578,0.8388130924084803,0.018429271857355094,0.07243361473083498,0.1880193731167933,0.023608370442090285,0.0860992749532064,0.013364047929109786,V3_FEEDING:T90:S0:W000038000,V3_FEEDING,FEEDING,90,V3_FEEDING:T90:S0
39.0,44.0,41.5,142,1.0,0.9859154929577465,0.014084507042253521,433.66939287756156,41.79174760228061,38.892174119968125,0.0896816209737647,87.47821124249784,59.81413205940505,412.5595357121584,85.58740753524907,0.05467388202656114,0.25784970982009897,1526.560177559888,0.5861271948533726,0.19858156028368795,0.8403228377792199,0.020413386214942167,0.08058786392211914,0.17944602943921864,0.020383133723555064,0.0860992749532064,0.013020734039152463,V3_FEEDING:T90:S0:W000039000,V3_FEEDING,FEEDING,90,V3_FEEDING:T90:S0
40.0,45.0,42.5,142,1.0,0.9859154929577465,0.014084507042253521,420.13500711504753,47.60501788481731,60.151011162500524,0.1431706716741866,84.74810421577267,56.50259992701858,412.5595357121584,84.95577585453718,0.052967565134857925,0.25784970982009897,1412.2948651876409,0.5138016177793745,0.18439716312056736,0.8439936791507291,0.022867424456300408,0.08058786392211914,0.179129267046709,0.020020337925545067,0.08940189679463711,0.012791086538150984,V3_FEEDING:T90:S0:W000040000,V3_FEEDING,FEEDING,90,V3_FEEDING:T90:S0
41.0,46.0,43.5,142,1.0,0.9859154929577465,0.014084507042253521,309.6264954563595,31.26517849382422,62.11588276193015,0.20061552765494872,62.45672952864577,46.01667229029384,412.5595357121584,70.53825476120937,0.0390354559554036,0.25784970982009897,1160.0956317252649,0.6115897864589749,0.22695035460992907,0.8535323744928333,0.018039015981902357,0.07091301679611206,0.19261098101105484,0.029022242744499025,0.10372500419616709,0.012619704769762952,V3_FEEDING:T90:S0:W000041000,V3_FEEDING,FEEDING,90,V3_FEEDING:T90:S0
42.0,47.0,44.5,142,1.0,0.9859154929577465,0.014084507042253521,332.3687796656666,52.227655289875976,49.448911404452076,0.1487772451257103,67.04422031050129,48.662281984007855,412.5595357121584,73.97356298001544,0.041902637694063306,0.25784970982009897,1136.2493804389894,0.5942087363593435,0.2198581560283688,0.8556757091636389,0.01742369119858944,0.07091301679611206,0.20354137854397014,0.03445753523900756,0.1043396552403768,0.012509045435907678,V3_FEEDING:T90:S0:W000042000,V3_FEEDING,FEEDING,90,V3_FEEDING:T90:S0
43.0,48.0,45.5,142,1.0,1.0,0.0,331.8692758565872,149.29071432185282,193.3015305301286,0.5824628689450035,66.94346222047905,43.94708216433466,471.8112556269553,82.67572776479986,0.0418396638877994,0.29488203476684705,1066.0458654298195,0.5891098346711388,0.2127659574468085,0.8419285722181831,0.043994777803156936,0.15630176067352297,0.21709345651904183,0.02674937282535203,0.08261856635411571,0.01262333803762089,V3_FEEDING:T90:S0:W000043000,V3_FEEDING,FEEDING,90,V3_FEEDING:T90:S0
44.0,49.0,46.5,142,1.0,1.0,0.0,451.3687729555507,152.2823717169513,182.5636365805355,0.40446669667711765,91.04846576069144,55.72059318400757,471.8112556269553,97.31957704891953,0.056905291100432145,0.29488203476684705,1269.4199797274596,0.5596184303244428,0.19858156028368795,0.8082862363734716,0.06986643869329848,0.1994436025619507,0.21769482468215506,0.02666487540228494,0.0927186489105224,0.012413205312516102,V3_FEEDING:T90:S0:W000044000,V3_FEEDING,FEEDING,90,V3_FEEDING:T90:S0
45.0,50.0,47.5,143,1.0,1.0,0.0,505.58807545182464,99.05499593087787,191.67510270035015,0.3791131792992892,101.26717914119014,71.78256404719093,471.8112556269553,100.57436188214028,0.06329198696324384,0.29488203476684705,1622.9013573063507,0.5897336937467804,0.19718309859154928,0.7837009563312662,0.06611612453981401,0.1959750413894653,0.21024326919675704,0.03194796985380823,0.0927186489105224,0.012735163830302888,V3_FEEDING:T90:S0:W000045000,V3_FEEDING,FEEDING,90,V3_FEEDING:T90:S0
52.0,57.0,54.5,143,1.0,1.0,0.0,180.88284550938502,37.97832324150803,42.744290648334626,0.23630925601575004,36.23007821811787,31.3438734316751,140.68151875882776,29.29548939330743,0.02264379888632366,0.08792594922426736,699.0621397372518,0.592291058625702,0.2746478873239437,0.808244169175208,0.01196529685475943,0.03702068328857422,0.25357727398683416,0.01252719847272997,0.0520727475484212,0.013060024583345133,V3_FEEDING:T90:S2:W000052000,V3_FEEDING,FEEDING,90,V3_FEEDING:T90:S2
53.0,58.0,55.5,142,1.0,1.0,0.0,180.3370341717981,22.17618926908813,54.05904609422143,0.29976674698288575,36.376930051367864,29.97079815779262,140.68151875882776,30.181719230791657,0.022735581282104914,0.08792594922426736,726.185000860664,0.5977658118345076,0.2978723404255319,0.8133907133424787,0.009496600327399837,0.036204385757446333,0.2610014779466978,0.01844842461952191,0.056826424598693887,0.013299009752634577,V3_FEEDING:T90:S2:W000053000,V3_FEEDING,FEEDING,90,V3_FEEDING:T90:S2
54.0,59.0,56.5,143,1.0,0.9790209790209791,0.02097902097902098,205.56647202605262,70.97171104069818,33.558344957642696,0.16324814366318285,41.174105480002396,31.49252651094151,211.77899906090715,38.22158505770952,0.025733815925001492,0.13236187441306696,848.0782492039903,0.6376347349969325,0.3028169014084507,0.820459185321848,0.008484021415765508,0.03346681594848633,0.2654643006258077,0.0168661579016248,0.05394748051961268,0.012954193052780352,V3_FEEDING:T90:S2:W000054000,V3_FEEDING,FEEDING,90,V3_FEEDING:T90:S2
55.0,60.0,57.5,142,1.0,0.9577464788732394,0.04225352112676056,237.15085594750968,80.25247544422538,105.69188197445173,0.44567362640194425,47.83720736033728,34.5319831796467,211.77899906090715,44.42891133604131,0.02989825460021079,0.13236187441306696,866.5389453461514,0.5880204360612558,0.28368794326241137,0.8247716155270456,0.012807099687518836,0.041839003562927246,0.2561756672993512,0.03276503983575054,0.1300071676572164,0.012517083488649269,V3_FEEDING:T90:S2:W000055000,V3_FEEDING,FEEDING,90,V3_FEEDING:T90:S2
56.0,61.0,58.5,142,1.0,0.9577464788732394,0.04225352112676056,333.4539700384096,118.83217413024764,101.37659288644981,0.30401975083629246,67.26312096206695,42.78160405574791,359.57718006481275,68.2857414919716,0.04203945060129184,0.22473573754050796,1141.7636232347347,0.5280357567060497,0.2198581560283688,0.8305980499781355,0.014637642321794984,0.051566243171691895,0.23390987081706796,0.05444572282708108,0.16089836756388348,0.012172316882079665,V3_FEEDING:T90:S2:W000056000,V3_FEEDING,FEEDING,90,V3_FEEDING:T90:S2
57.0,62.0,59.5,142,1.0,0.9577464788732394,0.04225352112676056,355.7421301031134,55.827106383732506,92.20213069267416,0.2591824889167582,71.75900747462325,51.15371030004612,359.57718006481275,67.86963917920448,0.04484937967163953,0.22473573754050796,1161.3432975947821,0.5254754949822744,0.19148936170212766,0.8366973627201268,0.013228680372059256,0.048050546646118186,0.2154811472120419,0.05419141836006962,0.16089836756388348,0.012337428606364364,V3_FEEDING:T90:S2:W000057000,V3_FEEDING,FEEDING,90,V3_FEEDING:T90:S2
58.0,63.0,60.5,142,1.0,0.9577464788732394,0.04225352112676056,355.41701997898895,22.05777617622575,80.85288995682873,0.2274873892128421,71.69342744388489,51.15371030004612,359.57718006481275,67.63532531183394,0.044808392152428045,0.22473573754050796,1151.3578876384702,0.502961222103575,0.18439716312056736,0.8419187000519793,0.009733465649218733,0.048050546646118186,0.1995249010307688,0.04059366086321845,0.159006150563558,0.012532983262972096,V3_FEEDING:T90:S2:W000058000,V3_FEEDING,FEEDING,90,V3_FEEDING:T90:S2
59.0,64.0,61.5,142,1.0,0.9788732394366197,0.02112676056338028,301.599293591473,17.466255608226113,17.743562410741845,0.05883157814943736,60.83751158992212,34.37150896507581,359.57718006481275,67.63343703015829,0.038023444743701326,0.22473573754050796,969.8117062504587,0.5407606006284807,0.2907801418439716,0.8440293412812998,0.0083153198672721,0.048050546646118186,0.190218727913261,0.02776707351348724,0.10658857822418208,0.01314269017677006,V3_FEEDING:T90:S2:W000059000,V3_FEEDING,FEEDING,90,V3_FEEDING:T90:S2
60.0,65.0,62.5,142,1.0,1.0,0.0,233.9950292060116,13.336586207159202,64.7201188575212,0.2765875799888935,47.200625478213595,24.215806439156548,359.57718006481275,65.9973490762961,0.029500390923883495,0.22473573754050796,827.2475387297036,0.6638117724917958,0.3900709219858156,0.8437525138049059,0.00825053947266523,0.048050546646118186,0.19457656657192066,0.028666667143972157,0.0953380823135376,0.013828418785941,V3_FEEDING:T90:S2:W000060000,V3_FEEDING,FEEDING,90,V3_FEEDING:T90:S2
61.0,66.0,63.5,143,1.0,1.0,0.0,126.26783056304043,15.290924995714871,61.52593994418814,0.48726536022546707,25.290918908579975,17.857844427368008,155.399890052578,26.753330206020046,0.01580682431786248,0.09712493128286125,513.2543464334605,0.7549861139820537,0.45774647887323944,0.8438128272970239,0.0021903554276774106,0.012521815299987749,0.20964937424048394,0.01662619099740515,0.06662018299102782,0.014221265046067378,V3_FEEDING:T90:S2:W000061000,V3_FEEDING,FEEDING,90,V3_FEEDING:T90:S2
62.0,67.0,64.5,142,1.0,1.0,0.0,152.61411511425632,81.41738390210038,67.90066289882151,0.4449173187420239,30.784763738955434,17.31355250852947,259.7353648005024,45.202211024666624,0.019240477336847143,0.162334603000314,536.5119344477129,0.7480453049645989,0.49645390070921985,0.8403840481395451,0.009057867901597143,0.05042643547058101,0.2156937057703313,0.009654663879883122,0.05220341285069782,0.014318996565977227,V3_FEEDING:T90:S2:W000062000,V3_FEEDING,FEEDING,90,V3_FEEDING:T90:S2
63.0,68.0,65.5,143,1.0,1.0,0.0,283.072453307459,146.98428257890126,30.81369020552892,0.1088544287707877,56.698229706872304,22.636080724281964,325.3172796677434,76.17290766658628,0.035436393566795184,0.20332329979233962,977.4570500119804,0.681981512367201,0.4154929577464789,0.8301271952115573,0.022309750856514897,0.08280019760131829,0.20665080238889144,0.024537371674666388,0.08126591444015502,0.014073964872040512,V3_FEEDING:T90:S2:W000063000,V3_FEEDING,FEEDING,90,V3_FEEDING:T90:S2
64.0,69.0,66.5,142,1.0,1.0,0.0,296.18454526341833,30.857471732726015,43.43986173213138,0.1466648494218264,59.74526826852114,29.18306719695903,325.3172796677434,75.34369452825062,0.037340792667825716,0.20332329979233962,994.5324163256022,0.6134396327051141,0.3546099290780142,0.8242202859529307,0.02191246504059441,0.08002893924713128,0.20483391483624772,0.02429932520692415,0.08126591444015502,0.013905767298773424,V3_FEEDING:T90:S2:W000064000,V3_FEEDING,FEEDING,90,V3_FEEDING:T90:S2
65.0,70.0,67.5,142,1.0,1.0,0.0,309.7176997486479,27.363161302012273,59.92283772644631,0.19347566437138344,62.475126926474694,31.35495149675204,325.3172796677434,74.32352663774415,0.03904695432904669,0.20332329979233962,1066.4976629396685,0.5406439993291426,0.3191489361702128,0.8166674617310644,0.020793558842061206,0.07937524318695066,0.2016333889793342,0.02279454390804429,0.0807275811831156,0.014068329022161954,V3_FEEDING:T90:S2:W000065000,V3_FEEDING,FEEDING,90,V3_FEEDING:T90:S2
66.0,71.0,68.5,142,1.0,1.0,0.0,321.74368410764913,26.25665509606005,78.69676831840708,0.244594601869719,64.90096471312405,37.23118396364447,325.3172796677434,73.78668533934396,0.04056310294570253,0.20332329979233962,1127.0014213134123,0.5410591201598162,0.2907801418439716,0.8062785534791543,0.018170778308811846,0.07779772281646724,0.19530267989691433,0.020396741549617407,0.07927314043045042,0.014433101490435654,V3_FEEDING:T90:S2:W000066000,V3_FEEDING,FEEDING,90,V3_FEEDING:T90:S2
67.0,72.0,69.5,142,1.0,1.0,0.0,272.447220151436,37.4825701037751,30.813273541607824,0.11309813887798413,54.95706145802989,32.78569784521633,325.3172796677434,66.5526338575457,0.03434816341126868,0.20332329979233962,1082.7832479233784,0.5951326157900334,0.2978723404255319,0.7962511154967294,0.016199316789788126,0.06029155254364016,0.1907959515220122,0.01770093776903626,0.0671472827593485,0.01431184523791899,V3_FEEDING:T90:S2:W000067000,V3_FEEDING,FEEDING,90,V3_FEEDING:T90:S2
68.0,73.0,70.5,142,1.0,0.9859154929577465,0.014084507042253521,279.7239538656245,153.41352338716044,32.90915601114826,0.1176486874161566,56.42489769332803,36.593262824646786,293.50228438367753,63.76917292973206,0.03526556105833002,0.18343892773979845,870.954676294962,0.6118245007654439,0.2907801418439716,0.7898312941403456,0.020712018452415205,0.0859076976776123,0.1925366899776906,0.01520531957232927,0.06119168202082309,0.014261189909686368,V3_FEEDING:T90:S2:W000068000,V3_FEEDING,FEEDING,90,V3_FEEDING:T90:S2
69.0,74.0,71.5,142,1.0,0.9859154929577465,0.014084507042253521,304.9650143528061,53.233512412405666,38.00562265552951,0.12462289399387232,61.516432529649244,42.30861308992936,293.50228438367753,63.43449561911099,0.03844777033103078,0.18343892773979845,925.2303901425515,0.6108960965229743,0.2553191489361702,0.7869462753685429,0.01791216904065113,0.07277629375457761,0.19762096007664995,0.022296454244122414,0.0991524259249369,0.014407225421590782,V3_FEEDING:T90:S2:W000069000,V3_FEEDING,FEEDING,90,V3_FEEDING:T90:S2
70.0,75.0,72.5,143,1.0,0.986013986013986,0.013986013986013986,301.4831660972393,25.11746569537141,68.87456995899528,0.22845245673445239,60.38581855780293,39.326816761857714,293.50228438367753,63.45392136780619,0.03774113659862682,0.18343892773979845,891.5548531099896,0.6439102232850482,0.2535211267605634,0.7885304355954791,0.019468295719765757,0.0783238410949707,0.20863057755645895,0.03407392361783387,0.11754201650619509,0.014310246918620314,V3_FEEDING:T90:S2:W000070000,V3_FEEDING,FEEDING,90,V3_FEEDING:T90:S2
71.0,76.0,73.5,142,1.0,0.9859154929577465,0.014084507042253521,291.00482326317876,15.539932188095717,90.95465250460441,0.3125537628025735,58.700433602399585,35.77905147957419,293.50228438367753,63.63400793892205,0.03668777100149974,0.18343892773979845,823.6109274160925,0.6648270564203589,0.2553191489361702,0.7944021094013267,0.023473425394767183,0.08552594184875495,0.2235915278325058,0.03935045070008818,0.11928032636642458,0.013997090553793386,V3_FEEDING:T90:S2:W000071000,V3_FEEDING,FEEDING,90,V3_FEEDING:T90:S2
72.0,77.0,74.5,143,1.0,0.986013986013986,0.013986013986013986,265.17015140426525,13.475119059080178,103.69926600668363,0.3910668884017375,53.11247343235892,27.916273119697596,293.50228438367753,64.79920068339263,0.033195295895224325,0.18343892773979845,716.4320381640254,0.7236999038012746,0.34507042253521125,0.8034511491135282,0.023760704948753934,0.08686268329620361,0.2393818062502187,0.03751392790281327,0.11928032636642458,0.013945625328372938,V3_FEEDING:T90:S2:W000072000,V3_FEEDING,FEEDING,90,V3_FEEDING:T90:S2
73.0,78.0,75.5,142,1.0,1.0,0.0,123.47029603762658,14.830390127455294,64.12549141130177,0.5193596635725246,24.905978647201117,17.478536659571226,122.56018074364702,24.684549484003824,0.015566236654500697,0.0766001129647794,493.98689456312195,0.7850226186708604,0.46808510638297873,0.8155865810286831,0.00919115539479306,0.030647635459899902,0.25792883192429517,0.014174682336993311,0.06378746032714849,0.014203510472052415,V3_FEEDING:T90:S2:W000073000,V3_FEEDING,FEEDING,90,V3_FEEDING:T90:S2
35.0,40.0,37.5,142,1.0,1.0,0.0,594.3540129764132,29.58193267067786,321.82986310407773,0.5414784052561776,119.89092786784832,108.48549351607336,333.2911606281133,89.15255785008375,0.0749318299174052,0.20830697539257081,936.7934440180901,0.41307951763939504,0.15602836879432624,0.4063894056098562,0.08180175328832318,0.32025558948516847,0.513553705461708,0.04378734470884243,0.11736907958984372,0.017766603846863058,V3_FEEDING:T92:S0:W000035000,V3_FEEDING,FEEDING,92,V3_FEEDING:T92:S0
36.0,41.0,38.5,143,1.0,1.0,0.0,430.0334438045176,60.92394332178573,160.52130566920636,0.3732763299734783,86.13390209319712,63.62432574615662,333.2911606281133,69.57025223972177,0.05383368880824819,0.20830697539257081,834.2208305657647,0.4610792542467529,0.1619718309859155,0.3679566194961121,0.03411992903894852,0.16258566379547124,0.509136306989443,0.041840722944584685,0.11736907958984372,0.018110068663984968,V3_FEEDING:T92:S0:W000036000,V3_FEEDING,FEEDING,92,V3_FEEDING:T92:S0
37.0,42.0,39.5,142,1.0,1.0,0.0,357.67206944459025,35.43549468395471,62.080438355197295,0.17356803524412368,72.14830781301939,54.41826607128319,333.2911606281133,67.35949223839627,0.045092692383137116,0.20830697539257081,763.798676908869,0.5563476189648243,0.2127659574468085,0.35065192026151737,0.01858945703817183,0.07984025478363033,0.5027483690512573,0.033793547439841164,0.1062005201975505,0.017309668629047606,V3_FEEDING:T92:S0:W000037000,V3_FEEDING,FEEDING,92,V3_FEEDING:T92:S0
38.0,43.0,40.5,143,1.0,1.0,0.0,361.3254653505878,167.7431136391801,198.02229749983573,0.5480441222367157,72.37198107418293,46.28524404146641,444.86425104125397,78.2392864104346,0.045232488171364334,0.2780401569007837,792.1522470841026,0.5841562597378194,0.2323943661971831,0.3524267921914587,0.013484334105590957,0.03877481222152712,0.5143634718336981,0.05421073001965487,0.23987944920857746,0.017120119210138413,V3_FEEDING:T92:S0:W000038000,V3_FEEDING,FEEDING,92,V3_FEEDING:T92:S0
39.0,44.0,41.5,142,1.0,1.0,0.0,427.6150556388306,121.87976327632772,354.59829295158505,0.8292465110280951,86.25695237433409,58.347429673201304,444.86425104125397,80.28563855287133,0.0539105952339588,0.2780401569007837,984.449761183743,0.43903268475534035,0.15602836879432624,0.35226736580821827,0.012710249748263545,0.03877481222152712,0.5744969517971987,0.11137717013804703,0.36923815409342453,0.0171240033935739,V3_FEEDING:T92:S0:W000039000,V3_FEEDING,FEEDING,92,V3_FEEDING:T92:S0
40.0,45.0,42.5,142,1.0,1.0,0.0,471.9876955441994,74.35552212849896,354.1362215566026,0.7503081645979888,95.20763976611232,74.63552022621273,444.86425104125397,78.32871076620475,0.0595047748538202,0.2780401569007837,1139.1326730096123,0.4079333409717713,0.09929078014184398,0.35187199468344027,0.012454125477891573,0.0415688157081604,0.6512383127436392,0.1407112470117303,0.38794414202372235,0.01710404510692285,V3_FEEDING:T92:S0:W000040000,V3_FEEDING,FEEDING,92,V3_FEEDING:T92:S0
41.0,46.0,43.5,142,1.0,1.0,0.0,456.2598594809403,44.78895696382963,336.2390284666332,0.7369463288950125,92.03507792954854,69.89678701503041,444.86425104125397,79.59693632810865,0.05752192370596783,0.2780401569007837,1106.7432288675948,0.420919481149623,0.12056737588652482,0.35018543701776317,0.011789426678186141,0.0415688157081604,0.7244519191168842,0.13651401115222786,0.35012125968933105,0.017224049864424405,V3_FEEDING:T92:S0:W000041000,V3_FEEDING,FEEDING,92,V3_FEEDING:T92:S0
42.0,47.0,44.5,142,1.0,1.0,0.0,521.8973019358808,98.3224912930477,319.8617595658169,0.612882569768706,105.27522388126309,89.1127354262113,444.86425104125397,82.26962681157319,0.06579701492578943,0.2780401569007837,1420.6997358381377,0.4121611049576907,0.09929078014184398,0.35463241321939815,0.011754958156632966,0.05577230453491211,0.7908552543658045,0.11054359257311204,0.3440291245778402,0.0176344852158932,V3_FEEDING:T92:S0:W000042000,V3_FEEDING,FEEDING,92,V3_FEEDING:T92:S0
43.0,48.0,45.5,142,1.0,1.0,0.0,390.09741396000084,40.94973305927205,144.63471499884966,0.3707656339749024,78.68903027053071,61.272326758081675,321.7288281194421,60.9681854791749,0.049180643919081696,0.2010805175746513,1226.1017591430016,0.42814270567054524,0.11347517730496454,0.36540208207049835,0.017085878557323485,0.05768654346466068,0.845081724023595,0.04060464015738597,0.17815252939860027,0.016562779484607,V3_FEEDING:T92:S0:W000043000,V3_FEEDING,FEEDING,92,V3_FEEDING:T92:S0
44.0,49.0,46.5,142,1.0,1.0,0.0,287.5955207814844,19.990824703905442,41.84343193249275,0.14549403210033116,58.01272151669201,39.247133864296245,321.7288281194421,54.89993026626585,0.036257950947932514,0.2010805175746513,1029.70616326131,0.5104615725146253,0.20567375886524822,0.371585136735943,0.01895236871255034,0.05768654346466068,0.8601069430230368,0.012038577011152799,0.05241772333780925,0.015212612931543901,V3_FEEDING:T92:S0:W000044000,V3_FEEDING,FEEDING,92,V3_FEEDING:T92:S0
45.0,50.0,47.5,143,1.0,1.0,0.0,260.58690428361444,48.171466466527676,47.50040252654047,0.18228238543730713,52.194468183123654,38.11921337113709,321.7288281194421,51.21411491534544,0.032621542614452284,0.2010805175746513,919.1618572888888,0.5106520454897672,0.2112676056338028,0.37677720835158873,0.019943587761324627,0.05768654346466068,0.8587679047128816,0.011690020006626896,0.042284933725992846,0.013988015119476472,V3_FEEDING:T92:S0:W000045000,V3_FEEDING,FEEDING,92,V3_FEEDING:T92:S0
40.0,45.0,42.5,142,1.0,1.0,0.0,339.84131785106854,23.054762698369906,165.8770237944677,0.4881014022761098,68.55155351094436,33.47890140022132,370.5574192281474,74.43704604003877,0.04284472094434022,0.23159838701759214,948.6640235790762,0.5050911752511164,0.2553191489361702,0.7981512192269447,0.02978774173331138,0.1027050971984863,0.7736246046325971,0.034102542852553375,0.18457530339558914,0.012221840929506931,V3_FEEDING:T94:S1:W000040000,V3_FEEDING,FEEDING,94,V3_FEEDING:T94:S1
41.0,46.0,43.5,142,1.0,1.0,0.0,352.2488154652227,186.17333538683422,201.52954623858975,0.57212270812728,71.05434876259856,36.71834834385529,287.3275467402868,75.63242492794636,0.0444089679766241,0.17957971671267925,844.2100350696594,0.5103854108934215,0.2553191489361702,0.8026283905539715,0.02433721896912865,0.09584791660308833,0.7668815444892562,0.041531590998316915,0.2166826248168945,0.013373984987764733,V3_FEEDING:T94:S1:W000041000,V3_FEEDING,FEEDING,94,V3_FEEDING:T94:S1
42.0,47.0,44.5,142,1.0,1.0,0.0,483.0998556032341,207.04092772148613,397.93248149629795,0.8237064798941206,97.44914424157146,48.04365164363367,382.2646220869709,95.13534060633337,0.06090571515098215,0.2389153888043568,844.9359379504606,0.47221588693676964,0.2127659574468085,0.784865337694195,0.05152300038215754,0.17114489078521722,0.7084606548989884,0.10825948033153471,0.3633357683817546,0.014009311883538695,V3_FEEDING:T94:S1:W000042000,V3_FEEDING,FEEDING,94,V3_FEEDING:T94:S1
37.0,42.0,39.5,142,1.0,0.9859154929577465,0.014084507042253521,334.58708923460176,36.478292157722294,191.19036899886544,0.5714218364977283,67.49168964142426,49.446495255806674,361.6805032292169,61.55247615755932,0.04218230602589015,0.22605031451826058,912.0833541043315,0.38912593512739774,0.11347517730496454,0.7028483296783877,0.05877822726377987,0.15903005599975595,0.40772820336158283,0.032562042550952956,0.10704433123270668,0.013457195208073924,V3_FEEDING:T95:S0:W000037000,V3_FEEDING,FEEDING,95,V3_FEEDING:T95:S0
0.0,5.0,2.5,144,1.0,1.0,0.0,43.26354988366806,8.294692953657892,13.28700154790264,0.3071176910732068,8.673413542099006,4.204084144124082,45.58585085435104,10.895901943003627,0.005420883463811879,0.028491156783969396,242.93663773423924,0.8756609177615078,0.8111888111888111,0.5948210365242428,0.003479996395603834,0.010365438461303667,0.4246803889671961,0.004097243648904199,0.011069218317667606,0.009119967416736546,V4_BREEDING:T1:S0:W000000000,V4_BREEDING,BREEDING_PARENTAL_CARE,1,V4_BREEDING:T1:S0
1.0,6.0,3.5,144,1.0,1.0,0.0,50.2120261873949,10.53267920254715,11.23113454023798,0.22367419506877848,10.066433963024961,5.069105307036405,51.98923561737887,12.098404292483027,0.006291521226890601,0.032493272260861794,293.2045801976536,0.8610165600975859,0.7692307692307693,0.5965257290336822,0.0031560429391161737,0.009183454513549849,0.4236273481890007,0.0038353403975536085,0.011069218317667606,0.009605724045324534,V4_BREEDING:T1:S0:W000001000,V4_BREEDING,BREEDING_PARENTAL_CARE,1,V4_BREEDING:T1:S0
2.0,7.0,4.5,143,1.0,1.0,0.0,80.52731691618234,33.10354813974308,16.886554715187174,0.2096997064084938,16.257689482754756,9.234427010476224,70.2141520181671,17.496586177248158,0.010161055926721724,0.043883845011354436,345.81273713942477,0.758294555842356,0.6267605633802817,0.5968387872189076,0.004189642018190207,0.02031865119934073,0.4239815635281008,0.004966397525352047,0.017889372507731094,0.009893727793495396,V4_BREEDING:T1:S0:W000002000,V4_BREEDING,BREEDING_PARENTAL_CARE,1,V4_BREEDING:T1:S0
3.0,8.0,5.5,143,1.0,1.0,0.0,87.72130454892074,22.262295855402293,17.987450676302863,0.20505224778402098,17.710086278708793,8.931470582564568,94.09195665816385,20.47108843600723,0.011068803924192995,0.05880747291135241,376.49408272525915,0.7932401121518761,0.6267605633802817,0.5952656984329223,0.0063293745574367856,0.021253442764282204,0.4257095476964137,0.006588888268627784,0.017889372507731094,0.009673555379331946,V4_BREEDING:T1:S0:W000003000,V4_BREEDING,BREEDING_PARENTAL_CARE,1,V4_BREEDING:T1:S0
4.0,9.0,6.5,144,1.0,1.0,0.0,85.39836007036546,7.868563804745894,18.609539560746505,0.2179144839012465,17.12053899180766,8.479882105917973,94.09195665816385,20.331356146016336,0.010700336869879784,0.05880747291135241,357.3377292870508,0.770373155504871,0.6643356643356644,0.5933353339632352,0.006390179097080082,0.021253442764282204,0.4284307816514262,0.006614947866714674,0.017889372507731094,0.008928970741057406,V4_BREEDING:T1:S0:W000004000,V4_BREEDING,BREEDING_PARENTAL_CARE,1,V4_BREEDING:T1:S0
5.0,10.0,7.5,143,1.0,1.0,0.0,81.86449846607098,6.574297662274931,19.648370264636974,0.2400108793530361,16.527653555229527,8.017502153069934,94.09195665816385,19.92344760385775,0.010329783472018452,0.05880747291135241,314.05012667333483,0.7079883489923755,0.6901408450704225,0.5915522548702213,0.005919050570565239,0.021253442764282204,0.43128113224234055,0.005345231359513808,0.016645050048828103,0.008116458177977353,V4_BREEDING:T1:S0:W000005000,V4_BREEDING,BREEDING_PARENTAL_CARE,1,V4_BREEDING:T1:S0
6.0,11.0,8.5,143,1.0,1.0,0.0,80.43578784116387,9.894206004397862,11.146973811622836,0.13858226680933003,16.239210644302446,8.48246642748997,94.09195665816385,19.68827554540815,0.010149506652689029,0.05880747291135241,286.63293783721133,0.6161741414079086,0.704225352112676,0.5900959149940864,0.00465372890823554,0.021253442764282204,0.43395580022762975,0.003100007651741449,0.01394267082214351,0.007464277781275949,V4_BREEDING:T1:S0:W000006000,V4_BREEDING,BREEDING_PARENTAL_CARE,1,V4_BREEDING:T1:S0
7.0,12.0,9.5,144,1.0,1.0,0.0,68.09530797665528,19.46331420757388,38.48150360313624,0.5651124100404779,13.651648280047441,9.273555183672268,94.09195665816385,16.306326698566608,0.008532280175029648,0.05880747291135241,282.69084704615244,0.6266997092595408,0.7272727272727273,0.5919836661881871,0.006243544811002999,0.02930636405944831,0.43342064398306385,0.003111816263828959,0.012321456273396814,0.007615820840597131,V4_BREEDING:T1:S0:W000007000,V4_BREEDING,BREEDING_PARENTAL_CARE,1,V4_BREEDING:T1:S0
8.0,13.0,10.5,143,1.0,1.0,0.0,84.33014809536154,37.427531424356495,60.87056724976334,0.7218126449977318,17.02544446123964,11.204968397955753,105.53820098446539,19.282347254197397,0.010640902788274774,0.06596137561529086,316.9984428387145,0.574004481575941,0.6338028169014085,0.5981505680751134,0.011290961465659307,0.04353971481323238,0.42935621332733226,0.008379138982216315,0.032271623611450195,0.008869557352210452,V4_BREEDING:T1:S0:W000008000,V4_BREEDING,BREEDING_PARENTAL_CARE,1,V4_BREEDING:T1:S0
9.0,14.0,11.5,143,1.0,1.0,0.0,259.2287622108856,179.52275994245554,199.93498487871798,0.7712685242699596,52.335789672591474,17.676898122336866,312.1561664717069,80.1650429032175,0.032709868545369676,0.19509760404481682,567.5251219420214,0.47191155850645133,0.4507042253521127,0.6166603987033551,0.03723761214886722,0.15250723361968987,0.4249763455424275,0.015301632312648767,0.08576218287150067,0.012078146653523783,V4_BREEDING:T1:S0:W000009000,V4_BREEDING,BREEDING_PARENTAL_CARE,1,V4_BREEDING:T1:S0
15.0,20.0,17.5,143,1.0,1.0,0.0,218.11697616993817,43.182543160030605,136.30406518741853,0.6249126848394506,44.03571614312245,37.79811851387621,182.3741617161958,35.2735412364418,0.02752232258945153,0.11398385107262238,728.0324077804582,0.45860268628335926,0.22535211267605634,0.7983035402698118,0.037177925560131705,0.10746028423309317,0.7628335481479174,0.009002829425456702,0.04222338994344066,0.01590890408239374,V4_BREEDING:T1:S1:W000015000,V4_BREEDING,BREEDING_PARENTAL_CARE,1,V4_BREEDING:T1:S1
16.0,21.0,18.5,144,1.0,1.0,0.0,206.8904656689822,32.20189026199224,125.22485462535215,0.6052712686417736,41.47709957896707,36.9676490589072,162.99226242641592,32.89911965085811,0.02592318723685442,0.10187016401650995,672.7572196127816,0.5056383700540462,0.23776223776223776,0.8187153591050041,0.034440518793451905,0.10780565738677972,0.7671248204178281,0.006901294678581836,0.03036467234293616,0.016432399396699826,V4_BREEDING:T1:S1:W000016000,V4_BREEDING,BREEDING_PARENTAL_CARE,1,V4_BREEDING:T1:S1
17.0,22.0,19.5,143,1.0,1.0,0.0,210.5954175588949,60.09001806968612,92.1446831242026,0.437543628405084,42.5171859224774,36.905531789934265,160.54076094436843,34.0014267766719,0.02657324120154838,0.10033797559023026,637.8586138094968,0.486057165901785,0.2605633802816901,0.8352817306985386,0.020640456531265367,0.06936759948730464,0.7637288840500623,0.014650779301339862,0.07737967173258464,0.0180275800538365,V4_BREEDING:T1:S1:W000017000,V4_BREEDING,BREEDING_PARENTAL_CARE,1,V4_BREEDING:T1:S1
18.0,23.0,20.5,143,1.0,1.0,0.0,311.49160646378084,146.28905781791707,209.8475598318597,0.6736860816705829,62.887154425418565,45.90763623053661,342.96670776931626,60.66013108992337,0.039304471515886605,0.21435419235582265,751.4285303963842,0.40479712340766383,0.2112676056338028,0.8422096382487904,0.012467929843490714,0.03890173435211175,0.7360890082823924,0.05878266348227027,0.22671957015991206,0.018904369652617332,V4_BREEDING:T1:S1:W000018000,V4_BREEDING,BREEDING_PARENTAL_CARE,1,V4_BREEDING:T1:S1
19.0,24.0,21.5,144,1.0,1.0,0.0,396.20883556639274,104.79097687400863,303.50863484144634,0.7660319700028179,79.43137096103365,68.02540865426953,342.96670776931626,62.9462216233357,0.04964460685064602,0.21435419235582265,819.9779689463104,0.3685214338194433,0.13286713286713286,0.8380168154835701,0.019660338615794838,0.07618427276611328,0.6815914884761527,0.10975409616762036,0.3220359007517497,0.0193768437456927,V4_BREEDING:T1:S1:W000019000,V4_BREEDING,BREEDING_PARENTAL_CARE,1,V4_BREEDING:T1:S1
20.0,25.0,22.5,143,1.0,1.0,0.0,495.44304357160024,135.26012474315849,432.2760614635373,0.872504048794997,100.02517738374266,90.07282023375001,342.96670776931626,72.23952080013258,0.06251573586483916,0.21435419235582265,886.1766668414776,0.31460803679546195,0.07746478873239436,0.8145171395548573,0.047821146262894985,0.17156386375427246,0.6111890871763784,0.1402289579031148,0.3902581532796224,0.019955617404971173,V4_BREEDING:T1:S1:W000020000,V4_BREEDING,BREEDING_PARENTAL_CARE,1,V4_BREEDING:T1:S1
21.0,26.0,23.5,143,1.0,1.0,0.0,536.5020343548981,67.43607175226852,438.9211099309256,0.8181163943929756,108.31459205932352,95.66455405522898,342.96670776931626,71.28145435987858,0.0676966200370772,0.21435419235582265,939.1527835379053,0.28554708965760534,0.08450704225352113,0.7740774368072724,0.07392017687001118,0.20758187770843506,0.5341071785746754,0.13479145250433058,0.3719452857971191,0.02044456590639409,V4_BREEDING:T1:S1:W000021000,V4_BREEDING,BREEDING_PARENTAL_CARE,1,V4_BREEDING:T1:S1
22.0,27.0,24.5,144,1.0,1.0,0.0,485.9759566650023,11.652399343077859,383.36186754814554,0.7888494529214093,97.42775280823464,91.31962520332007,342.96670776931626,78.53165553411371,0.06089234550514666,0.21435419235582265,862.6715332258937,0.36777284714089753,0.2097902097902098,0.7338798271285163,0.07864387762314583,0.20419597625732422,0.4665353610559746,0.09468938657610398,0.3096707979838053,0.018537160202942646,V4_BREEDING:T1:S1:W000022000,V4_BREEDING,BREEDING_PARENTAL_CARE,1,V4_BREEDING:T1:S1
23.0,28.0,25.5,143,1.0,1.0,0.0,363.7540342948576,29.13260047774739,269.93699951354154,0.742086613655896,73.43843510669247,53.652663926049726,336.0008236238842,71.62672587553563,0.045899021941682785,0.21000051476492762,712.5589027397033,0.38979307764741933,0.29577464788732394,0.696207253749554,0.06400737636685135,0.1791058540344238,0.4198668069772787,0.041625403116076175,0.15940786997477213,0.0165032632541239,V4_BREEDING:T1:S1:W000023000,V4_BREEDING,BREEDING_PARENTAL_CARE,1,V4_BREEDING:T1:S1
24.0,29.0,26.5,143,1.0,1.0,0.0,263.167170961612,10.216293420551802,185.45124538399315,0.7046898923842017,53.13091645661347,19.698450600329217,336.0008236238842,68.09011427035587,0.03320682278538342,0.21000051476492762,550.6315958023706,0.5453969616033087,0.45774647887323944,0.6624598723191483,0.036000580828454296,0.141070818901062,0.4011601771508063,0.01211919135365705,0.06201952298482255,0.014511978162404897,V4_BREEDING:T1:S1:W000024000,V4_BREEDING,BREEDING_PARENTAL_CARE,1,V4_BREEDING:T1:S1
25.0,30.0,27.5,144,1.0,1.0,0.0,127.61274471051223,5.511097824992201,59.73561166621031,0.46810067287338525,25.583617412181294,10.969384765953523,196.2581180690091,38.32433514159417,0.015989760882613308,0.12266132379313069,411.3306622711469,0.6344286284595773,0.6433566433566433,0.6442004341218206,0.00869192450569866,0.04585893154144283,0.39949443130581463,0.004832805822467572,0.016769091288248605,0.012987489426432918,V4_BREEDING:T1:S1:W000025000,V4_BREEDING,BREEDING_PARENTAL_CARE,1,V4_BREEDING:T1:S1
26.0,31.0,28.5,143,1.0,1.0,0.0,81.33261554030389,21.91397635836437,20.85978338651268,0.2564750100305792,16.420271516693393,9.658668255590065,98.25702456427537,18.950701645568888,0.010262669697933371,0.0614106403526721,309.671710649463,0.6793656507228604,0.676056338028169,0.6402268513099296,0.00551071848762897,0.024854159355163552,0.40233920215170976,0.003979028320777689,0.016337267557779978,0.01168925744697023,V4_BREEDING:T1:S1:W000026000,V4_BREEDING,BREEDING_PARENTAL_CARE,1,V4_BREEDING:T1:S1
27.0,32.0,29.5,143,1.0,1.0,0.0,85.51702220966214,15.08043656814424,41.67491762080029,0.48732891468818756,17.265062910535633,9.870335192367195,98.25702456427537,18.986602289920107,0.010790664319084771,0.0614106403526721,313.79779425624963,0.67215625868919,0.6197183098591549,0.6358028070076361,0.008469477341354129,0.0355937719345093,0.40604902858778585,0.005632122858488408,0.019682375590006518,0.011152957033805463,V4_BREEDING:T1:S1:W000027000,V4_BREEDING,BREEDING_PARENTAL_CARE,1,V4_BREEDING:T1:S1
28.0,33.0,30.5,144,1.0,1.0,0.0,64.04517226560569,9.349063733369071,29.45973976732358,0.45998376966103355,12.839682964718124,8.660391876641624,62.43976205207247,12.515505267559549,0.00802480185294883,0.03902485128254529,250.61602403028948,0.8223146561441352,0.7062937062937062,0.6299870236052407,0.00803970621920024,0.020638680458068825,0.40960647563139596,0.005866754626636251,0.018368275960286395,0.01031498566508334,V4_BREEDING:T1:S1:W000028000,V4_BREEDING,BREEDING_PARENTAL_CARE,1,V4_BREEDING:T1:S1
29.0,34.0,31.5,143,1.0,1.0,0.0,67.87372126017974,14.71542206642771,34.046232319038275,0.501611399624446,13.703050424933554,9.52689400458452,62.43976205207247,12.7990728983346,0.008564406515583472,0.03902485128254529,256.31874003415214,0.7561796776238032,0.6619718309859155,0.6263437514538532,0.008039324360168123,0.02031610012054441,0.41319812828010616,0.006541723923455276,0.026100317637125725,0.009390692463505915,V4_BREEDING:T1:S1:W000029000,V4_BREEDING,BREEDING_PARENTAL_CARE,1,V4_BREEDING:T1:S1
71.0,76.0,73.5,143,1.0,1.0,0.0,26.616632477480294,5.198201340832105,1.9742238182894218,0.0741725618355277,5.373641671755702,3.8519559353370996,29.79217930846437,5.552917602443401,0.003358526044847314,0.01862011206779023,149.15427871353768,0.9101887480834356,0.9507042253521126,0.5942993244091113,0.0006502289619396799,0.0031943321228027344,0.4369133540244647,0.00029225299862020476,0.0011592070261637333,0.008708112134216775,V4_BREEDING:T2:S0:W000071000,V4_BREEDING,BREEDING_PARENTAL_CARE,2,V4_BREEDING:T2:S0
72.0,77.0,74.5,143,1.0,1.0,0.0,27.194684410383644,6.226812214537564,3.685373596970797,0.1355181601432236,5.4903447880389,3.677772605005073,38.08545629649476,6.214481367653227,0.003431465492524312,0.023803410185309227,160.1388842130125,0.9378992126905681,0.9436619718309859,0.5948069637471979,0.000889170254923808,0.0034337997436524326,0.43714281128836674,0.0005866167744086413,0.0024421374003092966,0.008655708951361515,V4_BREEDING:T2:S0:W000072000,V4_BREEDING,BREEDING_PARENTAL_CARE,2,V4_BREEDING:T2:S0
73.0,78.0,75.5,144,1.0,1.0,0.0,30.69886164605957,7.003742035836307,2.267411844841668,0.07385980206639706,6.154463122973332,3.8890981478911435,38.08545629649476,6.764456167622981,0.0038465394518583315,0.023803410185309227,173.19454205336646,0.8964743795118636,0.9230769230769231,0.5953541518913376,0.0012780502477322216,0.004699277877807662,0.43725707784846973,0.0006431974629877439,0.002796697616577082,0.00859400963732552,V4_BREEDING:T2:S0:W000073000,V4_BREEDING,BREEDING_PARENTAL_CARE,2,V4_BREEDING:T2:S0
74.0,79.0,76.5,143,1.0,1.0,0.0,30.03216633757597,5.492891464867473,2.2050265400345848,0.07342216060103783,6.06320505275188,4.321284989778807,38.08545629649476,6.412572013823865,0.0037895031579699245,0.023803410185309227,160.54044062961444,0.8820880994071949,0.9366197183098591,0.5957013572012628,0.0010615486363456524,0.004145812988281206,0.436910857131709,0.0011685225273329073,0.004923248291015592,0.008587370628364548,V4_BREEDING:T2:S0:W000074000,V4_BREEDING,BREEDING_PARENTAL_CARE,2,V4_BREEDING:T2:S0
75.0,80.0,77.5,143,1.0,1.0,0.0,29.321253134450487,4.875660158564778,2.5829464279552954,0.08809127004604411,5.919678526000213,4.0085387603063065,38.08545629649476,6.032681840764489,0.003699799078750133,0.023803410185309227,158.43297525783552,0.893786120320384,0.9436619718309859,0.5957576371573069,0.0010328176934442193,0.004145812988281206,0.4363941478284644,0.0015224954926791716,0.004923248291015592,0.00863492808996472,V4_BREEDING:T2:S0:W000075000,V4_BREEDING,BREEDING_PARENTAL_CARE,2,V4_BREEDING:T2:S0
76.0,81.0,78.5,144,1.0,1.0,0.0,26.8622441880776,2.8720813557004408,2.8817630579328415,0.10727931135447977,5.385303636398841,3.7475422345698957,38.08545629649476,5.9346212283690685,0.0033658147727492756,0.023803410185309227,139.13667079691743,0.8975698785789503,0.951048951048951,0.595726159049405,0.0010579737622224783,0.003953337669372559,0.435856807452661,0.0016292760055119121,0.004923248291015592,0.008742463768116018,V4_BREEDING:T2:S0:W000076000,V4_BREEDING,BREEDING_PARENTAL_CARE,2,V4_BREEDING:T2:S0
77.0,82.0,79.5,143,1.0,1.0,0.0,24.258517804691298,3.75320223796443,5.202477310496183,0.21445981788261143,4.89756103746818,3.615528775602343,25.08132875818447,5.010381522830712,0.0030609756484176126,0.015675830473865292,133.5826355024076,0.9202222930087023,0.9647887323943662,0.5952664687083318,0.0012476781782323721,0.004529809951782204,0.435085669764272,0.0012296760545669498,0.004370816548665335,0.008917703615393251,V4_BREEDING:T2:S0:W000077000,V4_BREEDING,BREEDING_PARENTAL_CARE,2,V4_BREEDING:T2:S0
78.0,83.0,80.5,143,1.0,1.0,0.0,22.263224424744514,5.235270555303646,4.107004441128804,0.18447482551377706,4.494730526774153,3.528873301440976,19.127912758787314,4.2157393198071285,0.002809206579233846,0.01195494547424207,128.03653837439052,0.8993389297258055,0.9859154929577465,0.5946572062018867,0.0008274365321498025,0.003205537796020508,0.4345103018211596,0.0004095200990699213,0.001890277862548806,0.009114412849008999,V4_BREEDING:T2:S0:W000078000,V4_BREEDING,BREEDING_PARENTAL_CARE,2,V4_BREEDING:T2:S0
79.0,84.0,81.5,144,1.0,1.0,0.0,21.74392694556643,4.7046390856956135,3.7411112422300765,0.1720531554210766,4.3591908416022775,3.2449711355013218,19.127912758787314,4.444733647495395,0.002724494276001424,0.01195494547424207,137.6009950975677,0.9328745065414967,0.9790209790209791,0.5942045663793881,0.0007728315307066657,0.00347766876220712,0.4343557245201535,0.0003226243780712459,0.001681931813557913,0.00928396806604452,V4_BREEDING:T2:S0:W000079000,V4_BREEDING,BREEDING_PARENTAL_CARE,2,V4_BREEDING:T2:S0
80.0,85.0,82.5,143,1.0,1.0,0.0,21.95264427814111,5.061428272389456,2.4546780173436433,0.11181696319781567,4.432027387313585,3.1916027776513403,19.127912758787314,4.515014192413078,0.002770017117070991,0.01195494547424207,134.72522231218596,0.9122462930487371,0.9788732394366197,0.5937656570981432,0.0005412985475198677,0.002266073226928733,0.43462802946984347,0.0006822762099258533,0.0025431791941324944,0.009329126080742626,V4_BREEDING:T2:S0:W000080000,V4_BREEDING,BREEDING_PARENTAL_CARE,2,V4_BREEDING:T2:S0
81.0,86.0,83.5,143,1.0,1.0,0.0,22.527203011412233,3.342557065681307,1.447166503827253,0.0642408426422988,4.548025260244719,3.2872409422772173,19.127912758787314,4.450141220096213,0.0028425157876529497,0.01195494547424207,135.01902599673542,0.8398791381442056,0.9788732394366197,0.5934854804219066,0.0005379347462016995,0.002291822433471702,0.43495316305360593,0.0008801677854393019,0.002760664621988984,0.00930578276402149,V4_BREEDING:T2:S0:W000081000,V4_BREEDING,BREEDING_PARENTAL_CARE,2,V4_BREEDING:T2:S0
82.0,87.0,84.5,144,1.0,1.0,0.0,22.17639604261739,3.0820765249170217,1.9678878660984198,0.088737947424669,4.4458916170354525,2.876204531669074,19.127912758787314,4.410208865143458,0.0027786822606471573,0.01195494547424207,132.4359207509111,0.9059300810825104,0.9790209790209791,0.5933787571059334,0.0005126677356385992,0.002291822433471702,0.4353734281327989,0.0009534056378511918,0.0031004269917805916,0.009257318334779203,V4_BREEDING:T2:S0:W000082000,V4_BREEDING,BREEDING_PARENTAL_CARE,2,V4_BREEDING:T2:S0
83.0,88.0,85.5,143,1.0,1.0,0.0,19.812953351284136,3.097005298143853,3.0567003893645746,0.15427787746577723,4.000044403028643,2.4501325599815185,16.529465673307424,4.181249917152551,0.002500027751892902,0.01033091604581714,120.00535481688841,0.9847663420159753,0.9788732394366197,0.5932027778425417,0.00029296079732331185,0.0011888980865478738,0.43582088641631306,0.0009413888154550891,0.0032909711201986047,0.009204952433462255,V4_BREEDING:T2:S0:W000083000,V4_BREEDING,BREEDING_PARENTAL_CARE,2,V4_BREEDING:T2:S0
84.0,89.0,86.5,143,1.0,1.0,0.0,19.917745740338678,4.860548418109529,1.657787825687184,0.08323169937498134,4.0212009768056785,2.5337772453038534,20.06125320492737,4.1819757159643265,0.002513250610503549,0.012538283253079607,119.42991296332484,0.9160624808516238,0.9788732394366197,0.5930180346215522,0.00045803528650115865,0.0019197702407836026,0.43626893772667646,0.0003930593186754216,0.0015495936075846095,0.0091520271094905,V4_BREEDING:T2:S0:W000084000,V4_BREEDING,BREEDING_PARENTAL_CARE,2,V4_BREEDING:T2:S0
85.0,90.0,87.5,144,1.0,1.0,0.0,21.39222476001283,6.216424161216184,0.900704271297766,0.04210428234567716,4.2886820990888,2.666895757387272,32.052626145253384,5.388441890147887,0.0026804263119304993,0.020032891340783364,136.9675599654962,0.9191716628897726,0.965034965034965,0.5928313035104009,0.00053405882298338,0.0018718957901000532,0.4363175531228383,0.00040197273767410383,0.0017646948496500836,0.009196259966461597,V4_BREEDING:T2:S0:W000085000,V4_BREEDING,BREEDING_PARENTAL_CARE,2,V4_BREEDING:T2:S0
86.0,91.0,88.5,143,1.0,1.0,0.0,27.902803523256267,9.786153045896546,3.668750492028917,0.1314832213534066,5.633307214886883,2.8742776653363196,36.953383514892735,7.512001527703626,0.003520817009304301,0.02309586469680796,168.92359864601937,0.9254568974604946,0.9225352112676056,0.5931592147667091,0.001085984976220121,0.004040908813476518,0.436722855023293,0.0007997554965127906,0.003044017155965195,0.009050554705464599,V4_BREEDING:T2:S0:W000086000,V4_BREEDING,BREEDING_PARENTAL_CARE,2,V4_BREEDING:T2:S0
87.0,92.0,89.5,143,1.0,1.0,0.0,32.303491392061176,7.355765492354682,3.9435896095671166,0.12207936169203937,6.521763699237751,3.264437462752534,36.953383514892735,8.156403143923425,0.004076102312023595,0.02309586469680796,181.05142719926744,0.8519038887665616,0.9014084507042254,0.5935595529062765,0.0014069742332635314,0.004106807708740168,0.43712216701818796,0.0010021474308364634,0.0032461166381835826,0.008780962094301632,V4_BREEDING:T2:S0:W000087000,V4_BREEDING,BREEDING_PARENTAL_CARE,2,V4_BREEDING:T2:S0
88.0,93.0,90.5,144,1.0,1.0,0.0,33.6656760489429,4.292563449600466,2.4643409565411187,0.07320040010360936,6.749245758426441,3.9307233894200606,36.953383514892735,8.14993420258799,0.004218278599016525,0.02309586469680796,179.5721647018019,0.8375268419063835,0.9020979020979021,0.5939781198898952,0.001556166885257602,0.004106807708740168,0.43739944133493636,0.0010417532379865054,0.0032461166381835826,0.008553508924313356,V4_BREEDING:T2:S0:W000088000,V4_BREEDING,BREEDING_PARENTAL_CARE,2,V4_BREEDING:T2:S0
89.0,94.0,91.5,143,1.0,1.0,0.0,34.87294909514381,6.336602462198134,4.401654177007578,0.12621972879318444,7.0405124552562075,4.182554496043153,36.953383514892735,8.42216111585415,0.00440032028453513,0.02309586469680796,187.61958479773526,0.8423022433015008,0.8873239436619719,0.5944427380195031,0.001363014973607415,0.004079198837280251,0.4376055746367484,0.0010176768994737053,0.003921445210774699,0.008252492857927103,V4_BREEDING:T2:S0:W000089000,V4_BREEDING,BREEDING_PARENTAL_CARE,2,V4_BREEDING:T2:S0
90.0,95.0,92.5,143,1.0,1.0,0.0,34.68939706018705,5.397058435524569,4.984409187630942,0.14368682104744734,7.003455067744041,4.524828557908082,36.953383514892735,8.035039465579832,0.0043771594173400265,0.02309586469680796,181.742849488782,0.8400611309607113,0.8873239436619719,0.5948954480511326,0.0008089495431646972,0.0038326501846313032,0.43701064492161174,0.0020491909473722304,0.006104389826456669,0.008043730691077064,V4_BREEDING:T2:S0:W000090000,V4_BREEDING,BREEDING_PARENTAL_CARE,2,V4_BREEDING:T2:S0
91.0,96.0,93.5,144,1.0,1.0,0.0,28.965698603599975,4.176813484870987,5.254636724824655,0.18140894154617723,5.807001117576924,3.279966779994449,31.76554266182697,6.484477751711006,0.0036293756984855778,0.019853464163641855,152.8233523561093,0.8206272416235938,0.9300699300699301,0.5948531601164075,0.0005920923835116297,0.00218267440795894,0.4359785627435755,0.0024818667313447574,0.0064767519632975,0.008092514129237262,V4_BREEDING:T2:S0:W000091000,V4_BREEDING,BREEDING_PARENTAL_CARE,2,V4_BREEDING:T2:S0
92.0,97.0,94.5,143,1.0,1.0,0.0,24.73169980809419,3.1304404880147465,6.127408343874248,0.24775524494555243,4.99309192530492,3.0015333762769427,29.584880407816026,5.720286690130255,0.0031206824533155752,0.018490550254885017,143.20132676011923,0.8457718313740878,0.9436619718309859,0.5946524846803892,0.0006025814195006698,0.002377033233642578,0.4348951978839081,0.0023959222550110834,0.006134430567423521,0.008230940521247924,V4_BREEDING:T2:S0:W000092000,V4_BREEDING,BREEDING_PARENTAL_CARE,2,V4_BREEDING:T2:S0
93.0,98.0,95.5,143,1.0,1.0,0.0,23.71001826636511,3.2861254381448197,6.107875745503931,0.2576073825370488,4.7868242649408845,2.9730312252267863,29.584880407816026,5.5541461719081955,0.002991765165588053,0.018490550254885017,138.64668279363454,0.8258779043172142,0.9507042253521126,0.5942082451773689,0.0007191407431995818,0.0027781248092650923,0.4337021933291062,0.0019211392231169963,0.007036002477010084,0.008310755567933214,V4_BREEDING:T2:S0:W000093000,V4_BREEDING,BREEDING_PARENTAL_CARE,2,V4_BREEDING:T2:S0
94.0,99.0,96.5,144,1.0,1.0,0.0,38.87865524922073,22.471756327937378,19.32209862540884,0.4969847465543739,7.794336244804436,3.272352994650716,68.66800926937537,12.33369465182537,0.004871460153002772,0.04291750579335961,208.7214991093211,0.8027108244352372,0.8881118881118881,0.5946920848555036,0.002037009449225213,0.011026287078857444,0.4315527241539072,0.0031659567827597964,0.01578729947408042,0.008653919526776039,V4_BREEDING:T2:S0:W000094000,V4_BREEDING,BREEDING_PARENTAL_CARE,2,V4_BREEDING:T2:S0
95.0,100.0,97.5,143,1.0,1.0,0.0,118.99318604976358,83.35788800341,99.02743412196112,0.8322109644206629,24.023577879470693,5.145453354183411,177.22406794428795,41.14862330557686,0.015014736174669186,0.11076504246517997,303.517562264016,0.6880429993137971,0.704225352112676,0.6006586003136802,0.014260070183402005,0.07095098495483398,0.4255770243131197,0.012444112380340901,0.04522972106933598,0.01010998721507314,V4_BREEDING:T2:S0:W000095000,V4_BREEDING,BREEDING_PARENTAL_CARE,2,V4_BREEDING:T2:S0
96.0,101.0,98.5,143,1.0,1.0,0.0,431.52206508465247,311.386426235071,322.63581121199354,0.7476693252028758,87.12014764387922,17.032160936014606,659.7934198771197,135.13403120641632,0.054450092277424526,0.41237088742319983,603.4246555055707,0.5677122033890158,0.5,0.6282667498488527,0.05582063446521189,0.1902889728546142,0.4381683558572978,0.0514351776821183,0.2689664999643962,0.01359951057012212,V4_BREEDING:T2:S0:W000096000,V4_BREEDING,BREEDING_PARENTAL_CARE,2,V4_BREEDING:T2:S0
97.0,102.0,99.5,144,1.0,1.0,0.0,587.4460086426423,149.5492107237604,440.51414152547613,0.7498802188533579,117.77032121297292,52.07190119447141,659.7934198771197,135.68089350278652,0.07360645075810807,0.41237088742319983,849.9814351301704,0.44892929997196546,0.3146853146853147,0.6729635861184862,0.09013918937055572,0.243096137046814,0.5011562429092549,0.13418639437095342,0.39435550371805833,0.0156800162435892,V4_BREEDING:T2:S0:W000097000,V4_BREEDING,BREEDING_PARENTAL_CARE,2,V4_BREEDING:T2:S0
98.0,103.0,100.5,143,1.0,1.0,0.0,610.9783488945629,23.644820234274913,426.11059235396704,0.6974233917207127,123.35064245779978,66.46739869203068,659.7934198771197,132.50798411319636,0.07709415153612487,0.41237088742319983,941.0865605259296,0.36913840171617884,0.18309859154929578,0.7178365740742717,0.09529187006925494,0.24233949184417725,0.5655323863307358,0.1612362860453964,0.39435550371805833,0.018148506720745597,V4_BREEDING:T2:S0:W000098000,V4_BREEDING,BREEDING_PARENTAL_CARE,2,V4_BREEDING:T2:S0
99.0,104.0,101.5,143,1.0,1.0,0.0,629.5243124036056,41.467947829281336,461.22277744400816,0.7326528433556437,127.09489381789841,76.70297807421079,659.7934198771197,130.57653723462147,0.0794343086361865,0.41237088742319983,916.7271018326655,0.34638184186376764,0.14084507042253522,0.7652738289399581,0.0806194948247862,0.24233770370483398,0.634579203123257,0.15984907425127431,0.39435550371805833,0.020579828707737564,V4_BREEDING:T2:S0:W000099000,V4_BREEDING,BREEDING_PARENTAL_CARE,2,V4_BREEDING:T2:S0
100.0,105.0,102.5,144,1.0,1.0,0.0,562.1172034472091,19.103451797277536,439.8759639761907,0.7825342495811042,112.69243919501636,50.4533071470019,659.7934198771197,135.1291554690232,0.07043277449688523,0.41237088742319983,925.5942989814429,0.46844812635129074,0.2517482517482518,0.8101983108454279,0.04577081584356044,0.1872485876083374,0.7083081111863807,0.11637134573333635,0.39293300310770674,0.02167435186024221,V4_BREEDING:T2:S0:W000100000,V4_BREEDING,BREEDING_PARENTAL_CARE,2,V4_BREEDING:T2:S0
101.0,106.0,103.5,143,1.0,1.0,0.0,265.65013886561445,23.77008074665341,120.33141140732884,0.4529695031260699,53.63220375544344,29.090537301103453,294.75393416759016,67.40981697998525,0.03352012734715216,0.18422120885474386,706.0687017502254,0.5952411052893597,0.33098591549295775,0.8344117968232482,0.017586857843946795,0.0693082571029664,0.7623443543494166,0.020293344782279597,0.1160360018412272,0.01954944915843075,V4_BREEDING:T2:S0:W000101000,V4_BREEDING,BREEDING_PARENTAL_CARE,2,V4_BREEDING:T2:S0
102.0,107.0,104.5,143,1.0,1.0,0.0,130.65429074529143,17.768195017406878,40.4383427948372,0.3095064277197841,26.377842574060008,18.4786460756304,140.23052322316022,25.395634556141218,0.016486151608787504,0.08764407701447513,504.92373679876204,0.6861825650885645,0.4154929577464789,0.841134992679516,0.01428681888984981,0.03752448558807375,0.763958386996965,0.00889857955420046,0.03372443517049151,0.01910926361632403,V4_BREEDING:T2:S0:W000102000,V4_BREEDING,BREEDING_PARENTAL_CARE,2,V4_BREEDING:T2:S0
103.0,108.0,105.5,144,1.0,1.0,0.0,278.73533821594526,170.88503626028947,163.87927479043984,0.5879386368422266,55.88045510931095,25.426960396612696,300.00303594007636,70.53327641473365,0.03492528444331934,0.18750189746254772,643.488071641959,0.620276887507338,0.34265734265734266,0.8451617436276542,0.012350042361093801,0.05065884590148928,0.748513474508568,0.0402038138427479,0.1913549582163493,0.019409055856767252,V4_BREEDING:T2:S0:W000103000,V4_BREEDING,BREEDING_PARENTAL_CARE,2,V4_BREEDING:T2:S0
104.0,109.0,106.5,143,1.0,1.0,0.0,360.98948935112446,119.16406939070811,306.46148091125684,0.8489484872873134,72.88030011626167,40.21781108331481,300.00303594007636,77.36491407770843,0.04555018757266356,0.18750189746254772,768.2099524222084,0.573544010793282,0.28169014084507044,0.8383015442561436,0.02319984059976731,0.08282229900360116,0.7011043201793324,0.09603463601453695,0.30938638051350914,0.019450958061857204,V4_BREEDING:T2:S0:W000104000,V4_BREEDING,BREEDING_PARENTAL_CARE,2,V4_BREEDING:T2:S0
105.0,110.0,107.5,143,1.0,1.0,0.0,534.9958712329537,187.88056932122777,451.71897843773183,0.844341055187395,108.01051223542366,89.1499421362478,355.18555970398216,91.38261472551686,0.0675065701471398,0.22199097481498886,901.7820543466981,0.4132309312322332,0.16901408450704225,0.8076637022978777,0.060570344982849404,0.2114829301834107,0.6260650999340421,0.14175281849420648,0.38407622973124184,0.01886381876382749,V4_BREEDING:T2:S0:W000105000,V4_BREEDING,BREEDING_PARENTAL_CARE,2,V4_BREEDING:T2:S0
106.0,111.0,108.5,144,1.0,1.0,0.0,535.9459845785632,22.8252661137472,436.4064953601638,0.8142732811093426,107.44567130937307,87.12241800794908,355.18555970398216,91.23024752660316,0.06715354456835818,0.22199097481498886,884.6118251975656,0.3555405084036694,0.16783216783216784,0.7651949225200547,0.08484850869246434,0.22373671531677253,0.5537466822950928,0.14624264518357347,0.36662208239237465,0.019333950036560188,V4_BREEDING:T2:S0:W000106000,V4_BREEDING,BREEDING_PARENTAL_CARE,2,V4_BREEDING:T2:S0
107.0,112.0,109.5,143,1.0,1.0,0.0,524.3481018785102,8.249305958350213,425.57386979339043,0.8116246979225159,105.86083018369607,89.1499421362478,355.18555970398216,93.25358508135865,0.06616301886481006,0.22199097481498886,873.1948644000025,0.44234109500555874,0.24647887323943662,0.7221453104819451,0.08547621860751259,0.22558686733245858,0.48466881016195507,0.11313410109624562,0.35478316942850746,0.019024935914488714,V4_BREEDING:T2:S0:W000107000,V4_BREEDING,BREEDING_PARENTAL_CARE,2,V4_BREEDING:T2:S0
108.0,113.0,110.5,143,1.0,1.0,0.0,369.2197525996873,22.362193712106418,288.98177566111633,0.7826823284138701,74.54191097554111,32.303785420380606,355.18555970398216,85.38674099077488,0.0465886943597132,0.22199097481498886,720.8281600280612,0.518351820703752,0.36619718309859156,0.6785421761599454,0.06654022566773735,0.18490991592407235,0.4284580380766542,0.050962460543218215,0.19272594451904296,0.017662300711831655,V4_BREEDING:T2:S0:W000108000,V4_BREEDING,BREEDING_PARENTAL_CARE,2,V4_BREEDING:T2:S0
109.0,114.0,111.5,144,1.0,1.0,0.0,252.9997288811658,8.316060767921712,196.7392081222476,0.7776261618630278,50.72101758930494,15.348083203398069,355.18555970398216,80.67554015682836,0.03170063599331559,0.22199097481498886,521.306018724617,0.6347468665019517,0.5174825174825175,0.6452434107661247,0.03413836953669977,0.1500652790069581,0.40431333062825375,0.010624964984575378,0.0772914091746012,0.016592076156779677,V4_BREEDING:T2:S0:W000109000,V4_BREEDING,BREEDING_PARENTAL_CARE,2,V4_BREEDING:T2:S0
110.0,115.0,112.5,143,1.0,1.0,0.0,72.78707034241461,8.939046747979068,21.97373488930048,0.30189063505274655,14.695008269282521,9.27887641422142,88.48504486596869,16.6376052653187,0.009184380168301576,0.05530315304123043,370.8683472241785,0.7475333204227055,0.676056338028169,0.6305908213128577,0.005623164417485394,0.02316126823425302,0.4033546667832593,0.003622078772742818,0.017292737960815374,0.01638908067655828,V4_BREEDING:T2:S0:W000110000,V4_BREEDING,BREEDING_PARENTAL_CARE,2,V4_BREEDING:T2:S0
111.0,116.0,113.5,143,1.0,1.0,0.0,65.25736690320478,15.817291190162381,13.826769057474891,0.2118805847312828,13.174833686297816,8.171124461243028,88.48504486596869,16.165502588683996,0.008234271053936133,0.05530315304123043,384.32539260570314,0.8147900032585731,0.7112676056338029,0.6284277280727466,0.003516451637021404,0.011992335319519043,0.4034507560285376,0.0029790935613050267,0.010787375768025687,0.016437721704278704,V4_BREEDING:T2:S0:W000111000,V4_BREEDING,BREEDING_PARENTAL_CARE,2,V4_BREEDING:T2:S0
112.0,117.0,114.5,144,1.0,1.0,0.0,67.46766424405098,9.602620022124292,10.794500879939621,0.15999517696199828,13.525819177612886,8.56244409861591,88.48504486596869,16.127052340516038,0.008453636986008053,0.05530315304123043,392.80713571771037,0.7452359441509786,0.6853146853146853,0.6270397974385156,0.002454415072822172,0.01132864952087409,0.4019537947796009,0.0019654503457387507,0.010030905405680302,0.016930224424522917,V4_BREEDING:T2:S0:W000112000,V4_BREEDING,BREEDING_PARENTAL_CARE,2,V4_BREEDING:T2:S0
113.0,118.0,115.5,143,1.0,1.0,0.0,52.359352617405186,7.478247319835622,4.590231837747659,0.08766784935804924,10.57084886185693,7.066059607898761,57.385857837662286,11.54146161886189,0.006606780538660582,0.03586616114853893,340.3636137531697,0.8109891910890219,0.7394366197183099,0.627532137023819,0.0016485873157858994,0.006917738914489768,0.40084236107228244,0.001382139655610789,0.005392901102701908,0.017358350156068316,V4_BREEDING:T2:S0:W000113000,V4_BREEDING,BREEDING_PARENTAL_CARE,2,V4_BREEDING:T2:S0
114.0,119.0,116.5,143,1.0,1.0,0.0,51.74288055159745,8.212449318642845,4.179351743493623,0.08077153221738433,10.446389090881265,6.440372636201326,57.385857837662286,11.860528664077293,0.006528993181800791,0.03586616114853893,342.1768623193973,0.8949984479083574,0.7394366197183099,0.627716200668495,0.0015287378254710156,0.006917738914489768,0.40000897131877616,0.0014440148044721607,0.005593570073445631,0.017503666420968497,V4_BREEDING:T2:S0:W000114000,V4_BREEDING,BREEDING_PARENTAL_CARE,2,V4_BREEDING:T2:S0
13.0,18.0,15.5,142,1.0,1.0,0.0,242.10438652882783,21.987064306671456,121.35442578113202,0.50124835621961,48.90536759362324,33.79425116907941,214.00514127407882,50.87367775588578,0.03056585474601453,0.13375321329629927,802.432643790281,0.5334137058190936,0.2907801418439716,0.6817118017606332,0.052119081592812685,0.1306033849716186,0.8063168038784618,0.004989894725598821,0.016530942916870184,0.013688103366126842,V5_NORMAL:T13:S1:W000013000,V5_NORMAL,NORMAL,13,V5_NORMAL:T13:S1
14.0,19.0,16.5,143,1.0,1.0,0.0,228.94022733877856,18.27574369799423,147.64947892457928,0.64492588585619,45.92051472080886,24.8731610128943,214.00514127407882,51.05584328780061,0.02870032170050554,0.13375321329629927,757.6755656787518,0.5938318983906848,0.323943661971831,0.660314174965545,0.04221479025000533,0.1306033849716186,0.8066202690551331,0.004941490810266257,0.018379179636637377,0.013402966416084882,V5_NORMAL:T13:S1:W000014000,V5_NORMAL,NORMAL,13,V5_NORMAL:T13:S1
0.0,5.0,2.5,143,1.0,0.986013986013986,0.013986013986013986,613.9071154429287,50.397958659115055,234.81084494081887,0.38248594784799794,123.13664164485277,78.2142536834929,1347.5013028725016,190.05683080015226,0.07696040102803299,0.8421883142953135,1444.9155921511579,0.40162021493079364,0.09154929577464789,0.8175932584942639,0.06126292225067657,0.19032146930694582,0.7654140863663111,0.07060065752599329,0.20304218928019202,0.01777813339084164,V5_NORMAL:T1:S0:W000000000,V5_NORMAL,NORMAL,1,V5_NORMAL:T1:S0
1.0,6.0,3.5,142,1.0,1.0,0.0,542.8541769429087,156.7843237776277,145.0594721917026,0.2672162771383784,109.65717496393057,81.06869095309192,630.3120376800537,109.1825318331218,0.06853573435245659,0.3939450235500335,1293.906942644954,0.36988208964288183,0.10638297872340426,0.8589368885671588,0.02945951912327317,0.10466406345367418,0.7680781281610051,0.07106587289841441,0.20304218928019202,0.01928910720833773,V5_NORMAL:T1:S0:W000001000,V5_NORMAL,NORMAL,1,V5_NORMAL:T1:S0
2.0,7.0,4.5,143,1.0,1.0,0.0,491.4050905205048,41.919449980689485,179.94347137980373,0.3661815370882798,98.56535461430911,77.44298746215506,630.3120376800537,102.86016242536076,0.0616033466339432,0.3939450235500335,1243.2092604414531,0.4215643293806079,0.1267605633802817,0.8668535565996502,0.0311685981763836,0.10466406345367418,0.802243988108246,0.04798523791664288,0.17949749628702794,0.01874607582979057,V5_NORMAL:T1:S0:W000002000,V5_NORMAL,NORMAL,1,V5_NORMAL:T1:S0
3.0,8.0,5.5,142,1.0,1.0,0.0,411.70599802717516,39.112784237648064,89.84057195753252,0.2182153585034787,83.16509032611461,55.12023662373174,630.3120376800537,104.44672191039014,0.05197818145382163,0.3939450235500335,1218.0961783352511,0.5281811871382907,0.16312056737588654,0.8772795559654772,0.02472808745627266,0.10182244777679428,0.8286752859751384,0.022787803369738513,0.08389180501302085,0.017368954372180553,V5_NORMAL:T1:S0:W000003000,V5_NORMAL,NORMAL,1,V5_NORMAL:T1:S0
4.0,9.0,6.5,143,1.0,1.0,0.0,367.54797243625546,63.383506398151845,57.62983135889292,0.1567954000042478,73.72226486823132,45.20847290699322,630.3120376800537,101.25639444220513,0.04607641554264457,0.3939450235500335,1244.6200575595913,0.5483309289567586,0.19718309859154928,0.8776640935377641,0.02347166852303714,0.09994592666625957,0.8347266735174718,0.02355612588156852,0.08429177602132165,0.016807020466632676,V5_NORMAL:T1:S0:W000004000,V5_NORMAL,NORMAL,1,V5_NORMAL:T1:S0
5.0,10.0,7.5,142,1.0,1.0,0.0,374.9097040302394,65.12834706604309,118.4670266942697,0.31598815773708117,75.73219615263832,49.042423017806,630.3120376800537,100.63525916851292,0.04733262259539896,0.3939450235500335,1290.4950877641802,0.5380976831535648,0.19148936170212766,0.8658962876024382,0.03990485810235609,0.14766519069671613,0.8389191678991899,0.026196227582724763,0.09068031311035163,0.016056513271445076,V5_NORMAL:T1:S0:W000005000,V5_NORMAL,NORMAL,1,V5_NORMAL:T1:S0
6.0,11.0,8.5,143,1.0,1.0,0.0,277.4139314877828,61.3117078189223,190.27865981479636,0.6859016012437579,55.643303375389145,43.18609847690714,206.13832237631186,47.34870826486489,0.03477706460961822,0.1288364514851949,1116.9160813061794,0.5516961768375779,0.2323943661971831,0.8353255106852605,0.051800282668647654,0.14720656871795657,0.8518399520909592,0.01228727025861734,0.05419514973958339,0.015769364150064046,V5_NORMAL:T1:S0:W000006000,V5_NORMAL,NORMAL,1,V5_NORMAL:T1:S0
7.0,12.0,9.5,142,1.0,1.0,0.0,324.7205221675364,87.52573633339465,158.2947341229184,0.48747991985935457,65.59392305725844,54.58617847316101,290.69135216381596,56.62846933437551,0.04099620191078653,0.18168209510238498,1253.7959568252202,0.5555138669919438,0.2127659574468085,0.8105279032613191,0.04924976064235501,0.14290392398834229,0.8552987953866592,0.007419088959645588,0.03231856028238933,0.016899970372646515,V5_NORMAL:T1:S0:W000007000,V5_NORMAL,NORMAL,1,V5_NORMAL:T1:S0
8.0,13.0,10.5,143,1.0,1.0,0.0,443.243451247807,159.24640057377803,260.9502943495138,0.5887290463398693,88.90515950177677,62.41468828874424,689.1373552591258,101.75984591009231,0.05556572468861048,0.4307108470369536,1483.600737457715,0.48599353858878325,0.19014084507042253,0.7836740060286087,0.041780831195121985,0.20384118556976327,0.8563354563324045,0.009375057411019658,0.03878529866536451,0.018478593805113637,V5_NORMAL:T1:S0:W000008000,V5_NORMAL,NORMAL,1,V5_NORMAL:T1:S0
9.0,14.0,11.5,142,1.0,1.0,0.0,472.50847663228785,84.05824269663626,221.6072659345421,0.4690016727615232,95.44726170441999,65.68734619629838,689.1373552591258,105.25930045569945,0.0596545385652625,0.4307108470369536,1457.5050475016212,0.46441514131562633,0.16312056737588654,0.7420209894717579,0.05559201217523902,0.20009326934814453,0.8546188177637093,0.010082410305024145,0.03878529866536451,0.01749759455660514,V5_NORMAL:T1:S0:W000009000,V5_NORMAL,NORMAL,1,V5_NORMAL:T1:S0
10.0,15.0,12.5,143,1.0,1.0,0.0,507.01255113446246,97.33296767587038,247.95665092656716,0.4890542657607853,101.69587751632943,67.39790317287746,689.1373552591258,109.17631028552836,0.0635599234477059,0.4307108470369536,1448.7735483685458,0.45242596161910603,0.15492957746478872,0.7066737748526194,0.06434733567182603,0.1883309364318848,0.8462493509679407,0.01743326172933783,0.06927280426025384,0.016539374323734903,V5_NORMAL:T1:S0:W000010000,V5_NORMAL,NORMAL,1,V5_NORMAL:T1:S0
11.0,16.0,13.5,142,1.0,1.0,0.0,546.376256587039,103.71177716885978,301.03687218986676,0.5509699013465656,110.36863914745854,70.74227929668203,689.1373552591258,110.70387892298484,0.0689803994671616,0.4307108470369536,1374.8159510575426,0.4620803975078313,0.14893617021276595,0.669177569637836,0.07817653946494103,0.24522781372070312,0.8306827567552737,0.0314864092166101,0.13404328028361,0.015612079177272245,V5_NORMAL:T1:S0:W000011000,V5_NORMAL,NORMAL,1,V5_NORMAL:T1:S0
12.0,17.0,14.5,143,1.0,1.0,0.0,479.82807307628167,22.030792571329165,334.54724899294985,0.6972231675568605,96.24325243877585,48.094202372380245,689.1373552591258,112.03948618928041,0.060152032774234906,0.4307108470369536,1127.935016678164,0.4854716263934392,0.2112676056338028,0.6211651973791056,0.07775197247250483,0.24709620475769045,0.8073571342966218,0.04833617050261918,0.14168605804443357,0.014291749732290995,V5_NORMAL:T1:S0:W000012000,V5_NORMAL,NORMAL,1,V5_NORMAL:T1:S0
13.0,18.0,15.5,142,1.0,1.0,0.0,344.36167855605004,32.8120325789759,196.1293631888649,0.569544683401646,69.56145948613553,36.67356754999193,307.73651633840296,74.29366427607661,0.04347591217883471,0.19233532271150186,777.6469299471181,0.49102343845890684,0.24113475177304963,0.5771197406338974,0.05049842836820643,0.13867580890655518,0.7834364111994353,0.04703271449104537,0.1203662554423015,0.01288541411213892,V5_NORMAL:T1:S0:W000013000,V5_NORMAL,NORMAL,1,V5_NORMAL:T1:S0
14.0,19.0,16.5,143,1.0,1.0,0.0,318.0515501715616,60.17473495254199,138.90974065244006,0.4367522830104433,63.79434082598827,36.673314467411124,307.73651633840296,67.0811819689028,0.03987146301624267,0.19233532271150186,718.844913458956,0.48304816373278786,0.23943661971830985,0.5579517047722024,0.039614546404800305,0.13370847702026367,0.7649466361199224,0.035546138925185995,0.1152986526489258,0.012551049414989439,V5_NORMAL:T1:S0:W000014000,V5_NORMAL,NORMAL,1,V5_NORMAL:T1:S0
15.0,20.0,17.5,142,1.0,1.0,0.0,323.9522093587872,99.4259116670948,66.97070566721132,0.20673020196333705,65.43872297651009,37.26551691310821,289.85521531249043,65.50430424936141,0.04089920186031881,0.18115950957030652,754.3454226691151,0.45270286017361533,0.2198581560283688,0.5558688556644279,0.0362298509546735,0.11774604320526116,0.7544288218860894,0.02168639871104535,0.07269001007080078,0.01334491749116294,V5_NORMAL:T1:S0:W000015000,V5_NORMAL,NORMAL,1,V5_NORMAL:T1:S0
16.0,21.0,18.5,143,1.0,0.993006993006993,0.006993006993006993,630.9313408862753,411.7318880127098,444.09030399434386,0.7038647079578041,126.55133728034161,49.28455310260664,922.9123773436871,190.9434720221188,0.07909458580021352,0.5768202358398045,1213.6259703555966,0.38565440184351923,0.18309859154929578,0.5938232052576291,0.09628660441128202,0.34310623407363894,0.7397071841157677,0.04295048163371085,0.2242346445719401,0.014991152691995293,V5_NORMAL:T1:S0:W000016000,V5_NORMAL,NORMAL,1,V5_NORMAL:T1:S0
17.0,22.0,19.5,142,1.0,0.9929577464788732,0.007042253521126761,749.1054252705176,130.64929130321545,362.4300116103865,0.4838170962111314,151.32016695149736,81.21481881692915,922.9123773436871,186.73991138203942,0.09457510434468583,0.5768202358398045,1352.0554120881295,0.3157016134316078,0.10638297872340426,0.6517752455153936,0.12235549607536791,0.34271684885025033,0.7211277485453468,0.06144630558319142,0.2242346445719401,0.01596874932829085,V5_NORMAL:T1:S0:W000017000,V5_NORMAL,NORMAL,1,V5_NORMAL:T1:S0
18.0,23.0,20.5,143,1.0,0.993006993006993,0.006993006993006993,854.5471658849639,135.10849947098646,361.86421264534306,0.42345727315191395,171.40389073073624,116.37834927370919,922.9123773436871,178.62555653882197,0.10712743170671014,0.5768202358398045,1440.0956862776693,0.24743045867803057,0.056338028169014086,0.7078258296826503,0.11660291948725675,0.33564335107803345,0.7254261742105017,0.06586604483716767,0.26170117060343423,0.01674880559403842,V5_NORMAL:T1:S0:W000018000,V5_NORMAL,NORMAL,1,V5_NORMAL:T1:S0
19.0,24.0,21.5,142,1.0,0.9929577464788732,0.007042253521126761,850.8358607241838,57.871935684132886,289.5126578438776,0.340268518533599,171.86983320353139,121.16270652920515,922.9123773436871,181.07219041741382,0.10741864575220711,0.5768202358398045,1455.4364396053147,0.2738339584751951,0.09929078014184398,0.7595125990014681,0.08533641023927088,0.29862624406814575,0.7421901965365163,0.08064438587355563,0.30711263020833324,0.01824881481739766,V5_NORMAL:T1:S0:W000019000,V5_NORMAL,NORMAL,1,V5_NORMAL:T1:S0
20.0,25.0,22.5,143,1.0,0.993006993006993,0.006993006993006993,837.9902098463301,86.65648239801531,148.52231931750194,0.17723634187174792,168.08291934732418,116.37834927370919,922.9123773436871,182.42090477396056,0.10505182459207761,0.5768202358398045,1438.357816242736,0.298662663332679,0.09154929577464789,0.7862095902016113,0.048858236988979696,0.22531501054763803,0.7633859165898569,0.09670027503163917,0.32526334126790357,0.018053845285578022,V5_NORMAL:T1:S0:W000020000,V5_NORMAL,NORMAL,1,V5_NORMAL:T1:S0
21.0,26.0,23.5,142,1.0,1.0,0.0,451.97466037182835,34.5606249835528,310.2599672655631,0.6864543401842924,91.29940694343944,74.70006678544473,354.8104945091294,75.9984779498609,0.05706212933964964,0.22175655906820588,1019.5290212969186,0.40488954842243063,0.1773049645390071,0.7845408590746598,0.032038099604225774,0.11013166904449456,0.7942443377535109,0.09124155441733145,0.31652358373006184,0.017613758985432187,V5_NORMAL:T1:S0:W000021000,V5_NORMAL,NORMAL,1,V5_NORMAL:T1:S0
22.0,27.0,24.5,143,1.0,1.0,0.0,359.84265597156286,39.40179590560488,194.99652159831678,0.541893848220503,72.17674312983486,52.1439772923111,354.8104945091294,69.82987847171029,0.04511046445614679,0.22175655906820588,969.5390504028001,0.48580978387247453,0.22535211267605634,0.7676024635354955,0.03196330442089633,0.08735587596893302,0.8390057995047047,0.047087937399999356,0.199695618947347,0.018174948410758795,V5_NORMAL:T1:S0:W000022000,V5_NORMAL,NORMAL,1,V5_NORMAL:T1:S0
23.0,28.0,25.5,142,1.0,1.0,0.0,278.54033698257365,55.98331336961164,139.16527845642773,0.4996234296404055,56.26547195237357,34.608332517316704,354.8104945091294,63.42334102834905,0.03516591997023348,0.22175655906820588,959.9984517363883,0.5654379628085774,0.28368794326241137,0.7508698757265654,0.028347627310027396,0.10592060089111321,0.8588521608164614,0.012803125380592358,0.061222871144612556,0.018708541781317117,V5_NORMAL:T1:S0:W000023000,V5_NORMAL,NORMAL,1,V5_NORMAL:T1:S0
24.0,29.0,26.5,142,1.0,1.0,0.0,295.3606863939277,67.56655267361194,155.9393345788603,0.5279623922964524,59.66320209187908,35.83043708631416,354.8104945091294,63.04153592975468,0.037289501307424436,0.22175655906820588,872.3688614582019,0.516380064709433,0.24113475177304963,0.7236101227746882,0.03333975307579584,0.12892036437988286,0.8598665788140095,0.010600383522521172,0.04615141550699864,0.018467126376263247,V5_NORMAL:T1:S0:W000024000,V5_NORMAL,NORMAL,1,V5_NORMAL:T1:S0
25.0,30.0,27.5,142,1.0,1.0,0.0,240.65093407771633,32.703351294817224,87.06414824413956,0.3617860390935482,48.61176850844918,28.7717478814092,212.03613330409758,50.32014673575311,0.03038235531778074,0.13252258331506098,753.6552735519132,0.6027279635680541,0.3049645390070922,0.7075210863435771,0.03413547415055864,0.09984567165374758,0.8536648515244604,0.009261733415738894,0.02940060297648106,0.019443316558899228,V5_NORMAL:T1:S0:W000025000,V5_NORMAL,NORMAL,1,V5_NORMAL:T1:S0
26.0,31.0,28.5,142,1.0,1.0,0.0,333.2733225050897,125.70823264900635,219.5843281254856,0.6588716026682038,67.32159867049273,35.83043708631416,274.5811843535396,66.81574106430094,0.04207599916905796,0.17161324022096225,694.5744083342897,0.5519733426622709,0.23404255319148937,0.6852477266754902,0.04120586869606079,0.17154693603515625,0.850760345727625,0.00920385326222083,0.02940060297648106,0.019531478693933926,V5_NORMAL:T1:S0:W000026000,V5_NORMAL,NORMAL,1,V5_NORMAL:T1:S0
27.0,32.0,29.5,142,1.0,1.0,0.0,361.72120181959076,61.98678076810353,246.8045164974395,0.6823059175296388,73.06810337072466,39.523428580213505,274.5811843535396,70.72034216806833,0.04566756460670291,0.17161324022096225,773.872375308442,0.5517535163008629,0.24822695035460993,0.648200596722079,0.059221241563523284,0.19698083400726318,0.8540582522540027,0.014593677202366652,0.048072655995686775,0.019676672284761824,V5_NORMAL:T1:S0:W000027000,V5_NORMAL,NORMAL,1,V5_NORMAL:T1:S0
28.0,33.0,30.5,142,1.0,1.0,0.0,452.0980709178084,149.98151535874365,356.2535231299688,0.7880005380397561,91.32433601722738,68.41972516148833,285.46047690039677,79.41681640698042,0.057077710010767106,0.17841279806274798,797.7400841686728,0.477753409493711,0.19858156028368795,0.6010940767509837,0.07492898978553782,0.27798054218292234,0.8593839387938448,0.01864858301467365,0.049615987141927054,0.019577633053150332,V5_NORMAL:T1:S0:W000028000,V5_NORMAL,NORMAL,1,V5_NORMAL:T1:S0
29.0,34.0,31.5,143,1.0,1.0,0.0,509.54908258175664,118.81349904268664,418.2197747959803,0.8207644544799614,102.2046514920484,95.10851433194634,285.46047690039677,78.26229564239888,0.06387790718253025,0.17841279806274798,934.7593624655972,0.43490866881320595,0.176056338028169,0.5407161851029295,0.1131206462434554,0.3443428635597229,0.8656394834007138,0.017947378688530496,0.050083160400390625,0.020045471223441726,V5_NORMAL:T1:S0:W000029000,V5_NORMAL,NORMAL,1,V5_NORMAL:T1:S0
30.0,35.0,32.5,142,1.0,1.0,0.0,578.8993733802257,103.99233530951815,351.67635007660965,0.6074913296643454,116.93834655700093,111.08287319288829,379.9023577518033,81.1636570796177,0.0730864665981256,0.2374389735948771,1170.4105438363954,0.39547057114221756,0.09929078014184398,0.47951849497539895,0.10767444455025496,0.3375512003898621,0.8704349871532457,0.014330429693552837,0.050083160400390625,0.019878943915064933,V5_NORMAL:T1:S0:W000030000,V5_NORMAL,NORMAL,1,V5_NORMAL:T1:S0
31.0,36.0,33.5,143,1.0,1.0,0.0,549.7704286388091,99.51966506652165,132.81393427990164,0.24158071689803162,110.27219355389217,97.22553435898642,379.9023577518033,75.95983608088574,0.06892012097118261,0.2374389735948771,1150.2082097213051,0.36834197825643045,0.07746478873239436,0.4383557055379961,0.07600084137627405,0.2419339537620544,0.8748300961403302,0.008055724931562511,0.036934852600097656,0.019127840741158877,V5_NORMAL:T1:S0:W000031000,V5_NORMAL,NORMAL,1,V5_NORMAL:T1:S0
32.0,37.0,34.5,142,1.0,1.0,0.0,546.7089906993135,57.513364996324405,45.082336872991235,0.08246130508174912,110.43585182503566,97.31537362159482,379.9023577518033,74.07931316005222,0.0690224073906473,0.2374389735948771,1190.6320408870376,0.3254351302683703,0.06382978723404255,0.4266621506549943,0.06103513340080852,0.20035766363143925,0.8730671228937139,0.007651391083006732,0.036934852600097656,0.018702703966665738,V5_NORMAL:T1:S0:W000032000,V5_NORMAL,NORMAL,1,V5_NORMAL:T1:S0
33.0,38.0,35.5,143,1.0,1.0,0.0,424.7358527065728,34.66318839122252,134.86585585981095,0.31752877700433385,85.19293093828422,73.32030363690212,379.9023577518033,69.6879857349569,0.053245581836427656,0.2374389735948771,1139.3570887251813,0.43581471644923014,0.1619718309859155,0.4310677535050398,0.06339771204264123,0.18424731492996216,0.8705152298187042,0.005787852457407836,0.036934852600097656,0.019073598889329156,V5_NORMAL:T1:S0:W000033000,V5_NORMAL,NORMAL,1,V5_NORMAL:T1:S0
34.0,39.0,36.5,142,1.0,1.0,0.0,401.30441062036596,96.54799110441145,223.7458035479548,0.5575463354665653,81.06395757515372,67.13646625320814,379.9023577518033,68.91157269472413,0.05066497348447107,0.2374389735948771,1083.8262843230507,0.45379887922750745,0.18439716312056736,0.45934535374104135,0.05686638834576976,0.18427548408508304,0.8628660815422524,0.017961398564005658,0.08477754592895503,0.018659593787480895,V5_NORMAL:T1:S0:W000034000,V5_NORMAL,NORMAL,1,V5_NORMAL:T1:S0
35.0,40.0,37.5,143,1.0,1.0,0.0,370.1751668114564,74.86238096533936,192.87086046495273,0.5210259297679707,74.24922388885977,64.82885463106162,228.86570180396853,57.68025630641917,0.04640576493053736,0.14304106362748034,1009.1429812804877,0.4229242715912146,0.20422535211267606,0.48844791333992166,0.035118908537707605,0.12722333669662483,0.8433365599536675,0.04156937517266966,0.12384306589762362,0.017496548194743774,V5_NORMAL:T1:S0:W000035000,V5_NORMAL,NORMAL,1,V5_NORMAL:T1:S0
36.0,41.0,38.5,142,1.0,1.0,0.0,416.6976953132618,150.9585709315714,183.89793686951256,0.44132218377465027,84.17341898216357,65.80861816468129,348.40448757846127,78.26822294612808,0.052608386863852226,0.2177528047365383,1217.9674359067692,0.48484891807261954,0.24822695035460993,0.5059197429200294,0.009898836405293343,0.05094048976898191,0.8105170046219803,0.06748245289456739,0.2063145637512207,0.017546120887732563,V5_NORMAL:T1:S0:W000036000,V5_NORMAL,NORMAL,1,V5_NORMAL:T1:S0
37.0,42.0,39.5,143,1.0,1.0,0.0,575.4260125040965,207.70653718459621,196.19941668452557,0.3409637597555234,115.41815514505231,109.64957199630598,399.87191273371104,94.89320296101518,0.0721363469656577,0.2499199454585694,1333.7131837212316,0.4266240376286602,0.19014084507042253,0.4952461727015622,0.029690793036821525,0.12008546590805053,0.7677597868414747,0.08193644018998683,0.23377348581949864,0.01684286398512318,V5_NORMAL:T1:S0:W000037000,V5_NORMAL,NORMAL,1,V5_NORMAL:T1:S0
38.0,43.0,40.5,142,1.0,1.0,0.0,663.9964267399678,116.00535142467719,146.19571152710566,0.22017544920367224,134.12805028505218,133.94363174800728,399.87191273371104,95.36986831800893,0.08383003142815759,0.2499199454585694,1398.546167366406,0.3498082782480039,0.11347517730496454,0.4994603935261847,0.0342495936557162,0.14345048666000365,0.7341979673770672,0.06597206017165158,0.22411282857259107,0.0162428515601895,V5_NORMAL:T1:S0:W000038000,V5_NORMAL,NORMAL,1,V5_NORMAL:T1:S0
39.0,44.0,41.5,143,1.0,1.0,0.0,704.1434297528501,135.51742874426074,76.04224438682242,0.107992549775708,141.2361169873333,142.7285154129159,399.87191273371104,92.85649417093953,0.0882725731170833,0.2499199454585694,1460.369122799826,0.35001507950491373,0.09154929577464789,0.5061550973178625,0.037352658090298335,0.15029376745223993,0.7225173203261581,0.05033571338189519,0.18106609980265298,0.01591481092377744,V5_NORMAL:T1:S0:W000039000,V5_NORMAL,NORMAL,1,V5_NORMAL:T1:S0
40.0,45.0,42.5,142,1.0,1.0,0.0,699.7193448835776,64.8007533714576,104.9585199175659,0.15000088347568746,141.34412128805377,143.25638239076272,399.87191273371104,91.27545941163955,0.0883400758050336,0.2499199454585694,1324.5881996535663,0.34556208242564485,0.05673758865248227,0.5184924887099736,0.04714154863841291,0.18043280839920045,0.7353442346546011,0.06682771583422185,0.20689671834309897,0.015639698269928896,V5_NORMAL:T1:S0:W000040000,V5_NORMAL,NORMAL,1,V5_NORMAL:T1:S0
41.0,46.0,43.5,143,1.0,1.0,0.0,571.3127363976955,31.00385549512729,188.7692891652908,0.3304132345369016,114.59311990248976,91.29362749568807,399.87191273371104,88.86795761969778,0.07162069993905609,0.2499199454585694,1068.0299806504934,0.33724380692941014,0.08450704225352113,0.5330947163221719,0.05300195132622077,0.18647228479385375,0.7624973979585375,0.07409926545999239,0.20689671834309897,0.014696689631158775,V5_NORMAL:T1:S0:W000041000,V5_NORMAL,NORMAL,1,V5_NORMAL:T1:S0
26.0,31.0,28.5,142,1.0,1.0,0.0,84.65477933348618,11.45895940755515,44.544741152109054,0.5261928682919484,17.100363860479796,12.285212015946728,84.32335141177582,17.659753459376716,0.010687727412799873,0.052702094632359885,372.1156698066551,0.818743510608499,0.6028368794326241,0.87187123701606,0.006939353338660557,0.03289663791656494,0.4863608973686684,0.008783545288405779,0.028937880198160848,0.013960830150356082,V5_NORMAL:T22:S0:W000026000,V5_NORMAL,NORMAL,22,V5_NORMAL:T22:S0
27.0,32.0,29.5,142,1.0,1.0,0.0,62.308551412617746,11.743487899706992,28.57144318572404,0.458547703934234,12.586399836656401,9.293701548337202,54.65046408673817,12.495432977627328,0.007866499897910249,0.03415654005421136,350.54729508258254,0.9128265638896705,0.6737588652482269,0.8756344268019769,0.003954531121375736,0.015420579910278343,0.4815214799603387,0.0056507651141403685,0.02213891347249347,0.014116830409651204,V5_NORMAL:T22:S0:W000027000,V5_NORMAL,NORMAL,22,V5_NORMAL:T22:S0
28.0,33.0,30.5,142,1.0,1.0,0.0,58.73644036153129,11.937091082939594,23.354405469452274,0.39761356537274867,11.864829250747931,9.293701548337202,54.65046408673817,11.492567687775649,0.007415518281717458,0.03415654005421136,334.5390621881423,0.9511032762066831,0.6879432624113475,0.8777526946134968,0.0031394490218870645,0.010789585113525457,0.477902619603654,0.004369631122429786,0.019618034362793024,0.014271926350082743,V5_NORMAL:T22:S0:W000028000,V5_NORMAL,NORMAL,22,V5_NORMAL:T22:S0
29.0,34.0,31.5,143,1.0,1.0,0.0,64.93078632328925,16.897984274266793,25.181229103014882,0.38781648165537347,13.023727476168382,9.987184564595864,82.97621323886625,13.54810386616758,0.008139829672605237,0.051860133274291405,372.72625552627915,0.9419863513796419,0.6901408450704225,0.8805431726095562,0.0034853940724054885,0.013768529891967751,0.4740974347352425,0.005298969864617043,0.019902578989664688,0.014400469393573083,V5_NORMAL:T22:S0:W000029000,V5_NORMAL,NORMAL,22,V5_NORMAL:T22:S0
30.0,35.0,32.5,142,1.0,1.0,0.0,68.52876132684274,15.489987441671092,28.334979466417938,0.41347572782289754,13.842889472082485,10.454305746666787,82.97621323886625,14.391300153395303,0.008651805920051554,0.051860133274291405,372.09115782826007,0.9651145573912245,0.6453900709219859,0.8832710390359583,0.004515888010472141,0.014430999755859375,0.46940875154146,0.0078861192565216,0.026434214909871467,0.014360682018776171,V5_NORMAL:T22:S0:W000030000,V5_NORMAL,NORMAL,22,V5_NORMAL:T22:S0
31.0,36.0,33.5,143,1.0,1.0,0.0,68.45310772061342,11.291670813468524,38.36842322180101,0.5605066665256317,13.730229839066245,9.916996126510842,82.97621323886625,13.826814387842683,0.008581393649416402,0.051860133274291405,355.1568444994449,0.8057444786902577,0.6549295774647887,0.886223372879562,0.005643816208642022,0.016334247589111284,0.463693200736057,0.010590511910906077,0.03401985168457028,0.014514402069651005,V5_NORMAL:T22:S0:W000031000,V5_NORMAL,NORMAL,22,V5_NORMAL:T22:S0
32.0,37.0,34.5,142,1.0,1.0,0.0,110.94107312700721,54.23145330610079,69.20839729466472,0.6238302491939463,22.410225772019487,13.23454065975012,119.62002086342834,24.540522707106266,0.014006391107512178,0.07476251303964271,397.85904222806533,0.6915243242528792,0.5531914893617021,0.8868013922597321,0.006115003424833119,0.024206256866455056,0.45459251650062515,0.015360355297607096,0.07074921925862632,0.014661548698822191,V5_NORMAL:T22:S0:W000032000,V5_NORMAL,NORMAL,22,V5_NORMAL:T22:S0
33.0,38.0,35.5,143,1.0,1.0,0.0,151.9151667737409,49.44397331236381,104.99595815122493,0.691148621833155,30.47093441479277,22.479640035310318,119.62002086342834,28.0198646371063,0.019044334009245482,0.07476251303964271,478.0767720184788,0.6239748911332351,0.4225352112676056,0.8832623435067131,0.01133906381144854,0.03734161853790274,0.43681337372128504,0.029971767190002344,0.10460076332092288,0.014919490357411296,V5_NORMAL:T22:S0:W000033000,V5_NORMAL,NORMAL,22,V5_NORMAL:T22:S0
34.0,39.0,36.5,142,1.0,1.0,0.0,180.1334705492344,44.22215621513946,139.65470079286922,0.7752845729727865,36.38717050703401,28.694999260135845,176.44408353541243,30.763918908547332,0.022741981566896254,0.11027755220963277,526.2487556399215,0.5311667696355973,0.3120567375886525,0.8765873930823634,0.016511427021592716,0.05049486160278316,0.41326251399349156,0.04238971752618042,0.13502631982167562,0.015076130994284039,V5_NORMAL:T22:S0:W000034000,V5_NORMAL,NORMAL,22,V5_NORMAL:T22:S0
35.0,40.0,37.5,143,1.0,1.0,0.0,187.60480399665784,21.910484084277304,138.46904438225647,0.7380890117543221,37.62951257524015,32.56166348265593,176.44408353541243,30.324608128287977,0.023518445359525096,0.11027755220963277,535.9277246654516,0.5255484060945628,0.2887323943661972,0.8687951573125132,0.017506922261096167,0.05049486160278316,0.3858406081344142,0.049528634951211195,0.13572084108988441,0.015282882577592007,V5_NORMAL:T22:S0:W000035000,V5_NORMAL,NORMAL,22,V5_NORMAL:T22:S0
36.0,41.0,38.5,142,1.0,1.0,0.0,188.21750308326438,11.610693277024888,135.02518923911165,0.7173891217724777,38.02015447888155,33.268464093996805,176.44408353541243,30.18246740960723,0.023762596549300973,0.11027755220963277,534.2054713265205,0.5822006982104343,0.28368794326241137,0.8611037825194883,0.012338021473757082,0.049925470352172874,0.3590288003845394,0.044351999792478336,0.131971263885498,0.01577683384198725,V5_NORMAL:T22:S0:W000036000,V5_NORMAL,NORMAL,22,V5_NORMAL:T22:S0
37.0,42.0,39.5,143,1.0,1.0,0.0,148.4191341058907,17.902664885572346,98.66492151557392,0.6647722486049591,29.76970500895778,23.74712523673116,176.44408353541243,27.185127876291908,0.018606065630598613,0.11027755220963277,475.780866291614,0.6452028870384033,0.39436619718309857,0.8559611207121736,0.005552635385570638,0.025802469253540017,0.3347031431042508,0.028911146921484703,0.0989662806193034,0.016260849402657707,V5_NORMAL:T22:S0:W000037000,V5_NORMAL,NORMAL,22,V5_NORMAL:T22:S0
38.0,43.0,40.5,142,1.0,1.0,0.0,130.42744768845546,30.083475328938707,80.5118982406642,0.617292599583627,26.3464960918516,21.101730171869416,176.44408353541243,25.5745471809652,0.016466560057407247,0.11027755220963277,459.11305494198353,0.6865405459150408,0.4397163120567376,0.851634952887683,0.006245037255274109,0.019042897224426203,0.3156057638741435,0.019588796166063207,0.08112318515777589,0.01666138345961551,V5_NORMAL:T22:S0:W000038000,V5_NORMAL,NORMAL,22,V5_NORMAL:T22:S0
39.0,44.0,41.5,143,1.0,1.0,0.0,271.84839222212054,185.74345828366657,126.45650126655224,0.4651728863756817,54.52697519336171,22.540714721091632,491.70106863780364,91.57922722173419,0.034079359495851065,0.3073131678986273,719.817992118875,0.6849312221227442,0.4295774647887324,0.8438152328237787,0.018597547190438112,0.0679828166961669,0.2896643790053876,0.04232967037326024,0.16193446715672807,0.016881047836626705,V5_NORMAL:T22:S0:W000039000,V5_NORMAL,NORMAL,22,V5_NORMAL:T22:S0
40.0,45.0,42.5,142,1.0,1.0,0.0,382.86861803307534,127.84152852153125,10.2109861285896,0.026669686800257657,77.33990603569947,34.57019607494758,491.70106863780364,98.44200696443582,0.048337441272312154,0.3073131678986273,826.2107615869501,0.580333775241458,0.3404255319148936,0.8395257303412532,0.020397806824535607,0.0679828166961669,0.2819225705565421,0.04269378792265355,0.1621621092160542,0.01679773533010337,V5_NORMAL:T22:S0:W000040000,V5_NORMAL,NORMAL,22,V5_NORMAL:T22:S0
41.0,46.0,43.5,143,1.0,1.0,0.0,403.9086156130557,30.624872386400263,29.89072640443432,0.07400368610376369,81.01543247650697,39.94659983873659,491.70106863780364,96.0695318155219,0.05063464529781685,0.3073131678986273,873.4421552980622,0.4760680208467552,0.24647887323943662,0.840723720630566,0.021529089630143102,0.08132812976837156,0.285667382392572,0.04575527808404229,0.17373384237289427,0.01634706351812926,V5_NORMAL:T22:S0:W000041000,V5_NORMAL,NORMAL,22,V5_NORMAL:T22:S0
42.0,47.0,44.5,142,1.0,1.0,0.0,402.02797316653806,18.92675955296428,60.66852832140674,0.15090623630877323,81.2101180508263,38.14078839812395,491.70106863780364,96.22288014992422,0.05075632378176643,0.3073131678986273,880.9998152480766,0.49092439954479405,0.2198581560283688,0.8452298926635528,0.02641328505746007,0.09289968013763428,0.29192625650777504,0.05067656215316124,0.1807373563448588,0.015990159874862693,V5_NORMAL:T22:S0:W000042000,V5_NORMAL,NORMAL,22,V5_NORMAL:T22:S0
43.0,48.0,45.5,143,1.0,1.0,0.0,389.31712151019894,18.17865702130444,76.14366819080763,0.19558263426853395,78.08869073462294,33.24693152428516,491.70106863780364,97.33910077432057,0.048805431709139334,0.3073131678986273,840.3782313715769,0.4829415968442212,0.2746478873239437,0.8543455165582938,0.03098449065830202,0.0978316068649292,0.3014337310979972,0.0533164912795039,0.1807373563448588,0.015370414981039497,V5_NORMAL:T22:S0:W000043000,V5_NORMAL,NORMAL,22,V5_NORMAL:T22:S0
44.0,49.0,46.5,142,1.0,1.0,0.0,212.6328152231041,14.405510969885404,151.6101931673628,0.713014089609294,42.95207592083292,24.56814284855522,258.27191159635606,54.63455157596996,0.026845047450520576,0.16141994474772253,516.2211407446619,0.5418935118639604,0.36879432624113473,0.8690416100998999,0.02330807126872942,0.08858797550201425,0.3231990398935309,0.026717464896441088,0.1293599367141724,0.015030632297639858,V5_NORMAL:T22:S0:W000044000,V5_NORMAL,NORMAL,22,V5_NORMAL:T22:S0
45.0,50.0,47.5,143,1.0,1.0,0.0,96.17041235565765,13.006655185349112,46.99326044774056,0.48864572061883205,19.289728535777737,17.408253756620944,86.81287882409462,15.648148903147238,0.012056080334861085,0.054258049265059144,410.9607452922125,0.6502370210445669,0.4788732394366197,0.8805152492923337,0.010715991178376441,0.03649716377258294,0.3297308358279141,0.009608825863784651,0.0334876457850139,0.015309466822598948,V5_NORMAL:T22:S0:W000045000,V5_NORMAL,NORMAL,22,V5_NORMAL:T22:S0
46.0,51.0,48.5,142,1.0,1.0,0.0,88.41301299256011,22.752491855772686,42.19374356762471,0.47723453979761193,17.85953142962204,14.601786837497087,99.48789395897235,16.403993528876278,0.011162207143513774,0.06217993372435772,376.29329393384313,0.703681327364679,0.5319148936170213,0.8864978760061131,0.004337828904229121,0.023173522949218706,0.3241831727990522,0.014024859890585363,0.043857367833455396,0.015350886864768943,V5_NORMAL:T22:S0:W000046000,V5_NORMAL,NORMAL,22,V5_NORMAL:T22:S0
47.0,52.0,49.5,143,1.0,1.0,0.0,231.51819735647177,158.8860668181711,185.70755529085176,0.8021294110411341,46.43760038776849,19.121973018812263,556.1719158370199,86.56085907123143,0.029023500242355296,0.3476074473981374,562.2890595771466,0.6292514833340533,0.43661971830985913,0.8832575753018573,0.013525211460758833,0.0852262735366821,0.3092723156744505,0.028935698547439506,0.1666805783907573,0.01557715483799613,V5_NORMAL:T22:S0:W000047000,V5_NORMAL,NORMAL,22,V5_NORMAL:T22:S0
28.0,33.0,30.5,142,1.0,1.0,0.0,246.79678747177027,36.613039479890034,95.3911361824403,0.38651692819685335,49.85323804034036,39.41422584562626,162.2046624309115,40.876770032058076,0.031158273775212724,0.10137791401931968,732.497975113487,0.5230718565970477,0.24113475177304963,0.7926951943988532,0.02950739400204741,0.09463658332824709,0.7901046020883908,0.008630898896323158,0.031869347890218114,0.01341631728526037,V5_NORMAL:T24:S1:W000028000,V5_NORMAL,NORMAL,24,V5_NORMAL:T24:S1
29.0,34.0,31.5,143,1.0,1.0,0.0,265.85010693951006,58.20979707811865,68.11165283268505,0.256203217733453,53.32384741271092,49.399907893072665,162.2046624309115,39.37322132455191,0.03332740463294433,0.10137791401931968,745.1360675327409,0.4615759794851615,0.20422535211267606,0.7798762743289653,0.025307134916587096,0.09353220462799072,0.7890343272602641,0.008963054582766975,0.031869347890218114,0.014664452840593365,V5_NORMAL:T24:S1:W000029000,V5_NORMAL,NORMAL,24,V5_NORMAL:T24:S1
30.0,35.0,32.5,142,1.0,1.0,0.0,258.1506730249043,39.05441577046654,8.7777324861742,0.03400236142451349,52.146736124175554,43.3221293197572,162.2046624309115,38.90263881495922,0.03259171007760972,0.10137791401931968,709.4146461315108,0.4456274988695549,0.19148936170212766,0.7743408213199026,0.016550590640452355,0.06500594615936284,0.7893339698863141,0.008739189632343826,0.031869347890218114,0.015171742544573283,V5_NORMAL:T24:S1:W000030000,V5_NORMAL,NORMAL,24,V5_NORMAL:T24:S1
31.0,36.0,33.5,143,1.0,1.0,0.0,228.13564693299915,37.55863575285616,16.840930398645934,0.07381981126163911,45.75913309383509,35.608970711255935,143.91913711551948,35.88039095056287,0.028599458183646936,0.08994946069719967,682.6027291498918,0.5180880920187213,0.21830985915492956,0.7779787527097688,0.019447758470780313,0.06500594615936284,0.789589967705431,0.008144860934052063,0.028188991546630904,0.015085617354774601,V5_NORMAL:T24:S1:W000031000,V5_NORMAL,NORMAL,24,V5_NORMAL:T24:S1
32.0,37.0,34.5,142,1.0,1.0,0.0,197.26136627602438,22.180634103817923,17.00950870162195,0.086228281912135,39.84702535986732,30.25914837340971,143.91913711551948,34.125391349472594,0.024904390849917073,0.08994946069719967,657.7792448310216,0.5892016865333881,0.3049645390070922,0.7823505762597205,0.018736665167371727,0.06500594615936284,0.7895379641806016,0.00807264862299752,0.028188991546630904,0.014875161178925254,V5_NORMAL:T24:S1:W000032000,V5_NORMAL,NORMAL,24,V5_NORMAL:T24:S1
33.0,38.0,35.5,143,1.0,1.0,0.0,188.20595813013898,29.253613907270392,57.24013945403118,0.3041356396084511,37.75009124137037,29.51093004720745,130.57890114689073,31.754564703913452,0.02359380702585648,0.0816118132168067,648.889749674728,0.5909259669922604,0.3028169014084507,0.7875961780548095,0.015428105194276403,0.06500594615936284,0.7893698416667664,0.007849145963229739,0.02724269231160481,0.014300269552987207,V5_NORMAL:T24:S1:W000033000,V5_NORMAL,NORMAL,24,V5_NORMAL:T24:S1
34.0,39.0,36.5,142,1.0,1.0,0.0,158.6450838155343,29.72591861312324,39.349818259048845,0.24803679580013416,32.04649140050166,23.870391617337248,129.8660873926669,29.532599318486042,0.020029057125313537,0.08116630462041682,627.5123216036485,0.6398413585853714,0.3475177304964539,0.7944788669196652,0.008469436362826582,0.029318237304687522,0.7928790873764826,0.0093560980143666,0.03209323883056647,0.013322063729484811,V5_NORMAL:T24:S1:W000034000,V5_NORMAL,NORMAL,24,V5_NORMAL:T24:S1
35.0,40.0,37.5,143,1.0,1.0,0.0,145.31299303299284,25.879246374643838,32.09611242364476,0.22087572318022136,29.146679520947536,20.90398565589735,123.05184330484919,27.921447175158637,0.018216674700592208,0.07690740206553075,609.9197992796095,0.6452531273625719,0.39436619718309857,0.7955200153630931,0.008465692445211837,0.02866914272308352,0.797316773954805,0.007013791430680832,0.02997080485026049,0.01344374853191605,V5_NORMAL:T24:S1:W000035000,V5_NORMAL,NORMAL,24,V5_NORMAL:T24:S1
36.0,41.0,38.5,142,1.0,1.0,0.0,122.59670564022022,12.248755357411582,12.109571436934653,0.09877566753279766,24.76467709265645,16.500150094840176,117.59879734930634,25.867701223404254,0.01547792318291028,0.07349924834331646,551.7797321266829,0.6482102929898093,0.48936170212765956,0.7929616681286987,0.008069710783299624,0.02841122150421138,0.8005877362730358,0.004248500401519154,0.014622529347737667,0.013808278156431054,V5_NORMAL:T24:S1:W000036000,V5_NORMAL,NORMAL,24,V5_NORMAL:T24:S1
37.0,42.0,39.5,143,1.0,1.0,0.0,120.97263370571227,20.145896832175108,30.717127230703337,0.25391798367743473,24.264523851799055,17.591471504597614,117.59879734930634,24.223747926619076,0.01516532740737441,0.07349924834331646,528.8832749938429,0.5643321454845259,0.4647887323943662,0.7941964849725469,0.007502537604318109,0.02841122150421138,0.8039232894257232,0.004922763561300748,0.02279917399088538,0.013707085497388102,V5_NORMAL:T24:S1:W000037000,V5_NORMAL,NORMAL,24,V5_NORMAL:T24:S1
38.0,43.0,40.5,142,1.0,1.0,0.0,152.2264798682816,60.207456311746625,38.005648327559484,0.24966515917890883,30.749925939714732,17.881165389835367,127.7170028122492,33.22622348811341,0.019218703712321705,0.07982312675765575,551.1427831649371,0.5378908358009918,0.45390070921985815,0.7930618479218283,0.009664596932749965,0.04902172088623047,0.8058235602759419,0.00431004366653391,0.01589005788167308,0.013671002589152683,V5_NORMAL:T24:S1:W000038000,V5_NORMAL,NORMAL,24,V5_NORMAL:T24:S1
39.0,44.0,41.5,143,1.0,1.0,0.0,180.83705417013957,54.148123071419846,95.01433279523246,0.5254140708675709,36.27204665870875,19.479877041314907,127.7170028122492,37.8831831843736,0.02267002916169297,0.07982312675765575,521.5635366604565,0.5707211020472506,0.43661971830985913,0.782977003984518,0.020353897093822366,0.0793061733245849,0.8036716954691427,0.006185348078527338,0.024540487925211574,0.01467392992422645,V5_NORMAL:T24:S1:W000039000,V5_NORMAL,NORMAL,24,V5_NORMAL:T24:S1
40.0,45.0,42.5,142,1.0,1.0,0.0,168.37724479592322,14.01473653158456,61.937477500189694,0.36784945361981203,34.01239923492919,18.445564613705198,127.7170028122492,37.44241096662988,0.021257749521830745,0.07982312675765575,501.23477884034384,0.590608713813387,0.45390070921985815,0.7703424574623646,0.023341968982632286,0.0698784589767456,0.8012929629831806,0.008379377204825152,0.028833071390787723,0.014894161961045867,V5_NORMAL:T24:S1:W000040000,V5_NORMAL,NORMAL,24,V5_NORMAL:T24:S1
41.0,46.0,43.5,143,1.0,1.0,0.0,231.84947093285246,75.30159922405396,29.45120097038473,0.12702725113793464,46.50404678435687,26.1161834140846,250.64236709196018,46.180265422245185,0.029065029240223045,0.15665147943247512,662.4658144671624,0.504800507414285,0.33098591549295775,0.7645787167382406,0.02254720452331725,0.0698784589767456,0.797691723794648,0.011165331184823638,0.043196678161621094,0.014850025124640648,V5_NORMAL:T24:S1:W000041000,V5_NORMAL,NORMAL,24,V5_NORMAL:T24:S1
42.0,47.0,44.5,142,1.0,1.0,0.0,246.94146257959366,34.725941553415616,51.13917742320394,0.2070902832152817,49.882462580346726,28.101451433713475,250.64236709196018,47.313949852761404,0.031176539112716707,0.15665147943247512,710.1820520238612,0.5743553582314647,0.3120567375886525,0.7587638410044388,0.017212611258771646,0.06964097023010252,0.7940753943483595,0.008821608763834674,0.043196678161621094,0.014694317408747073,V5_NORMAL:T24:S1:W000042000,V5_NORMAL,NORMAL,24,V5_NORMAL:T24:S1
43.0,48.0,45.5,143,1.0,1.0,0.0,231.64758422970695,48.980891392912376,28.9588856801366,0.12501268155432313,46.46355262816834,26.250910446941944,358.86972644035666,52.36582230011423,0.02903972039260521,0.2242935790252229,863.0960390957406,0.6201579724101889,0.34507042253521125,0.7560609772488788,0.013747487357390856,0.04787511825561519,0.7917855336115911,0.006200459740027779,0.031107425689697266,0.015041432377961567,V5_NORMAL:T24:S1:W000043000,V5_NORMAL,NORMAL,24,V5_NORMAL:T24:S1
44.0,49.0,46.5,142,1.0,1.0,0.0,246.35362657615963,70.78816733082486,92.47374224733613,0.375369924658885,49.76371902412733,27.393332524207594,358.86972644035666,57.41133458740154,0.03110232439007958,0.2242935790252229,995.8051850212996,0.6124889027760836,0.3262411347517731,0.765766267709329,0.019950957698741733,0.07060925960540776,0.7904143575211645,0.007645482276189936,0.037569967905680346,0.01503953841583234,V5_NORMAL:T24:S1:W000044000,V5_NORMAL,NORMAL,24,V5_NORMAL:T24:S1
45.0,50.0,47.5,143,1.0,1.0,0.0,349.42756664808167,116.54958596014946,176.43818646238657,0.5049349373173022,70.0876988925825,43.35709501148915,366.95636070449814,74.23214728315246,0.04380481180786406,0.22934772544031135,1214.3685351144304,0.5770063293549443,0.24647887323943662,0.7819009025613745,0.026563681990196614,0.1344149827957154,0.7971734662711759,0.0157701595906234,0.06303160985310874,0.014812109849303649,V5_NORMAL:T24:S1:W000045000,V5_NORMAL,NORMAL,24,V5_NORMAL:T24:S1
46.0,51.0,48.5,142,1.0,1.0,0.0,327.981385546064,50.46364379995774,118.32553619970753,0.36076906011816656,66.25262125139669,42.766288430298864,366.95636070449814,71.66159632401991,0.04140788828212293,0.22934772544031135,1171.0794100072465,0.6023370504229545,0.2553191489361702,0.8038490062028589,0.040014453739635705,0.12623085975646975,0.8083130668586408,0.02173964856722401,0.06945082346598308,0.014493881645153426,V5_NORMAL:T24:S1:W000046000,V5_NORMAL,NORMAL,24,V5_NORMAL:T24:S1
47.0,52.0,49.5,143,1.0,1.0,0.0,355.38264796607666,60.57217396015593,80.56426177901137,0.22669722970464698,71.28216088165863,46.49192222035731,366.95636070449814,71.48183802049938,0.04455135055103664,0.22934772544031135,1241.949782259804,0.5474277088115684,0.2112676056338028,0.8172428494566805,0.03641663451750499,0.12623085975646975,0.8170761788641656,0.022915219836956484,0.0696596145629883,0.014480430052728716,V5_NORMAL:T24:S1:W000047000,V5_NORMAL,NORMAL,24,V5_NORMAL:T24:S1
48.0,53.0,50.5,142,1.0,1.0,0.0,573.8928062435741,267.1388547560907,227.96266179163487,0.39722167504375716,115.9270141738471,71.58994352250627,679.5709765842523,126.07567789663631,0.07245438385865442,0.4247318603651577,1287.615284647149,0.468633433879119,0.14893617021276595,0.8021831171613345,0.06899971798160662,0.2737692594528198,0.8285367582885312,0.023523362968999668,0.08360608418782556,0.01487919362032492,V5_NORMAL:T24:S1:W000048000,V5_NORMAL,NORMAL,24,V5_NORMAL:T24:S1
49.0,54.0,51.5,143,1.0,1.0,0.0,570.4295761659778,66.14543653486837,321.9129517308863,0.5643342582173884,114.41597684251843,67.39049831853595,679.5709765842523,128.63760764964434,0.07150998552657403,0.4247318603651577,1214.119955276291,0.4636789066091043,0.18309859154929578,0.7566286295443982,0.11558329283534474,0.3205758571624756,0.846081564087412,0.018956514852782047,0.06748218536376949,0.015835284851229182,V5_NORMAL:T24:S1:W000049000,V5_NORMAL,NORMAL,24,V5_NORMAL:T24:S1
50.0,55.0,52.5,142,1.0,1.0,0.0,520.5825876789181,69.78776168774657,448.50090824984096,0.8615365147911261,105.1582880355852,56.923606450378735,679.5709765842523,125.95610542485082,0.06572393002224075,0.4247318603651577,1118.4410884927076,0.5068748410843733,0.20567375886524822,0.7017761190172652,0.13582549261547788,0.35311846733093266,0.8562178963226891,0.017184907035599852,0.049504311879475904,0.01710205548247611,V5_NORMAL:T24:S1:W000050000,V5_NORMAL,NORMAL,24,V5_NORMAL:T24:S1
51.0,56.0,53.5,143,1.0,1.0,0.0,650.7353059757563,176.9629105783593,454.47340021389033,0.698399788731952,130.52358925629594,89.06416083964876,679.5709765842523,129.64967908978824,0.08157724328518497,0.4247318603651577,1167.161974383395,0.4700258015194243,0.16901408450704225,0.6344813665309985,0.11913231222114581,0.33629870414733887,0.8375813333026735,0.05328940401390799,0.1954082489013672,0.017485078539882584,V5_NORMAL:T24:S1:W000051000,V5_NORMAL,NORMAL,24,V5_NORMAL:T24:S1
52.0,57.0,54.5,142,1.0,1.0,0.0,658.3329829439813,68.00050331446688,361.46782350019106,0.549065340587605,132.9840280529086,93.87988854534493,679.5709765842523,128.6753241932628,0.08311501753306788,0.4247318603651577,1118.2737597342484,0.4266936161990388,0.1702127659574468,0.5730528359681787,0.06792919189631216,0.30060634613037107,0.8124587972399214,0.07405193486801735,0.1954082489013672,0.017649525413124142,V5_NORMAL:T24:S1:W000052000,V5_NORMAL,NORMAL,24,V5_NORMAL:T24:S1
53.0,58.0,55.5,142,1.0,1.0,0.0,513.3321252548396,118.68258792695889,35.66258368235993,0.06947272911208416,103.69368619520905,81.74765936823846,364.9562143506093,86.57542276689595,0.06480855387200567,0.2280976339691308,1017.7513625869619,0.4352888543675598,0.16312056737588654,0.5503908926332501,0.022947255481113028,0.09213345050811772,0.8038314505921842,0.0721241634721357,0.1954082489013672,0.01744311323716116,V5_NORMAL:T24:S1:W000053000,V5_NORMAL,NORMAL,24,V5_NORMAL:T24:S1
54.0,59.0,56.5,142,1.0,1.0,0.0,482.995116638401,34.58769900958184,74.0091029238163,0.15322950558778412,97.5655751793386,71.11865589553065,364.9562143506093,82.40489033656651,0.060978484487086634,0.2280976339691308,997.1607516689639,0.40233749939324887,0.1276595744680851,0.5576167289639862,0.031986445642069955,0.10148437023162837,0.7959389471671952,0.0656292381700423,0.19487454096476242,0.016373771489232865,V5_NORMAL:T24:S1:W000054000,V5_NORMAL,NORMAL,24,V5_NORMAL:T24:S1
55.0,60.0,57.5,142,1.0,1.0,0.0,455.26576583753797,47.38627036430448,67.60476339746259,0.14849516144288216,91.9642140743541,68.09009052318602,364.9562143506093,80.87915308694615,0.057477633796471306,0.2280976339691308,951.6025050399796,0.44240771923987093,0.14893617021276595,0.569566108139468,0.035782969326276254,0.10257635116577146,0.7908188862420024,0.060070187594200915,0.1678608576456706,0.015461294545755074,V5_NORMAL:T24:S1:W000055000,V5_NORMAL,NORMAL,24,V5_NORMAL:T24:S1
56.0,61.0,58.5,142,1.0,1.0,0.0,395.0102708837985,116.79938374995304,182.9201149229397,0.46307685750467464,79.79253402964964,61.11511966645033,318.736431652309,67.65283551299302,0.049870333768531026,0.19921026978269313,930.8713590103506,0.4233817150865896,0.14184397163120568,0.570968844689114,0.03672880072042395,0.11847922801971433,0.8137830839470519,0.05606819654661904,0.18902193705240888,0.0163311208239709,V5_NORMAL:T24:S1:W000056000,V5_NORMAL,NORMAL,24,V5_NORMAL:T24:S1
57.0,62.0,59.5,142,1.0,1.0,0.0,385.70319837847404,62.311917932630685,177.9474284891733,0.46135844669496645,77.91249456147071,57.579844340267854,318.736431652309,71.20348867561059,0.0486953091009192,0.19921026978269313,1006.739862508839,0.4989545776716645,0.1702127659574468,0.562284465406982,0.04901878767435564,0.16040526628494262,0.8479092743475113,0.027403280512671716,0.14499231974283855,0.017444910928479277,V5_NORMAL:T24:S1:W000057000,V5_NORMAL,NORMAL,24,V5_NORMAL:T24:S1
58.0,63.0,60.5,143,1.0,1.0,0.0,358.105866246396,93.07235738439266,276.6222536151198,0.7724594308231435,71.82838024460276,55.49607674852559,312.87331751122815,62.0919067103696,0.04489273765287671,0.1955458234445176,875.2406326908533,0.4696060932920921,0.176056338028169,0.5329056199613986,0.07158962040501815,0.23225250244140622,0.864847906374987,0.021582367289234884,0.06584110260009768,0.01701021594212593,V5_NORMAL:T24:S1:W000058000,V5_NORMAL,NORMAL,24,V5_NORMAL:T24:S1
59.0,64.0,61.5,142,1.0,1.0,0.0,373.54246865268726,46.06977228215157,323.52387452061055,0.8660966333694629,75.45601301657476,60.60249468392729,312.87331751122815,64.54820636554928,0.04716000813535923,0.1955458234445176,979.7152759138008,0.531872664460108,0.19858156028368795,0.48441593202067096,0.08505732410943163,0.25812079906463625,0.8737930136667171,0.017010157767927168,0.04965880711873372,0.017110193754081342,V5_NORMAL:T24:S1:W000059000,V5_NORMAL,NORMAL,24,V5_NORMAL:T24:S1
60.0,65.0,62.5,143,1.0,1.0,0.0,367.3800232704365,41.22049228046143,260.1947790451704,0.708244222777555,73.68857785642442,57.035185629090265,312.87331751122815,64.45165592088172,0.04605536116026524,0.1955458234445176,1005.8067237778488,0.5459241240937672,0.20422535211267606,0.43912148175539667,0.0679910386951016,0.22415680885314948,0.8792683479113457,0.011334940450869203,0.043251768747965436,0.017547067371998206,V5_NORMAL:T24:S1:W000060000,V5_NORMAL,NORMAL,24,V5_NORMAL:T24:S1
61.0,66.0,63.5,142,1.0,1.0,0.0,265.7896556031551,15.857714885695648,158.56942330637722,0.5965974219219948,53.689819487458905,34.155233674621584,312.87331751122815,56.05522566216719,0.03355613717966181,0.1955458234445176,828.2904581399075,0.6144781399621143,0.3120567375886525,0.40583118301042365,0.04701865344361256,0.13779435157775882,0.8825697155625606,0.007077268708576923,0.023462359110514308,0.01740648285932441,V5_NORMAL:T24:S1:W000061000,V5_NORMAL,NORMAL,24,V5_NORMAL:T24:S1
62.0,67.0,64.5,143,1.0,1.0,0.0,305.7502810294641,102.25894777788501,13.518882119900418,0.04421543644827476,61.326969244808936,48.430841895499675,265.57684084077226,55.4036993611673,0.0383293557780056,0.16598552552548265,742.1102279450741,0.5077907381131831,0.2676056338028169,0.39019689926734336,0.028651759621773874,0.09742972850799564,0.8812451298142369,0.0071172945465654384,0.023462359110514308,0.01758291943494718,V5_NORMAL:T24:S1:W000062000,V5_NORMAL,NORMAL,24,V5_NORMAL:T24:S1
63.0,68.0,65.5,142,1.0,1.0,0.0,259.63084187649986,45.404648633730694,125.39832352838201,0.4829870080998735,52.44573195331261,32.44574633831949,265.57684084077226,52.24402567454997,0.032778582470820376,0.16598552552548265,757.1091088329133,0.5706923708600583,0.3262411347517731,0.39648023457594317,0.03778806942146276,0.11998770236968992,0.8784296588718612,0.0037987610673079868,0.019332472483317042,0.01796449719259032,V5_NORMAL:T24:S1:W000063000,V5_NORMAL,NORMAL,24,V5_NORMAL:T24:S1
64.0,69.0,66.5,143,1.0,1.0,0.0,233.52590620092633,21.050453672007745,142.33098549731534,0.6094869207994995,46.84030385591139,30.262173044451824,189.5387763529867,48.21807983045373,0.02927518990994461,0.11846173522061669,629.9029509051253,0.538411905763242,0.36619718309859156,0.419061816905762,0.04498707551892755,0.11400934457778922,0.8779594496969299,0.003088743986515302,0.010680198669433594,0.017531952557546124,V5_NORMAL:T24:S1:W000064000,V5_NORMAL,NORMAL,24,V5_NORMAL:T24:S1
31.0,36.0,33.5,143,1.0,1.0,0.0,127.07779813456328,12.845366039236636,66.89478926929125,0.5264081550929616,25.489089304043222,14.678836182133052,572.2908724637947,63.88337743561176,0.01593068081502701,0.3576817952898717,631.6988481198576,0.848311983441176,0.5211267605633803,0.22650524156910556,0.020977328591201872,0.0555944085121155,0.8355580927886607,0.004766746036036419,0.015437761942545647,0.013096782644310414,V5_NORMAL:T29:S0:W000031000,V5_NORMAL,NORMAL,29,V5_NORMAL:T29:S0
32.0,37.0,34.5,142,1.0,1.0,0.0,176.61352637628107,61.692091678900184,68.8289480710178,0.3897150432542489,35.67613769116678,17.15527404423782,572.2908724637947,79.76000628953977,0.022297586056979235,0.3576817952898717,1003.4678120102665,0.7725345191141888,0.46099290780141844,0.21714218985026987,0.019560355644022632,0.053579282760620184,0.837817886961458,0.002889345982780465,0.013872051239013694,0.014862982429512237,V5_NORMAL:T29:S0:W000032000,V5_NORMAL,NORMAL,29,V5_NORMAL:T29:S0
33.0,38.0,35.5,143,1.0,1.0,0.0,261.8918296820919,109.01647684990454,52.64174365424441,0.20100567367124716,52.529901625282626,18.830662959040275,572.2908724637947,96.11395272517697,0.03283118851580165,0.3576817952898717,1219.4152429445448,0.7308551309876447,0.4154929577464789,0.20841350655455684,0.01714842188833742,0.05262930393219001,0.8327977927414688,0.015609303886650458,0.06153106689453125,0.015952241307762315,V5_NORMAL:T29:S0:W000033000,V5_NORMAL,NORMAL,29,V5_NORMAL:T29:S0
34.0,39.0,36.5,142,1.0,1.0,0.0,262.439063020883,20.371879850874684,61.35192195561676,0.23377587638595868,53.01299588982829,21.620863851691585,572.2908724637947,96.03824441785642,0.033133122431142685,0.3576817952898717,1208.5130375710212,0.6242725209438311,0.3900709219858156,0.209082489492188,0.01825538976184694,0.0547035455703736,0.8205119757585122,0.026956310513438397,0.06986252466837573,0.016256335401420786,V5_NORMAL:T29:S0:W000034000,V5_NORMAL,NORMAL,29,V5_NORMAL:T29:S0
35.0,40.0,37.5,143,1.0,1.0,0.0,303.4226596394151,95.35313715692001,89.1378390298627,0.29377449639322706,60.860098159946816,26.145845091482045,420.16115553224216,86.1218645283168,0.03803756134996677,0.26260072220765135,1116.2451925280152,0.49649424000143083,0.33098591549295775,0.2159313812122478,0.022890285472875773,0.0788458764553071,0.8136842804355221,0.029834710227565005,0.08421883583068845,0.016195904095511752,V5_NORMAL:T29:S0:W000035000,V5_NORMAL,NORMAL,29,V5_NORMAL:T29:S0
41.0,46.0,43.5,143,1.0,0.993006993006993,0.006993006993006993,285.85387529610625,117.37279415032316,30.48836520767447,0.10665716942298793,57.33617565213061,29.589967845103338,698.7478485996003,102.49245841129145,0.03583510978258163,0.4367174053747502,1236.4861786131974,0.6437402179628676,0.31690140845070425,0.19325279380891702,0.021394772564451967,0.0633793950080872,0.8270190756915611,0.019241908720040602,0.06836373011271168,0.013821670185371157,V5_NORMAL:T29:S1:W000041000,V5_NORMAL,NORMAL,29,V5_NORMAL:T29:S1
42.0,47.0,44.5,142,1.0,0.9929577464788732,0.007042253521126761,258.518663482894,21.882180647712648,9.80985455289889,0.03794640750782004,52.22107062458161,22.545114739377205,698.7478485996003,103.28391423188795,0.03263816914036349,0.4367174053747502,1220.6717632343507,0.6526476163416498,0.3971631205673759,0.19324097028920345,0.021597847176485042,0.0616862058639526,0.8214575048903343,0.014536933635234279,0.046275107065836596,0.013550646430465454,V5_NORMAL:T29:S1:W000042000,V5_NORMAL,NORMAL,29,V5_NORMAL:T29:S1
43.0,48.0,45.5,143,1.0,1.0,0.0,221.55321183887986,25.2769078496676,62.49905116019681,0.2820949903702953,44.438837350478956,25.681014795471285,698.7478485996003,86.89384492953637,0.02777427334404935,0.4367174053747502,1100.1075374566956,0.6829038633511731,0.36619718309859156,0.20179622335867448,0.024436098266547003,0.0616862058639526,0.8184228790389907,0.012504420508678093,0.04321114222208666,0.013112204963581684,V5_NORMAL:T29:S1:W000043000,V5_NORMAL,NORMAL,29,V5_NORMAL:T29:S1
44.0,49.0,46.5,142,1.0,1.0,0.0,244.5303101879001,40.74167479043744,84.58056674519587,0.34588990902683237,49.39540699357736,30.30662873922944,698.7478485996003,86.53259912317628,0.030872129370985848,0.4367174053747502,1106.214545813692,0.5918590008766026,0.2624113475177305,0.21118877441950246,0.02270551015323452,0.062043637037277194,0.811792848703447,0.014576679694485051,0.055762640635172445,0.01204651859440325,V5_NORMAL:T29:S1:W000044000,V5_NORMAL,NORMAL,29,V5_NORMAL:T29:S1
0.0,5.0,2.5,143,1.0,1.0,0.0,173.62847764265393,57.71787819539136,80.77993029871932,0.46524585940892194,34.82616033111021,20.973213277177233,211.7641090376525,34.86940133670586,0.021766350206943886,0.1323525681485328,531.4940459040167,0.6337447786861926,0.3873239436619718,0.1897950883095081,0.021200734125586276,0.0840216517448425,0.8322854492214177,0.003937167175493771,0.01742741266886394,0.011749886375383711,V5_NORMAL:T2:S0:W000000000,V5_NORMAL,NORMAL,2,V5_NORMAL:T2:S0
1.0,6.0,3.5,142,1.0,1.0,0.0,172.5639859314042,12.069518063984358,82.95132450994583,0.48069893646823714,34.858125812566676,20.032605975651688,211.7641090376525,35.0296683704755,0.02178632863285417,0.1323525681485328,532.6756560793397,0.5822856433725314,0.3900709219858156,0.20230697762798255,0.030271390596101212,0.0840216517448425,0.8346789355569043,0.006765264692238428,0.025396951039632132,0.01163180637906021,V5_NORMAL:T2:S0:W000001000,V5_NORMAL,NORMAL,2,V5_NORMAL:T2:S0
2.0,7.0,4.5,143,1.0,1.0,0.0,158.77334673783503,10.963742395345202,106.60582452564586,0.671434007759957,31.846538683470076,18.050672074161177,211.7641090376525,34.88621126247124,0.0199040866771688,0.1323525681485328,476.97483518140456,0.6289535396402537,0.44366197183098594,0.2166324232424889,0.0320033728799279,0.08748056888580319,0.8380330285825928,0.007900265911536234,0.025396951039632132,0.011465036928666574,V5_NORMAL:T2:S0:W000002000,V5_NORMAL,NORMAL,2,V5_NORMAL:T2:S0
3.0,8.0,5.5,142,1.0,1.0,0.0,146.91820947065875,24.040228299731453,78.37415881461764,0.5334543559780441,29.677649147030078,16.970504482264484,211.7641090376525,34.209029616909106,0.018548530716893795,0.1323525681485328,458.38974579625136,0.6382894435231895,0.46808510638297873,0.23225062548274727,0.02108890081438123,0.07104880213737488,0.8405773086726945,0.005467967395428317,0.017647139231363962,0.01169079920403708,V5_NORMAL:T2:S0:W000003000,V5_NORMAL,NORMAL,2,V5_NORMAL:T2:S0
4.0,9.0,6.5,143,1.0,1.0,0.0,129.76784606570186,23.56497440070458,38.35291029414906,0.29555018024057256,26.028655404145187,16.403039037123946,211.7641090376525,31.354218807480674,0.01626790962759074,0.1323525681485328,448.4874069172503,0.6649924557126061,0.4859154929577465,0.24009466863178702,0.01198876382797766,0.044301539659500094,0.8405169422532016,0.005755164103617572,0.017303848266601585,0.01191009759995965,V5_NORMAL:T2:S0:W000004000,V5_NORMAL,NORMAL,2,V5_NORMAL:T2:S0
5.0,10.0,7.5,142,1.0,1.0,0.0,131.6056266248302,60.40847247522279,68.87645969809455,0.523354977021169,26.58448960696552,15.195470892799376,691.7211330257904,62.80186636295677,0.016615306004353448,0.43232570814111904,677.7784816961257,0.6911395498810509,0.524822695035461,0.2381415346558665,0.015578296304177003,0.0566946685314178,0.8428343965413985,0.005257892691609241,0.02067400614420578,0.012492166002680993,V5_NORMAL:T2:S0:W000005000,V5_NORMAL,NORMAL,2,V5_NORMAL:T2:S0
6.0,11.0,8.5,143,1.0,1.0,0.0,149.1877724516401,28.833121410325557,61.39868299340819,0.41155305146278565,29.923877427153034,19.80530843312525,691.7211330257904,62.49529767185012,0.018702423391970646,0.43232570814111904,731.6624444577208,0.6436845378529974,0.44366197183098594,0.22775715856285356,0.022390393635158122,0.0589557349681854,0.8452807673207531,0.008154380638039442,0.030871136983235736,0.014513545739734313,V5_NORMAL:T2:S0:W000006000,V5_NORMAL,NORMAL,2,V5_NORMAL:T2:S0
7.0,12.0,9.5,142,1.0,1.0,0.0,177.9353428340606,39.42588186956259,36.748696281888044,0.20652836978069747,35.943146152624,25.867109210826058,691.7211330257904,63.79228839326793,0.022464466345390007,0.43232570814111904,868.359323748188,0.5875613023578468,0.3404255319148936,0.21961865551035167,0.020697727421815502,0.0589557349681854,0.8450976703088608,0.00836162271457783,0.030871136983235736,0.015384484506022965,V5_NORMAL:T2:S0:W000007000,V5_NORMAL,NORMAL,2,V5_NORMAL:T2:S0
8.0,13.0,10.5,143,1.0,1.0,0.0,202.8551499602614,47.79236426485264,10.293299015926952,0.05074211336484862,40.68840591373065,27.71083043774431,691.7211330257904,65.37832453804306,0.02543025369608165,0.43232570814111904,901.1044774063527,0.5871532472740084,0.29577464788732394,0.21824052112919465,0.019100457360830724,0.05266485214233391,0.8436584345944278,0.009699037552432373,0.032313187917073605,0.015939982248787274,V5_NORMAL:T2:S0:W000008000,V5_NORMAL,NORMAL,2,V5_NORMAL:T2:S0
9.0,14.0,11.5,142,1.0,1.0,0.0,225.8066475507793,44.79315999726538,36.4495307856111,0.16141921055452696,45.613205369327645,31.95203695339807,691.7211330257904,70.15746639460768,0.02850825335582977,0.43232570814111904,1067.8496371016251,0.602313821628859,0.2695035460992908,0.21480478568815847,0.01709283942108508,0.05266485214233391,0.8444215796922855,0.009246908975201931,0.032313187917073605,0.016390593572184316,V5_NORMAL:T2:S0:W000009000,V5_NORMAL,NORMAL,2,V5_NORMAL:T2:S0
10.0,15.0,12.5,143,1.0,1.0,0.0,227.38331011452297,60.17463066822275,37.92390187071669,0.16678401704863954,45.6082304134742,34.45035420620745,323.6894520962662,42.505590585126306,0.028505144008421378,0.2023059075601664,856.2392554201418,0.5658953827881673,0.22535211267605634,0.2077599517948977,0.02224544300398885,0.0815410137176513,0.8459688148854217,0.009999347754933814,0.032313187917073605,0.015404945113017404,V5_NORMAL:T2:S0:W000010000,V5_NORMAL,NORMAL,2,V5_NORMAL:T2:S0
11.0,16.0,13.5,142,1.0,1.0,0.0,215.7165913501796,15.344996210363215,44.31625864616279,0.20543741382517394,43.57500228426365,31.514608699948734,323.6894520962662,43.48530628324859,0.027234376427664776,0.2023059075601664,828.6783678664391,0.5535380248582749,0.2907801418439716,0.2026157025720032,0.027306480923938007,0.0815410137176513,0.8460322955404648,0.010082550547167142,0.029524453481038382,0.01355723410139827,V5_NORMAL:T2:S0:W000011000,V5_NORMAL,NORMAL,2,V5_NORMAL:T2:S0
12.0,17.0,14.5,143,1.0,1.0,0.0,267.6256740867674,91.29856765797406,109.48935620319862,0.40911379887903015,53.679988219729324,38.371344822676654,323.6894520962662,48.58528574577655,0.033549992637330835,0.2023059075601664,755.0215232889744,0.5048007444703498,0.24647887323943662,0.19296814257448364,0.03141238474724038,0.08820531964302059,0.8398349012806144,0.020955725827754776,0.09207331339518221,0.012874534291890036,V5_NORMAL:T2:S0:W000012000,V5_NORMAL,NORMAL,2,V5_NORMAL:T2:S0
13.0,18.0,15.5,142,1.0,1.0,0.0,271.39083916140396,52.69768165411349,113.08584198752094,0.41668997500783556,54.82126507918501,42.692747263532,323.6894520962662,46.55990219096486,0.03426329067449063,0.2023059075601664,741.8060685625333,0.46542217229734373,0.2127659574468085,0.1749315420716581,0.026142823120406573,0.0938853919506073,0.830450771224331,0.031339246417981,0.0923566500345866,0.012371720969188623,V5_NORMAL:T2:S0:W000013000,V5_NORMAL,NORMAL,2,V5_NORMAL:T2:S0
14.0,19.0,16.5,143,1.0,1.0,0.0,251.28269496500877,26.706341034946973,76.20260338698728,0.30325448156148804,50.401936030884144,38.371344822676654,191.16348726613015,39.76146105585348,0.0315012100193026,0.11947717954133134,580.4473777325512,0.4277703687299609,0.20422535211267606,0.16087195377249816,0.013165106227989644,0.06503893733024602,0.8264119259405248,0.031142400457652656,0.0923566500345866,0.012059674710470111,V5_NORMAL:T2:S0:W000014000,V5_NORMAL,NORMAL,2,V5_NORMAL:T2:S0
15.0,20.0,17.5,142,1.0,1.0,0.0,214.94166166139507,25.459820277432172,27.651272167660256,0.12864547502763912,43.41846558605438,30.737429291867297,191.16348726613015,37.23914997349,0.027136540991283993,0.11947717954133134,504.7076802386439,0.41689696028270207,0.22695035460992907,0.15684046848139288,0.008414697746785164,0.030533868074417103,0.8210303906543712,0.028185100018287126,0.0923566500345866,0.012436256135995635,V5_NORMAL:T2:S0:W000015000,V5_NORMAL,NORMAL,2,V5_NORMAL:T2:S0
16.0,21.0,18.5,143,1.0,1.0,0.0,209.53636434803798,11.295841785166264,27.84349635516303,0.13288145206583443,42.0285146714321,29.084229487572664,191.16348726613015,37.82781650401263,0.02626782166964506,0.11947717954133134,486.79909834590165,0.4732648966357879,0.2605633802816901,0.15691925280994465,0.0084287132191496,0.03115641474723821,0.8151480270154549,0.02211513421760221,0.08809029261271162,0.012565695398121617,V5_NORMAL:T2:S0:W000016000,V5_NORMAL,NORMAL,2,V5_NORMAL:T2:S0
17.0,22.0,19.5,142,1.0,1.0,0.0,128.7805372598384,9.939903239829963,66.05008241698806,0.5128887005939405,26.01381827027227,20.909426164869885,106.1659892782396,23.100117982621,0.01625863641892017,0.06635374329889976,411.19571734062174,0.5985937395257941,0.41843971631205673,0.1594292313909866,0.010803436904795669,0.03447893261909479,0.8178292220746968,0.01815329854858081,0.06482718785603847,0.012784346971796668,V5_NORMAL:T2:S0:W000017000,V5_NORMAL,NORMAL,2,V5_NORMAL:T2:S0
18.0,23.0,20.5,143,1.0,1.0,0.0,82.19651189377956,7.104159887612205,44.01214491480454,0.5354502752097352,16.486862873740538,11.032195966714117,87.81243543347372,16.099632835089583,0.010304289296087838,0.05488277214592108,320.8766735147087,0.7151951718453786,0.5985915492957746,0.16483881440196002,0.009875190219167631,0.028745871782302784,0.8272318308725779,0.005073756404957349,0.025156148274739554,0.013129925537092165,V5_NORMAL:T2:S0:W000018000,V5_NORMAL,NORMAL,2,V5_NORMAL:T2:S0
19.0,24.0,21.5,142,1.0,1.0,0.0,67.853653673467,12.813469878689114,39.85657208016774,0.587390212942254,13.706516941097124,9.794348359783621,87.81243543347372,13.963038789671002,0.008566573088185706,0.05488277214592108,288.0264696180473,0.7386790747426691,0.6737588652482269,0.1704516568444144,0.007607745835087701,0.03201318681240081,0.830202047589799,0.0028354311888745512,0.013157081604003973,0.01321941905493422,V5_NORMAL:T2:S0:W000019000,V5_NORMAL,NORMAL,2,V5_NORMAL:T2:S0
20.0,25.0,22.5,143,1.0,1.0,0.0,53.144793361993976,10.443312157860362,10.790468447179533,0.2030390517031578,10.659709279935749,7.963582163844519,52.53093772650959,10.442344604942752,0.006662318299959842,0.0328318360790685,264.34798334341855,0.8350285653736574,0.7746478873239436,0.17398074531888624,0.0035085151678537234,0.013974714279174821,0.8319725772439738,0.003191591901714426,0.010588677724202467,0.013164188599337082,V5_NORMAL:T2:S0:W000020000,V5_NORMAL,NORMAL,2,V5_NORMAL:T2:S0
21.0,26.0,23.5,142,1.0,1.0,0.0,56.25557071558195,14.591364927328462,7.912646290934372,0.14065533760095136,11.363690697553617,7.894547669199622,61.10444995027326,11.604181185132697,0.007102306685971009,0.03819028121892079,279.7955394343192,0.832123803304944,0.7446808510638298,0.17448102332336796,0.0027742808900812223,0.01322181224823002,0.8328351132746593,0.0026853644167025474,0.010588677724202467,0.012842347476075707,V5_NORMAL:T2:S0:W000021000,V5_NORMAL,NORMAL,2,V5_NORMAL:T2:S0
22.0,27.0,24.5,143,1.0,1.0,0.0,63.866727347725345,17.436230319994014,19.661372571444105,0.3078500087282828,12.810299995907746,9.69162446689473,61.10444995027326,11.938867988989191,0.008006437497442342,0.03819028121892079,293.9873524802919,0.747894139550411,0.6830985915492958,0.17257020765251205,0.005196034716380477,0.02144930362701422,0.8336983578466313,0.0022955443514651604,0.007532246907552054,0.012393382267158422,V5_NORMAL:T2:S0:W000022000,V5_NORMAL,NORMAL,2,V5_NORMAL:T2:S0
23.0,28.0,25.5,142,1.0,1.0,0.0,73.89954419398211,17.056438720288803,31.996727748625364,0.43297598243144464,14.92779385629814,12.369680029483977,61.10444995027326,12.985690715343084,0.009329871160186338,0.03819028121892079,345.7383872450994,0.7181467309376426,0.624113475177305,0.16860270403640368,0.008844379387868934,0.029673668742179915,0.8342659254029323,0.0021528504951192776,0.007532246907552054,0.012186359243639604,V5_NORMAL:T2:S0:W000023000,V5_NORMAL,NORMAL,2,V5_NORMAL:T2:S0
24.0,29.0,26.5,142,1.0,1.0,0.0,86.59031606064433,25.439247036360285,15.52467758294509,0.17928884301648973,17.491344529974278,14.040295236893714,68.99979797206187,15.439314712500684,0.01093209033123392,0.04312487373253867,395.5334405780325,0.6526765800849834,0.5673758865248227,0.16425932706661622,0.008889316917724955,0.028077840805053683,0.8338501972771586,0.002280590524228414,0.007532246907552054,0.012043924000080421,V5_NORMAL:T2:S0:W000024000,V5_NORMAL,NORMAL,2,V5_NORMAL:T2:S0
25.0,30.0,27.5,142,1.0,1.0,0.0,88.27309108324232,12.519561352586434,14.143299711291535,0.16022209642522064,17.831267041240835,14.040295236893714,70.10877394050469,16.03681912589364,0.011144541900775518,0.04381798371281543,405.85572147164606,0.7237166038539784,0.5602836879432624,0.16243479732476487,0.007107543930293935,0.0234723091125488,0.83296309726339,0.0019449791946457226,0.007837073008219342,0.012105351906328134,V5_NORMAL:T2:S0:W000025000,V5_NORMAL,NORMAL,2,V5_NORMAL:T2:S0
26.0,31.0,28.5,142,1.0,1.0,0.0,106.70816416161259,33.1651017861937,23.93575964704431,0.22431048116236835,21.555173239056312,16.276974031389596,101.47353574299758,19.691443087720486,0.013471983274410196,0.06342095983937349,476.560549696968,0.6934362984830234,0.49645390070921985,0.1597899244494841,0.006324764138346453,0.01946223974227909,0.8319293293035087,0.0031196303337433953,0.014015738169352199,0.012129948040277824,V5_NORMAL:T2:S0:W000026000,V5_NORMAL,NORMAL,2,V5_NORMAL:T2:S0
27.0,32.0,29.5,142,1.0,1.0,0.0,113.04578632868594,23.300026412513713,14.025866453332885,0.12407243921991058,22.835380286082806,17.31080554399993,101.47353574299758,21.764819069987237,0.014272112678801753,0.06342095983937349,551.6339360872175,0.7772781131481092,0.48226950354609927,0.15678770523255975,0.0068322748308436085,0.019933259487152077,0.8298635039531009,0.004295303491804732,0.01741259892781577,0.01172107579122779,V5_NORMAL:T2:S0:W000027000,V5_NORMAL,NORMAL,2,V5_NORMAL:T2:S0
28.0,33.0,30.5,142,1.0,1.0,0.0,105.99985893316324,10.339666293027896,6.041479530922775,0.05699516576462755,21.41209475930458,14.364885308806212,101.47353574299758,21.868399349810222,0.013382559224565358,0.06342095983937349,510.4112415951904,0.8319119936633262,0.524822695035461,0.15568442434911994,0.007526160645252725,0.02203699946403509,0.8287891824480513,0.003603480057025143,0.014562384287516328,0.01112617266828463,V5_NORMAL:T2:S0:W000028000,V5_NORMAL,NORMAL,2,V5_NORMAL:T2:S0
29.0,34.0,31.5,143,1.0,1.0,0.0,105.71192632457058,24.33567152405738,20.57926695926423,0.19467308632782904,21.20355223448426,14.360133980625612,101.47353574299758,22.11677795403671,0.013252220146552663,0.06342095983937349,519.3278120677045,0.9609121938981255,0.528169014084507,0.15402336970909486,0.007674639358976157,0.02314863204956058,0.829459709887738,0.004419773330878845,0.01842441558837893,0.010798500945891276,V5_NORMAL:T2:S0:W000029000,V5_NORMAL,NORMAL,2,V5_NORMAL:T2:S0
42.0,47.0,44.5,142,1.0,1.0,0.0,91.24948374036487,11.32548665159671,15.889324835324256,0.1741305724044935,18.432501818877718,15.25631535924958,73.59115631080905,15.084616697075319,0.011520313636798575,0.04599447269425566,326.7765930771236,0.6017255324041976,0.5177304964539007,0.40089044713638206,0.006355963450061142,0.019120252132415805,0.8177016994762868,0.01151008827404573,0.03049259185791009,0.00899707520914687,V5_NORMAL:T38:S0:W000042000,V5_NORMAL,NORMAL,38,V5_NORMAL:T38:S0
43.0,48.0,45.5,143,1.0,1.0,0.0,81.39744214692848,12.912826430586787,25.06921245082319,0.30798526083376654,16.32658656712676,13.096932125691122,82.17827480202736,15.537042788206314,0.010204116604454225,0.0513614217512671,312.130776841469,0.6918640977259681,0.5985915492957746,0.4029620589909853,0.006287567160403372,0.019120252132415805,0.8212268953834658,0.01129174919738455,0.03049259185791009,0.008618472201146338,V5_NORMAL:T38:S0:W000043000,V5_NORMAL,NORMAL,38,V5_NORMAL:T38:S0
0.0,5.0,2.5,143,1.0,0.9790209790209791,0.02097902097902098,349.36519574665556,27.8895674487765,192.12000712400874,0.549911695449268,70.0751886232846,40.440328756160966,703.5882713444887,89.9493257695206,0.04379699288955287,0.43974266959030545,956.058739705569,0.4068331636932673,0.23943661971830985,0.6790284153464792,0.03813088709934543,0.1395673274993896,0.7393745481273234,0.03566962177246111,0.09641660054524737,0.013533621746710831,V5_NORMAL:T3:S0:W000000000,V5_NORMAL,NORMAL,3,V5_NORMAL:T3:S0
1.0,6.0,3.5,142,1.0,1.0,0.0,298.95452334819055,87.11211485418933,110.2650780303492,0.3688356235437325,60.38916133549193,45.21786905303794,298.394279718455,53.25057852805007,0.03774322583468247,0.18649642482403436,595.0083158109053,0.4014975134758526,0.2198581560283688,0.7030660923098175,0.028550351655782468,0.12951719760894775,0.7301265067337824,0.023587872282955457,0.08230514526367183,0.013521815276553027,V5_NORMAL:T3:S0:W000001000,V5_NORMAL,NORMAL,3,V5_NORMAL:T3:S0
2.0,7.0,4.5,143,1.0,1.0,0.0,227.55922532047575,38.57766940037138,174.78956866043185,0.7681058344889009,45.64351524261278,33.74613769472718,224.55901627980538,43.344505510277266,0.028527197026632988,0.14034938517487835,545.207786326514,0.5119803023861613,0.28169014084507044,0.7291157982566141,0.03752678923661425,0.13269875049591062,0.7376536967315319,0.031041460700227716,0.08294452031453448,0.012882686893026084,V5_NORMAL:T3:S0:W000002000,V5_NORMAL,NORMAL,3,V5_NORMAL:T3:S0
47.0,52.0,49.5,143,1.0,1.0,0.0,161.33249403071767,11.964638010041321,10.667655881965755,0.0661221779658017,32.3598489142742,20.38642741315035,200.1243956069329,37.19576450085103,0.020224905571421377,0.12507774725433307,674.5323949037466,0.6050212411140983,0.4084507042253521,0.152093284092583,0.01348978362343294,0.0442189306020736,0.8431211435989344,0.007337514087058823,0.02692956924438472,0.011061857203645432,V5_NORMAL:T42:S0:W000047000,V5_NORMAL,NORMAL,42,V5_NORMAL:T42:S0
48.0,53.0,50.5,142,1.0,1.0,0.0,138.21442298005317,23.794661808772233,42.32738990258033,0.30624437732297255,27.91947415531545,20.153011844150974,149.95422265572293,30.710783763518176,0.017449671347072152,0.09372138915982683,524.1043014506753,0.6157883742931721,0.41134751773049644,0.15612774650815509,0.010907052098870496,0.038048583269119196,0.8398188821586644,0.004549758104330684,0.022626431783040357,0.011835939316085566,V5_NORMAL:T42:S0:W000048000,V5_NORMAL,NORMAL,42,V5_NORMAL:T42:S0
49.0,54.0,51.5,143,1.0,1.0,0.0,132.61109848308752,18.010184958791047,43.53435514408536,0.32828591001859087,26.598951048581377,18.870444286083657,149.95422265572293,30.31931698717237,0.01662434440536336,0.09372138915982683,459.98298412849596,0.618063050780883,0.4507042253521127,0.16261277453049075,0.006834178668084446,0.033869141340255704,0.8374713081857819,0.0036911013601322864,0.012709331512451127,0.012417782449428908,V5_NORMAL:T42:S0:W000049000,V5_NORMAL,NORMAL,42,V5_NORMAL:T42:S0
50.0,55.0,52.5,142,1.0,1.0,0.0,93.62351216930924,23.104518811378615,30.409635394911422,0.32480767587439446,18.912058322003926,13.334505844472906,147.83080008698363,19.9952401937729,0.011820036451252458,0.09239425005436477,374.23435210141605,0.7114931001132501,0.5602836879432624,0.16645157093733126,0.006091042380602594,0.030170738697052002,0.8363500073482173,0.004129531973892142,0.018864568074544286,0.012361395958898406,V5_NORMAL:T42:S0:W000050000,V5_NORMAL,NORMAL,42,V5_NORMAL:T42:S0
51.0,56.0,53.5,143,1.0,1.0,0.0,228.0602098635886,144.19616727174883,151.8335192692724,0.6657606750431815,45.7440020306025,20.146178025257335,490.6002965250631,72.16860486661905,0.02859000126912656,0.3066251853281644,654.3923400891958,0.6602607856316688,0.44366197183098594,0.18176270123128282,0.03216654327022488,0.10949754118919378,0.8263131641841435,0.02236056755549329,0.09318354924519856,0.013090900372329135,V5_NORMAL:T42:S0:W000051000,V5_NORMAL,NORMAL,42,V5_NORMAL:T42:S0
49.0,54.0,51.5,143,1.0,1.0,0.0,272.07923684605,72.71285774870837,175.16614824113665,0.6438056437957834,54.57327768932139,47.99779857683218,244.67993738594436,38.61610099704331,0.03410829855582587,0.1529249608662152,717.0965504268639,0.38725810072071515,0.15492957746478872,0.7917370232668789,0.029664646265872088,0.0961050748825073,0.7458522745501468,0.040070173907184245,0.1493235905965169,0.01020349190571421,V5_NORMAL:T43:S0:W000049000,V5_NORMAL,NORMAL,43,V5_NORMAL:T43:S0
50.0,55.0,52.5,142,1.0,1.0,0.0,283.3425248062562,82.40864473198174,218.14546333220463,0.7699001887604693,57.23551947665946,53.009739995383676,159.27625368064093,36.1835800610385,0.03577219967291217,0.09954765855040058,661.1732088447258,0.3467747554239157,0.1347517730496454,0.8059131602166404,0.01257128554816953,0.05648927688598626,0.7082850596154798,0.06384202685845124,0.22250960667928055,0.010741636123381278,V5_NORMAL:T43:S0:W000050000,V5_NORMAL,NORMAL,43,V5_NORMAL:T43:S0
51.0,56.0,53.5,143,1.0,1.0,0.0,284.48284705864455,49.21038244077495,233.66784704807736,0.8213776312492684,57.06117670112693,52.93837548453078,177.46378661205077,38.265258946658676,0.035663235438204335,0.11091486663253174,685.1919426219745,0.3396608008732305,0.14788732394366197,0.8083735954511416,0.008190194585623735,0.02653715610504148,0.6590519137037939,0.08351789893721272,0.24328742027282713,0.010613031506317603,V5_NORMAL:T43:S0:W000051000,V5_NORMAL,NORMAL,43,V5_NORMAL:T43:S0
52.0,57.0,54.5,142,1.0,1.0,0.0,281.08508174489384,36.44579606552965,230.770855043274,0.8210000104264379,56.77951335334825,53.009739995383676,177.46378661205077,40.13892516258027,0.03548719584584265,0.11091486663253174,687.8063439117393,0.3457502343892227,0.19858156028368795,0.8082936211371086,0.008487027157355062,0.029072618484497048,0.6124768308630573,0.08588835147807014,0.24495700200398762,0.011277738332081424,V5_NORMAL:T43:S0:W000052000,V5_NORMAL,NORMAL,43,V5_NORMAL:T43:S0
53.0,58.0,55.5,142,1.0,1.0,0.0,326.8686361820329,75.57335374100505,286.22357999561166,0.8756532389856271,66.02784458597718,67.15519861439219,240.48456632480796,43.13778897214209,0.04126740286623574,0.15030285395300497,786.5298568422827,0.3071233248377683,0.1347517730496454,0.8058445215225218,0.009395521915914484,0.031850337982177734,0.5571405791340859,0.08022307530780978,0.2973340511322022,0.011680206689528029,V5_NORMAL:T43:S0:W000053000,V5_NORMAL,NORMAL,43,V5_NORMAL:T43:S0
53.0,58.0,55.5,142,1.0,1.0,0.0,116.79952691063122,15.429140624641786,71.00633732607749,0.607933432644875,23.593640248420478,17.026889332976328,102.73858890367454,19.20140675045228,0.014746025155262799,0.06421161806479658,450.37822955127933,0.5185786109163901,0.475177304964539,0.8483835136386711,0.018333053078880297,0.05572631359100333,0.30731075823027204,0.009122559013685496,0.037219993273417185,0.01631223073611405,V5_NORMAL:T48:S0:W000053000,V5_NORMAL,NORMAL,48,V5_NORMAL:T48:S0
54.0,59.0,56.5,142,1.0,1.0,0.0,111.41425524195267,25.076193494874317,54.026229177081554,0.4849130756181562,22.505809109446652,16.720059380727264,67.26249247234759,17.850308546724843,0.014066130693404157,0.042039057795217244,437.9469689384292,0.5434728187587714,0.49645390070921985,0.8569700335113095,0.013881834826277228,0.04411556720733634,0.3105798321150838,0.003793837875641845,0.014223980903625477,0.01602910187397991,V5_NORMAL:T48:S0:W000054000,V5_NORMAL,NORMAL,48,V5_NORMAL:T48:S0
55.0,60.0,57.5,142,1.0,1.0,0.0,97.92094384252762,9.130088562278702,32.018175844194616,0.32697985321388356,19.780144516973202,13.849938977571332,67.26249247234759,17.291642514068386,0.012362590323108252,0.042039057795217244,422.4452478773582,0.6242967376450964,0.5602836879432624,0.8642132547539726,0.008924042953270069,0.031014513969421342,0.3102346953651714,0.003953315874912876,0.011935051282246922,0.015621301700755033,V5_NORMAL:T48:S0:W000055000,V5_NORMAL,NORMAL,48,V5_NORMAL:T48:S0
56.0,61.0,58.5,142,1.0,1.0,0.0,84.73218405781834,9.553335332196362,19.59011728274442,0.2312004287459036,17.115999704799833,12.136977877836268,67.26249247234759,16.482938337698716,0.010697499815499898,0.042039057795217244,372.61140012655807,0.6417517499417248,0.6382978723404256,0.8683112369456761,0.004325547894306878,0.016556167602538974,0.30973151569635093,0.004382450743029677,0.012845373153686501,0.015213467699849605,V5_NORMAL:T48:S0:W000056000,V5_NORMAL,NORMAL,48,V5_NORMAL:T48:S0
57.0,62.0,59.5,142,1.0,1.0,0.0,136.65239091869194,72.6661557273234,75.47843639006021,0.5523389373770257,27.603941862616455,13.202580739239105,308.4811092343223,44.230703529887094,0.017252463664135284,0.1928006932714514,506.7305586718341,0.6681883819760728,0.574468085106383,0.869887434260946,0.003956886745200664,0.02335677146911619,0.3046169739373972,0.012272181069897227,0.07490901152292889,0.014851371995747856,V5_NORMAL:T48:S0:W000057000,V5_NORMAL,NORMAL,48,V5_NORMAL:T48:S0
57.0,62.0,59.5,142,1.0,1.0,0.0,332.76740145945246,121.38253761509804,242.26571580364256,0.728033198988581,67.21940203099791,39.0856160414412,378.7648414988009,72.76707626723004,0.042012126269373694,0.23672802593675055,893.412760937833,0.44146564065807964,0.2553191489361702,0.3377522408962249,0.04789016225743914,0.18222457170486442,0.8354163098223333,0.02912091359032211,0.09628639221191404,0.014026574448597404,V5_NORMAL:T50:S0:W000057000,V5_NORMAL,NORMAL,50,V5_NORMAL:T50:S0
63.0,68.0,65.5,142,1.0,1.0,0.0,297.67854080832603,23.642617078061644,134.31621640122836,0.4512122910724492,60.13141137874951,40.099980217853386,461.1837631292917,78.35211791919293,0.03758213211171844,0.2882398519558073,865.2184311698594,0.5199168000149533,0.2695035460992908,0.8185826521524241,0.03683113128884132,0.10858054161071784,0.682165715616074,0.012997083664462773,0.09699659347534184,0.012752720528185867,V5_NORMAL:T54:S0:W000063000,V5_NORMAL,NORMAL,54,V5_NORMAL:T54:S0
64.0,69.0,66.5,143,1.0,1.0,0.0,165.7476795525686,13.328516399468208,94.15102607486692,0.5680382755826512,33.24544073056606,26.78373413172355,124.26607585566352,29.749558253526367,0.020778400456603785,0.0776662974097897,643.2634318140472,0.6757818657711459,0.4014084507042254,0.8382113295001583,0.022236851260968048,0.07476923465728758,0.6775170030571641,0.009433928198455439,0.03237012227376301,0.012709630294737885,V5_NORMAL:T54:S0:W000064000,V5_NORMAL,NORMAL,54,V5_NORMAL:T54:S0
65.0,70.0,67.5,142,1.0,1.0,0.0,145.08716292446147,31.540929147991495,60.9569561647471,0.42014024491252805,29.307775615589296,22.345564907455994,158.2456839635031,28.175259067604365,0.01831735975974331,0.09890355247718943,694.9687478936564,0.7358420584116455,0.4326241134751773,0.8500193639540337,0.011341676231726827,0.047116637229919434,0.6747659316085314,0.010756934743277985,0.03237012227376301,0.012237160491288413,V5_NORMAL:T54:S0:W000065000,V5_NORMAL,NORMAL,54,V5_NORMAL:T54:S0
66.0,71.0,68.5,143,1.0,1.0,0.0,155.1588975369545,43.05049547213467,49.0115452866948,0.31587969536211497,31.121557452928357,23.066554705397017,158.2456839635031,29.958480748098104,0.019450973408080222,0.09890355247718943,692.5839820970057,0.7523699633748423,0.39436619718309857,0.8588689875769449,0.008738001916844167,0.03719220161437986,0.6741405762714662,0.010960756532612012,0.049273236592610625,0.011766355051652857,V5_NORMAL:T54:S0:W000066000,V5_NORMAL,NORMAL,54,V5_NORMAL:T54:S0
65.0,70.0,67.5,142,1.0,1.0,0.0,165.21694906584395,20.24204856564482,84.66975923538212,0.512476230278521,33.37401582271528,23.50334818335188,244.19183976284495,37.685385294116415,0.020858759889197054,0.1526198998517781,585.9256262689187,0.6225966928532625,0.3829787234042553,0.23492903352623248,0.01874628449440703,0.06922372579574587,0.8144703616558666,0.013806315304081471,0.04616788228352864,0.01029819325953452,V5_NORMAL:T55:S1:W000065000,V5_NORMAL,NORMAL,55,V5_NORMAL:T55:S1
0.0,5.0,2.5,143,1.0,1.0,0.0,167.22965950643294,36.893172099093086,64.0524518152022,0.38302088280421487,33.54269422366498,22.63674913975352,205.355579909612,35.29970735348269,0.020964183889790617,0.1283472374435075,545.0220527689357,0.6652591887114753,0.36619718309859156,0.9505674540579734,0.008933243929288284,0.027704048156737993,0.8011833163130256,0.0272945867827091,0.08992964426676442,0.0112960249799025,V5_NORMAL:T5:S0:W000000000,V5_NORMAL,NORMAL,5,V5_NORMAL:T5:S0
6.0,11.0,8.5,143,1.0,1.0,0.0,36.03452313387067,6.345271134286648,7.028842854987725,0.19505857837704976,7.227754900311273,5.317116418744094,36.378037284374756,7.039823159094282,0.004517346812694545,0.02273627330273422,213.6033393362396,1.0601405602728384,0.8732394366197183,0.9349758081502847,0.0014400365668122436,0.005739259719848899,0.6473853713704713,0.002483270663342529,0.010173034667968706,0.011476650247840317,V5_NORMAL:T5:S1:W000006000,V5_NORMAL,NORMAL,5,V5_NORMAL:T5:S1
7.0,12.0,9.5,142,1.0,1.0,0.0,30.562915274261385,5.136693475461819,1.320611736779492,0.043209612856913805,6.173744423430911,4.483367970773321,36.378037284374756,6.184483377554907,0.0038585902646443198,0.02273627330273422,191.92366722460818,1.104905962383288,0.9148936170212766,0.9343991158713756,0.0006788717842977919,0.0029087066650392845,0.6466450167373872,0.0010664133009454136,0.0037103017171223884,0.011225353870781381,V5_NORMAL:T5:S1:W000007000,V5_NORMAL,NORMAL,5,V5_NORMAL:T5:S1
8.0,13.0,10.5,143,1.0,1.0,0.0,33.43154307812736,8.720171922598354,2.6650777007070117,0.079717460078911,6.7056527544491775,5.116150421863467,36.378037284374756,6.574598802705255,0.004191032971530736,0.02273627330273422,203.77640737671564,1.089232067092283,0.9014084507042254,0.9343183867581241,0.0008098139047853668,0.0041393756866456854,0.6470321577467841,0.0011383212781186354,0.0038198788960773777,0.011118813939724012,V5_NORMAL:T5:S1:W000008000,V5_NORMAL,NORMAL,5,V5_NORMAL:T5:S1
9.0,14.0,11.5,142,1.0,1.0,0.0,39.624598261811926,14.300132109763025,13.171930045021902,0.3324180085812076,8.004214923684623,5.356171994725585,63.525025498317554,9.324418714590418,0.005002634327302889,0.03970314093644847,213.61755168708177,1.011017244680325,0.851063829787234,0.9329454777945934,0.0032743413184051,0.012571954727172874,0.6480641703090757,0.0016263893330506097,0.006745942433675101,0.011061923204834173,V5_NORMAL:T5:S1:W000009000,V5_NORMAL,NORMAL,5,V5_NORMAL:T5:S1
10.0,15.0,12.5,143,1.0,1.0,0.0,41.80815667624043,6.809142161412712,15.056637554691678,0.36013636456850445,8.385822345062328,5.5776991602274375,63.525025498317554,9.664193644699766,0.005241138965663955,0.03970314093644847,228.22426573628658,0.9891719460143814,0.852112676056338,0.9309591279996856,0.004541511092648001,0.012571954727172874,0.649055314453054,0.0016450164723956489,0.005311457316080737,0.010977111403455917,V5_NORMAL:T5:S1:W000010000,V5_NORMAL,NORMAL,5,V5_NORMAL:T5:S1
11.0,16.0,13.5,142,1.0,1.0,0.0,44.201261050238145,8.874373089986609,15.791626922061278,0.3572664341886734,8.92870612861118,4.876886526900162,63.525025498317554,10.481896236282262,0.0055804413303819885,0.03970314093644847,256.31707028086737,0.9502744976839478,0.8226950354609929,0.9289012391802293,0.004607973236347785,0.012571954727172874,0.6496674322746169,0.0015361171701517642,0.0048961639404296875,0.010876006701607193,V5_NORMAL:T5:S1:W000011000,V5_NORMAL,NORMAL,5,V5_NORMAL:T5:S1
12.0,17.0,14.5,143,1.0,1.0,0.0,47.75551290477958,8.150356951096999,13.784913743439253,0.288655966713732,9.578734846360758,5.644628073323226,63.525025498317554,10.633542047804976,0.0059867092789754744,0.03970314093644847,267.11973694043456,0.9375770636288653,0.8028169014084507,0.926790352134438,0.0038820064073600453,0.011328458786010631,0.6505622865992549,0.0016903473273352655,0.008268801371256518,0.010872528779556615,V5_NORMAL:T5:S1:W000012000,V5_NORMAL,NORMAL,5,V5_NORMAL:T5:S1
13.0,18.0,15.5,142,1.0,1.0,0.0,51.89487159568917,12.68863129045552,21.18757420053191,0.40827876722778,10.482824404789797,5.873229425846619,63.525025498317554,11.554256926215153,0.006551765252993623,0.03970314093644847,292.08347664394296,0.8467465422872417,0.7588652482269503,0.9245476729433301,0.002336094555324286,0.01198587417602559,0.6529293799064528,0.0038749290789429213,0.01564289728800461,0.011029352562630951,V5_NORMAL:T5:S1:W000013000,V5_NORMAL,NORMAL,5,V5_NORMAL:T5:S1
14.0,19.0,16.5,143,1.0,1.0,0.0,49.40062132392312,11.051312355134938,9.18688652466223,0.18596702386440064,9.9087084218077,6.444071027422754,51.285272612660656,10.30685683362928,0.006192942763629813,0.03205329538291291,284.11311361466437,0.8684724262159329,0.7676056338028169,0.9231214463293969,0.0020172345104219123,0.006551694869995295,0.6551700605379118,0.005040243680504735,0.01427383422851558,0.011067135734046999,V5_NORMAL:T5:S1:W000014000,V5_NORMAL,NORMAL,5,V5_NORMAL:T5:S1
15.0,20.0,17.5,142,1.0,1.0,0.0,62.988605435914494,19.78241069723222,11.694719539753754,0.18566404921684015,12.723771540117495,8.41478971017121,67.79092647003444,12.572093282391432,0.007952357212573435,0.042369329043771525,329.0938346749426,0.7886806303529518,0.6595744680851063,0.921943980203548,0.002567378740429636,0.010628414154052801,0.6551361377250419,0.005365428138002898,0.018625418345133427,0.011142280654043725,V5_NORMAL:T5:S1:W000015000,V5_NORMAL,NORMAL,5,V5_NORMAL:T5:S1
69.0,74.0,71.5,142,1.0,1.0,0.0,117.39173766196541,20.371030818387627,20.489974903998895,0.17454358638936468,23.713267508802083,16.02139525496149,118.0898660987999,22.584325249874848,0.014820792193001303,0.07380616631174994,558.214264858964,0.9515493103649001,0.49645390070921985,0.13452868070191054,0.005313761018705356,0.018615001440048212,0.8476672003526642,0.006255725026957351,0.02265841166178384,0.01131047229723885,V5_NORMAL:T63:S0:W000069000,V5_NORMAL,NORMAL,63,V5_NORMAL:T63:S0
70.0,75.0,72.5,143,1.0,1.0,0.0,107.55585761476061,23.534752860106018,17.831751698525505,0.1657906142350199,21.573405426906902,13.726022702593925,122.71043020302372,22.620006385303775,0.013483378391816816,0.07669401887688983,586.3350611286146,0.921710316722376,0.5422535211267606,0.13610905990317151,0.0024851076126943196,0.010851964354515103,0.850328357403095,0.00500947483438808,0.021159458160400435,0.010976987306576086,V5_NORMAL:T63:S0:W000070000,V5_NORMAL,NORMAL,63,V5_NORMAL:T63:S0
76.0,81.0,78.5,143,1.0,1.0,0.0,447.25130197449084,77.24241750197037,175.9080135316291,0.3933091144845054,89.70904866722728,60.51476549840402,373.885334911316,86.70595521719287,0.05606815541701704,0.23367833431957252,1550.6940417759288,0.5483902527138691,0.16901408450704225,0.19799567588142575,0.03226222982321355,0.13890499770641332,0.8488077463803593,0.016078024896362775,0.05514338811238606,0.015693182076732353,V5_NORMAL:T63:S1:W000076000,V5_NORMAL,NORMAL,63,V5_NORMAL:T63:S1
77.0,82.0,79.5,142,1.0,1.0,0.0,485.6465571441014,158.76446823443942,231.55053854302335,0.47678818090399333,98.10116924453926,63.911027560088655,658.529037165185,100.29280495218877,0.06131323077783705,0.4115806482282406,1672.8606975416199,0.47072504068707965,0.11347517730496454,0.2369088394121385,0.06295100026873633,0.2168899893760681,0.8409156900056651,0.02073607842597546,0.08087809880574548,0.01654145870052345,V5_NORMAL:T63:S1:W000077000,V5_NORMAL,NORMAL,63,V5_NORMAL:T63:S1
70.0,75.0,72.5,143,1.0,1.0,0.0,439.00119370478706,39.816278979221295,206.04432375100055,0.4693479806106362,88.05425334073055,64.33323678491107,325.3636605101749,73.27876689376791,0.0550339083379566,0.2033522878188593,875.8166977965706,0.35590354407795505,0.13380281690140844,0.4296075076490015,0.055656080591120385,0.19532177448272708,0.7995981507645897,0.03534109872582111,0.09956897099812823,0.01704618399976566,V5_NORMAL:T65:S0:W000070000,V5_NORMAL,NORMAL,65,V5_NORMAL:T65:S0
71.0,76.0,73.5,142,1.0,1.0,0.0,504.92717255208004,190.8358311410037,144.38240127050872,0.2859469822959797,101.99587597611676,66.57910057501502,463.04772340633366,92.19692329429458,0.063747422485073,0.28940482712895854,890.338562974809,0.3803364006124367,0.14893617021276595,0.41411720564667603,0.04295518138538377,0.17578151226043698,0.8196084644872818,0.042597861025690985,0.13637552261352537,0.016570322547644657,V5_NORMAL:T65:S0:W000071000,V5_NORMAL,NORMAL,65,V5_NORMAL:T65:S0
72.0,77.0,74.5,143,1.0,1.0,0.0,761.6282696935851,280.8469558460919,380.82883946611474,0.5000193068192283,152.76634681809054,134.31150897128973,463.04772340633366,111.24092155246022,0.09547896676130659,0.28940482712895854,1088.6030881028305,0.2576251296385737,0.056338028169014086,0.4501594505109987,0.10673195876680412,0.3987162351608276,0.8422616507345703,0.03534138797194429,0.12724685668945312,0.015932350120482736,V5_NORMAL:T65:S0:W000072000,V5_NORMAL,NORMAL,65,V5_NORMAL:T65:S0
73.0,78.0,75.5,142,1.0,1.0,0.0,658.7346161542375,50.11885527207367,548.0931770561411,0.8320394338101847,133.06515842839158,77.51528577896278,463.04772340633366,118.31004434896495,0.08316572401774475,0.28940482712895854,1011.5291535175543,0.3382142085024282,0.15602836879432624,0.5213977251254337,0.159151457660654,0.43905622959136964,0.8570618521999304,0.01910695115851826,0.06126855214436855,0.015941115745139074,V5_NORMAL:T65:S0:W000073000,V5_NORMAL,NORMAL,65,V5_NORMAL:T65:S0
74.0,79.0,76.5,143,1.0,1.0,0.0,766.2076007468879,187.33469096553043,602.2232640462371,0.7859792352088373,153.68486271845848,125.94189326208091,463.04772340633366,127.03695117811041,0.09605303919903654,0.28940482712895854,1218.3668121949077,0.3387074746234048,0.14084507042253522,0.6177517920940906,0.18392891210626974,0.49931259155273433,0.8465509327975187,0.03981015138692035,0.14917367299397788,0.016705481797239245,V5_NORMAL:T65:S0:W000074000,V5_NORMAL,NORMAL,65,V5_NORMAL:T65:S0
75.0,80.0,77.5,142,1.0,1.0,0.0,768.7028845278139,43.52662171713253,595.7134833921249,0.774959344348044,155.27887650905745,135.02557100225988,463.04772340633366,127.7604346354756,0.0970492978181609,0.28940482712895854,1328.167999852564,0.4080233258921533,0.20567375886524822,0.7115662270028826,0.16241965039510858,0.49838323593139644,0.830408019079289,0.05359269297637494,0.14917367299397788,0.018069496311841644,V5_NORMAL:T65:S0:W000075000,V5_NORMAL,NORMAL,65,V5_NORMAL:T65:S0
76.0,81.0,78.5,143,1.0,1.0,0.0,664.2700191474426,89.60165503539451,407.17838889985563,0.6129711971984657,133.23836333801555,102.2112580811582,459.9506269044835,119.65324475515708,0.08327397708625973,0.2874691418153022,1218.378548020667,0.42744869298598337,0.176056338028169,0.789055876131658,0.088062052328176,0.3508066177368163,0.8133084039310199,0.0498094124596695,0.1489227930704753,0.019887633444269068,V5_NORMAL:T65:S0:W000076000,V5_NORMAL,NORMAL,65,V5_NORMAL:T65:S0
77.0,82.0,79.5,142,1.0,1.0,0.0,459.73926551311814,73.5388914729602,135.25059197172635,0.29418977693970133,92.86786621052974,69.67783118244854,459.9506269044835,98.05337459690811,0.0580424163815811,0.2874691418153022,1341.551219690364,0.5666503165896064,0.23404255319148937,0.8317060262384549,0.037964898692757036,0.13043451309204102,0.8066795212562096,0.04308649864827338,0.11966673533121741,0.02047404819174425,V5_NORMAL:T65:S0:W000077000,V5_NORMAL,NORMAL,65,V5_NORMAL:T65:S0
78.0,83.0,80.5,143,1.0,1.0,0.0,437.2331377047998,30.305097391043013,93.91663336248219,0.21479761084780927,87.69961910926236,64.60158575038324,459.9506269044835,96.63232101562899,0.054812261943288976,0.2874691418153022,1343.3978428764228,0.6347409762160727,0.21830985915492956,0.8502223026502381,0.018811533076269708,0.09025571346282957,0.8033915984324921,0.03916916072742261,0.11501604715983071,0.02035300438117127,V5_NORMAL:T65:S0:W000078000,V5_NORMAL,NORMAL,65,V5_NORMAL:T65:S0
79.0,84.0,81.5,142,1.0,1.0,0.0,272.5268245070696,22.46476341438017,89.2007056663042,0.3273098192357584,55.05073543991445,36.302416304633645,455.73930398995026,61.3854731554617,0.03440670964994653,0.2848370649937189,1123.1542920186848,0.7267647371579992,0.3333333333333333,0.8525064849517713,0.01369579601282898,0.04805936813354483,0.8147375373213503,0.03557590836443202,0.10546172459920244,0.02118715147599305,V5_NORMAL:T65:S0:W000079000,V5_NORMAL,NORMAL,65,V5_NORMAL:T65:S0
80.0,85.0,82.5,142,1.0,1.0,0.0,291.5261321813866,62.00734109754001,99.85612577490456,0.3425289013637186,58.888617682192866,41.86314382464131,455.73930398995026,64.95400529907148,0.03680538605137054,0.2848370649937189,1198.9306638645403,0.7123412953005487,0.3049645390070922,0.8471583757601994,0.015453925748519712,0.04779815673828125,0.8345758449303711,0.024696413045250134,0.10059789021809895,0.02154929773775819,V5_NORMAL:T65:S0:W000080000,V5_NORMAL,NORMAL,65,V5_NORMAL:T65:S0
81.0,86.0,83.5,142,1.0,1.0,0.0,257.0369578025721,61.06542171820598,79.8661681936723,0.3107186175733406,51.92176435425589,33.86531109749099,455.73930398995026,64.98990755481364,0.03245110272140992,0.2848370649937189,1164.2747725018914,0.7400188890466143,0.3617021276595745,0.84096939882762,0.02512702779468891,0.07818517684936532,0.8499957107042484,0.01150646477417921,0.048225688934326216,0.020600896823591834,V5_NORMAL:T65:S0:W000081000,V5_NORMAL,NORMAL,65,V5_NORMAL:T65:S0
82.0,87.0,84.5,142,1.0,1.0,0.0,220.29763394804695,38.49778037188503,99.94416258469943,0.4536778756701008,44.50037821578958,32.10602776067352,301.37601716888435,49.30302500056523,0.027812736384868485,0.18836001073055272,900.1201054817533,0.7779875906413117,0.3617021276595745,0.8269885543366553,0.033237407035825124,0.08957488536834723,0.8529127564228758,0.010889409037554204,0.03635527292887375,0.02020486037037466,V5_NORMAL:T65:S0:W000082000,V5_NORMAL,NORMAL,65,V5_NORMAL:T65:S0
83.0,88.0,85.5,142,1.0,1.0,0.0,217.32184042189033,26.616238167571034,134.73560067820137,0.619981868442845,43.899264463304995,27.038628950018982,301.37601716888435,49.34902703327411,0.027437040289565617,0.18836001073055272,849.9808635431184,0.7124908059580852,0.3829787234042553,0.8087954796535868,0.03529260724554031,0.10660932064056405,0.8560271446693672,0.00912439032793377,0.03635527292887375,0.02042825902492472,V5_NORMAL:T65:S0:W000083000,V5_NORMAL,NORMAL,65,V5_NORMAL:T65:S0
84.0,89.0,86.5,142,1.0,1.0,0.0,218.43583821637037,27.39133147109632,124.68139216182955,0.5707918315048977,44.12429331312709,29.62343230164538,301.37601716888435,48.614389468838205,0.027577683320704437,0.18836001073055272,822.5559544235374,0.7646135468707301,0.3404255319148936,0.7882923386466335,0.02637692165589259,0.099605107307434,0.8590509385570115,0.005218385564940704,0.027625179290771573,0.019597725946292024,V5_NORMAL:T65:S0:W000084000,V5_NORMAL,NORMAL,65,V5_NORMAL:T65:S0
85.0,90.0,87.5,143,1.0,1.0,0.0,182.25047155429584,25.89191917038134,67.09970797025737,0.3681730280202162,36.55554796623461,22.089553396978097,255.687823893408,39.27176862594219,0.02284721747889663,0.15980488993338,707.3875199227205,0.7434820067321884,0.38028169014084506,0.7744330629602179,0.015361559997760232,0.0618715524673461,0.858051669958866,0.0058180104083176525,0.02494433720906586,0.018060970820399196,V5_NORMAL:T65:S0:W000085000,V5_NORMAL,NORMAL,65,V5_NORMAL:T65:S0
86.0,91.0,88.5,142,1.0,1.0,0.0,140.2075080936569,19.043301763426435,27.939257848251316,0.1992707682215437,28.322079665787673,18.67641524393235,137.58837724888605,29.06178582056874,0.0177012997911173,0.08599273578055378,692.0710040776097,0.8356512987580749,0.45390070921985815,0.768125562768587,0.008132468810235398,0.03199615478515616,0.8568720772792476,0.0038463755229744935,0.01437842051188154,0.017460260915820026,V5_NORMAL:T65:S0:W000086000,V5_NORMAL,NORMAL,65,V5_NORMAL:T65:S0
87.0,92.0,89.5,143,1.0,1.0,0.0,174.4779187675442,73.90429944420994,65.99224301123512,0.3782269038820675,34.996540059187666,17.629956753321167,204.05787806522838,44.170550116968414,0.021872837536992294,0.12753617379076773,775.4685161186136,0.7560827445562986,0.47183098591549294,0.7620323086118365,0.008754635885714816,0.05034182071685789,0.8566117431178237,0.004411392130318165,0.020819441477457734,0.01724126314491162,V5_NORMAL:T65:S0:W000087000,V5_NORMAL,NORMAL,65,V5_NORMAL:T65:S0
88.0,93.0,90.5,142,1.0,1.0,0.0,229.08119918406817,80.15847516504566,19.54857245345326,0.0853346871025669,46.27466860684514,23.09047501813942,452.7045605621004,63.12810487309023,0.028921667879278214,0.28294035035131276,951.7199522170641,0.7198614590362784,0.3829787234042553,0.7565963520130641,0.013310768963022718,0.04686493873596198,0.8520157075264084,0.010486279287694448,0.03437760670979817,0.01767017120779596,V5_NORMAL:T65:S0:W000088000,V5_NORMAL,NORMAL,65,V5_NORMAL:T65:S0
89.0,94.0,91.5,143,1.0,1.0,0.0,390.63356535955785,189.0571777582107,68.74291896556899,0.17597801382555212,78.3527412244233,36.78563867834869,544.5760359354863,99.65885362069773,0.048970463265264545,0.34036002245967895,1308.0495062229036,0.5954161188829398,0.323943661971831,0.7580348998516591,0.017664827030183086,0.08277194499969487,0.8427519689350973,0.02081288651962429,0.06290604273478195,0.01667961134344342,V5_NORMAL:T65:S0:W000089000,V5_NORMAL,NORMAL,65,V5_NORMAL:T65:S0
90.0,95.0,92.5,142,1.0,1.0,0.0,406.48412462988387,34.80568034500412,96.01447215522055,0.23620718827000842,82.11026582795965,39.26880517391263,544.5760359354863,100.16338012921771,0.051318916142474795,0.34036002245967895,1342.9393522878747,0.5488044488529156,0.2907801418439716,0.7484106350952471,0.024487826766650025,0.09744977951049805,0.8310403201501693,0.02704017029195207,0.07002754211425788,0.016145895059798014,V5_NORMAL:T65:S0:W000090000,V5_NORMAL,NORMAL,65,V5_NORMAL:T65:S0
91.0,96.0,93.5,143,1.0,1.0,0.0,414.88631722098944,27.22271603421955,109.83338753699279,0.26473128415678737,83.21732470902514,45.80420790840423,544.5760359354863,98.80766797012075,0.052010827943140714,0.34036002245967895,1238.9864039489194,0.4962363078742744,0.23943661971830985,0.7355641615140688,0.02800936393095208,0.10699129104614258,0.8176921026412146,0.025646424029542307,0.06937719980875656,0.015390881832065051,V5_NORMAL:T65:S0:W000091000,V5_NORMAL,NORMAL,65,V5_NORMAL:T65:S0
92.0,97.0,94.5,142,1.0,1.0,0.0,445.361414030983,102.73200461465899,140.01749783718373,0.3143907249841877,89.96352349282213,56.06212208735101,544.5760359354863,97.64546051435947,0.05622720218301383,0.34036002245967895,1224.2993187362333,0.4114376327826528,0.18439716312056736,0.7151346592835977,0.044043457940411715,0.18637719154357912,0.806561958062257,0.01654060738910002,0.053209877014160134,0.014818939887202487,V5_NORMAL:T65:S0:W000092000,V5_NORMAL,NORMAL,65,V5_NORMAL:T65:S0
93.0,98.0,95.5,143,1.0,1.0,0.0,403.5547153494674,37.7482449958114,180.55320733025965,0.4474070069380938,80.94444765023769,49.776858003540966,544.5760359354863,91.64005297800227,0.050590279781398566,0.34036002245967895,1064.2369275488281,0.4051303761918833,0.22535211267605634,0.6902755153762712,0.054698027491232155,0.19448554515838623,0.8044786366549405,0.013246073508174113,0.053209877014160134,0.013469276834850106,V5_NORMAL:T65:S0:W000093000,V5_NORMAL,NORMAL,65,V5_NORMAL:T65:S0
94.0,99.0,96.5,142,1.0,1.0,0.0,223.4444107538813,14.307351588168917,126.93847657671128,0.5680986879395743,45.136030789585845,25.913753015994036,249.11530687374815,49.92125027131011,0.028210019243491147,0.1556970667960926,617.0386629099752,0.46318118048471363,0.3475177304964539,0.6604471105924795,0.042685550212932646,0.10841569900512693,0.806204768973337,0.012413742372821708,0.03221073150634768,0.013122947685046902,V5_NORMAL:T65:S0:W000094000,V5_NORMAL,NORMAL,65,V5_NORMAL:T65:S0
95.0,100.0,97.5,143,1.0,1.0,0.0,208.4347857937143,20.16705758210275,115.15482861252731,0.5524741380092613,41.807561565863615,23.935109163980357,249.11530687374815,47.982253596711146,0.026129725978664756,0.1556970667960926,567.072804101038,0.42528966921981415,0.38028169014084506,0.6416741736285336,0.03511413403416815,0.1036324739456177,0.8086525096759929,0.011104721680303499,0.03221073150634768,0.012901832934720298,V5_NORMAL:T65:S0:W000095000,V5_NORMAL,NORMAL,65,V5_NORMAL:T65:S0
96.0,101.0,98.5,142,1.0,1.0,0.0,206.4127080653824,27.736642917192164,89.94434823639597,0.4357500518229022,41.69560704233907,23.320536428856283,249.11530687374815,48.408286737700834,0.02605975440146192,0.1556970667960926,595.9867624521778,0.43099303422863555,0.3900709219858156,0.6247022706018367,0.016739257061035576,0.08490204811096191,0.8092041389483241,0.01054194302006114,0.03182675043741856,0.012391022163719071,V5_NORMAL:T65:S0:W000096000,V5_NORMAL,NORMAL,65,V5_NORMAL:T65:S0
97.0,102.0,99.5,143,1.0,1.0,0.0,136.9490972759848,34.286399196355156,34.60999422537937,0.25272159447412823,27.469060857342914,17.93112623122143,209.95344921581793,32.36616606891027,0.01716816303583932,0.1312209057598862,620.4157778638672,0.6534049386835813,0.4859154929577465,0.6195894889898234,0.003938176275579138,0.017349267005920432,0.8063583816403832,0.01348296120258059,0.04655974706013999,0.01216676215108415,V5_NORMAL:T65:S0:W000097000,V5_NORMAL,NORMAL,65,V5_NORMAL:T65:S0
98.0,103.0,100.5,142,1.0,1.0,0.0,127.7234954221579,25.745629121006896,69.72537178076706,0.5459087347265856,25.800294589949022,16.615754581086936,176.46817195489356,28.824262692600055,0.01612518411871814,0.11029260747180848,562.0493578244199,0.6518471225967104,0.49645390070921985,0.6171950587084595,0.0062275170621186125,0.021602320671081587,0.7948281366500496,0.018964833691853127,0.06921396255493173,0.012729272702259731,V5_NORMAL:T65:S0:W000098000,V5_NORMAL,NORMAL,65,V5_NORMAL:T65:S0
99.0,104.0,101.5,143,1.0,1.0,0.0,147.98026616930179,33.75445071087162,63.42948037512165,0.42863472283901033,29.681677484143652,18.821298936639522,176.46817195489356,30.474869072063107,0.018551048427589784,0.11029260747180848,641.1926500775204,0.6552123687186054,0.4225352112676056,0.6145150898219821,0.007832849550000145,0.026620078086853072,0.781072747512853,0.021388420698681847,0.06554692586263022,0.013646133090997464,V5_NORMAL:T65:S0:W000099000,V5_NORMAL,NORMAL,65,V5_NORMAL:T65:S0
100.0,105.0,102.5,142,1.0,1.0,0.0,166.33237963168762,38.462872778094216,60.22280496526472,0.3620630276475153,33.59933409401764,20.72797130651499,176.46817195489356,32.78042622468758,0.02099958380876102,0.11029260747180848,710.9631861917884,0.6706398696891701,0.3971631205673759,0.6149328614624453,0.008844139395991532,0.03643310070037842,0.7681179942099702,0.021222483350659384,0.05992310841878257,0.013699610899479263,V5_NORMAL:T65:S0:W000100000,V5_NORMAL,NORMAL,65,V5_NORMAL:T65:S0
101.0,106.0,103.5,143,1.0,1.0,0.0,294.2214895319268,152.1174215186032,173.43824103897856,0.5894818944561093,59.014540163078955,38.13361528574946,298.3499772890568,59.711829035166936,0.03688408760192435,0.1864687358056605,753.6030488390552,0.5462004667794815,0.29577464788732394,0.6317341347674391,0.04004104555888698,0.15622956752777095,0.75924761022999,0.016652821126487274,0.05473028818766279,0.013946222970837675,V5_NORMAL:T65:S0:W000101000,V5_NORMAL,NORMAL,65,V5_NORMAL:T65:S0
102.0,107.0,104.5,142,1.0,1.0,0.0,352.88598991541807,94.34316605367256,273.66784284526744,0.7755134821613685,71.28338029264864,57.22717260978936,298.3499772890568,59.15954013710977,0.0445521126829054,0.1864687358056605,670.543626258072,0.3487284151765986,0.19858156028368795,0.6647049638586985,0.0738863558263705,0.22217268943786617,0.7575038345766738,0.015112897906282938,0.05670785903930664,0.014021428510411828,V5_NORMAL:T65:S0:W000102000,V5_NORMAL,NORMAL,65,V5_NORMAL:T65:S0
103.0,108.0,105.5,143,1.0,1.0,0.0,338.7982389718682,11.219114415808605,290.0757627427277,0.8561902907848759,67.95568302231855,50.55479796743939,298.3499772890568,61.28584172605867,0.0424723018889491,0.1864687358056605,642.205057209416,0.4172252507596454,0.28169014084507044,0.7089513666979916,0.09010481817422049,0.2284890651702881,0.7644771780445303,0.022312236738587638,0.059683926900227835,0.01267628027198376,V5_NORMAL:T65:S0:W000103000,V5_NORMAL,NORMAL,65,V5_NORMAL:T65:S0
104.0,109.0,106.5,142,1.0,1.0,0.0,324.0893225476208,19.493196105776445,279.17023191584263,0.8613990418484773,65.46642000008663,43.61872497887014,298.3499772890568,62.336889717655644,0.04091651250005414,0.1864687358056605,610.5563123305461,0.4644906639000596,0.3191489361702128,0.7532913785585216,0.08200065997283783,0.21848516464233403,0.7750798697762648,0.02544448358047959,0.0657913208007812,0.011330949263028892,V5_NORMAL:T65:S0:W000104000,V5_NORMAL,NORMAL,65,V5_NORMAL:T65:S0
105.0,110.0,107.5,143,1.0,1.0,0.0,309.9507757882956,27.45024154611281,220.70853618485495,0.7120760889322781,62.16949868426003,37.64402915631794,298.3499772890568,63.048146148378,0.0388559366776625,0.1864687358056605,589.7761834369005,0.4991249402916925,0.3380281690140845,0.7921453774392189,0.05128730578005558,0.18928031921386723,0.787490586189679,0.021279412097309807,0.06606534322102864,0.011394824017921513,V5_NORMAL:T65:S0:W000105000,V5_NORMAL,NORMAL,65,V5_NORMAL:T65:S0
106.0,111.0,108.5,142,1.0,1.0,0.0,175.86822010717685,17.33243804690599,61.74048785895443,0.3510610832436287,35.525584958178555,17.9395563297411,176.44295139753842,40.12916670544388,0.0222034905988616,0.11027684462346152,562.2630441937737,0.614103797614879,0.4397163120567376,0.8120507634861369,0.017867047431372796,0.07015142440795896,0.7967229305858342,0.010759962158312637,0.04930445353190105,0.011922345924075045,V5_NORMAL:T65:S0:W000106000,V5_NORMAL,NORMAL,65,V5_NORMAL:T65:S0
107.0,112.0,109.5,143,1.0,1.0,0.0,151.64589867269973,71.47961881868996,100.14280690935752,0.6603726693954162,30.41692499084182,16.56229837128652,142.7264731835797,35.28665230330191,0.01901057811927614,0.08920404573973732,516.3155229090336,0.6490275009151204,0.4859154929577465,0.809665129901646,0.020491870750554638,0.08326170444488523,0.8007566907744864,0.003438014543757644,0.014089965820312522,0.011854173560380574,V5_NORMAL:T65:S0:W000107000,V5_NORMAL,NORMAL,65,V5_NORMAL:T65:S0
108.0,113.0,110.5,142,1.0,1.0,0.0,184.75101278646383,41.731820556219674,97.7722985588839,0.5292111641731005,37.319919408152764,25.658357431407623,142.7264731835797,35.62086478404998,0.023324949630095473,0.08920404573973732,558.82045014568,0.5766728692120034,0.3475177304964539,0.7948597102098062,0.02828434333426382,0.08429744243621828,0.7958256578221566,0.012265882624654932,0.0458010037740072,0.012633596351612023,V5_NORMAL:T65:S0:W000108000,V5_NORMAL,NORMAL,65,V5_NORMAL:T65:S0
109.0,114.0,111.5,142,1.0,1.0,0.0,198.47924569009072,33.008552565445264,118.48319157293531,0.5969550678257677,40.09303841763681,26.80461916267098,144.86182745861683,37.95438379906199,0.025058149011023004,0.09053864216163551,561.3333632127864,0.4619779441206516,0.3191489361702128,0.7812335706092941,0.026460300701268414,0.08051364421844476,0.7857468356548901,0.02049111442365281,0.07129259109497066,0.013565390160490179,V5_NORMAL:T65:S0:W000109000,V5_NORMAL,NORMAL,65,V5_NORMAL:T65:S0
110.0,115.0,112.5,142,1.0,1.0,0.0,479.3090558517953,305.11610225489443,325.63697143865204,0.6793883142056482,96.82098661435631,41.93581863852446,580.1045678152254,125.05857236768973,0.06051311663397269,0.3625653548845159,869.5172891189964,0.38193684981893455,0.24113475177304963,0.7480053314020936,0.05818169128160183,0.25341467857360833,0.7653528423936155,0.037451527862020655,0.12812344233194983,0.014422933065869463,V5_NORMAL:T65:S0:W000110000,V5_NORMAL,NORMAL,65,V5_NORMAL:T65:S0
111.0,116.0,113.5,142,1.0,1.0,0.0,571.8408056367235,100.02203749499189,222.21543445328973,0.3885966728202635,115.51250766523309,78.23989940935314,580.1045678152254,121.5232504257879,0.07219531729077068,0.3625653548845159,1051.902431778339,0.27031750011697203,0.1347517730496454,0.7069453954696655,0.0781551236447486,0.2455654621124267,0.7611750340797532,0.034915986147540656,0.12812344233194983,0.014338360825460828,V5_NORMAL:T65:S0:W000111000,V5_NORMAL,NORMAL,65,V5_NORMAL:T65:S0
112.0,117.0,114.5,142,1.0,1.0,0.0,537.1631597594131,38.34497852630989,150.15566173077517,0.27953454923831245,108.50758287544842,54.43904001768668,580.1045678152254,123.69136928381391,0.06781723929715526,0.3625653548845159,1076.6606063645922,0.31220714953235995,0.14893617021276595,0.6767604698597545,0.07288997204468375,0.2098943710327148,0.755706741440464,0.0300815199247777,0.1135372797648112,0.014342985597014727,V5_NORMAL:T65:S0:W000112000,V5_NORMAL,NORMAL,65,V5_NORMAL:T65:S0
113.0,118.0,115.5,142,1.0,1.0,0.0,533.0987742524288,36.715243753262165,183.86928696760333,0.34490660239361,107.68657227704063,53.75454250583177,580.1045678152254,123.91190462448468,0.06730410767315037,0.3625653548845159,1071.0582540943556,0.3098577927771601,0.14893617021276595,0.6506678539262691,0.06439210302076098,0.2098943710327148,0.7560598241331432,0.030333698540224583,0.11817191441853836,0.013776142164749958,V5_NORMAL:T65:S0:W000113000,V5_NORMAL,NORMAL,65,V5_NORMAL:T65:S0
114.0,119.0,116.5,143,1.0,1.0,0.0,549.4872129150863,53.24254159959279,145.96913479220058,0.26564609942025635,110.21538653504085,57.940505685580895,580.1045678152254,121.10768536728654,0.06888461658440055,0.3625653548845159,1064.523654598026,0.28790189091222795,0.1056338028169014,0.6250829961750057,0.03694953256308029,0.19359579086303713,0.7678691612812746,0.03705512177886774,0.14035409291585288,0.0128902615164357,V5_NORMAL:T65:S0:W000114000,V5_NORMAL,NORMAL,65,V5_NORMAL:T65:S0
71.0,76.0,73.5,142,1.0,1.0,0.0,360.6331181761507,45.68259952532209,140.95530250923832,0.3908551250703185,72.84830920954454,54.19155864790148,301.35788197682564,68.62622568597773,0.045530193255965336,0.18834867623551602,1495.7466537856412,0.5202893697229038,0.20567375886524822,0.843053815902119,0.020295448948101962,0.0759884595870971,0.7892448987199666,0.04560232228095121,0.1685863176981608,0.013748516044047072,V5_NORMAL:T67:S0:W000071000,V5_NORMAL,NORMAL,67,V5_NORMAL:T67:S0
71.0,76.0,73.5,142,1.0,1.0,0.0,82.71491972930679,20.534124830203258,15.42222776364744,0.18645037454087232,16.708509964800445,9.00758865473733,110.54526887147027,18.370171530785107,0.010442818728000278,0.06909079304466892,442.83664330677226,0.8271829594937121,0.6170212765957447,0.19563992439021521,0.0030070153838866165,0.0162755906581879,0.8121075477958285,0.003528370998600407,0.012245814005533817,0.009599338804558688,V5_NORMAL:T68:S0:W000071000,V5_NORMAL,NORMAL,68,V5_NORMAL:T68:S0
72.0,77.0,74.5,143,1.0,1.0,0.0,118.63228990467108,44.58014906437075,15.069155277541132,0.12702406140562741,23.79510092330523,16.448235447198392,231.51623706922635,30.08373582334077,0.014871938077065773,0.14469764816826647,602.2112158019405,0.7818864687473253,0.5,0.19686945622617547,0.005007155643847884,0.019700407981872614,0.8090546956984869,0.004490908402188829,0.020181337992350334,0.00980911966361281,V5_NORMAL:T68:S0:W000072000,V5_NORMAL,NORMAL,68,V5_NORMAL:T68:S0
72.0,77.0,74.5,143,1.0,1.0,0.0,148.26258137881297,51.60625104887201,10.38832078034021,0.07006704377956233,29.73830387910092,14.76013366356571,242.0323338887092,38.126194511335726,0.018586439924438074,0.15127020868044325,810.3192850207878,0.9464566275920454,0.5140845070422535,0.9326260703426976,0.003244153936059881,0.014519023895263716,0.714386536524846,0.007840748830760942,0.030475838979085235,0.011053509568452082,V5_NORMAL:T69:S0:W000072000,V5_NORMAL,NORMAL,69,V5_NORMAL:T69:S0
79.0,84.0,81.5,142,1.0,0.9788732394366197,0.02112676056338028,578.428011733406,116.2106310747593,165.14171525147103,0.2855008953604824,116.84313095625137,99.81491434191227,429.93743042262224,84.08461598480595,0.07302695684765712,0.2687108940141389,1121.9917972088135,0.26725036023030724,0.04964539007092199,0.9461189844238926,0.020880469321356468,0.07008929252624507,0.4593907971897036,0.048012869949493914,0.17659764289855967,0.011918186135250681,V5_NORMAL:T69:S2:W000079000,V5_NORMAL,NORMAL,69,V5_NORMAL:T69:S2
80.0,85.0,82.5,142,1.0,0.9788732394366197,0.02112676056338028,455.926152275415,48.31839061651504,80.01670918904428,0.1755036616998183,92.09761290269101,71.98248063816946,429.93743042262224,71.62209985852213,0.05756100806418187,0.2687108940141389,902.94209824239,0.2955531758023133,0.05673758865248227,0.9452721662924324,0.019553766802630233,0.07008929252624507,0.43344690519879114,0.052653255725141894,0.1943126201629638,0.011842217081018727,V5_NORMAL:T69:S2:W000080000,V5_NORMAL,NORMAL,69,V5_NORMAL:T69:S2
81.0,86.0,83.5,142,1.0,0.9788732394366197,0.02112676056338028,343.1490200662619,14.690751267455585,94.83862768965136,0.2763773816732394,69.31650106114003,51.96731648405917,267.22307758698406,61.28716563062511,0.043322813163212515,0.16701442349186504,754.9064168869585,0.42177263054459024,0.18439716312056736,0.9474479823045328,0.012807881600722479,0.03480858802795406,0.4200407522944777,0.064569282595822,0.2023273309071858,0.012075890357034828,V5_NORMAL:T69:S2:W000081000,V5_NORMAL,NORMAL,69,V5_NORMAL:T69:S2
82.0,87.0,84.5,142,1.0,0.9788732394366197,0.02112676056338028,311.5320807498781,14.719068881733525,135.1215287284135,0.43373230905519305,62.929842555599045,45.05109277047462,267.22307758698406,64.05637129968518,0.039331151597249404,0.16701442349186504,691.5486708576249,0.48399977934790184,0.28368794326241137,0.9424090815262056,0.013203433559747894,0.0353196620941163,0.3979711785003053,0.07224777783226088,0.2159935633341471,0.012720780469385446,V5_NORMAL:T69:S2:W000082000,V5_NORMAL,NORMAL,69,V5_NORMAL:T69:S2
83.0,88.0,85.5,142,1.0,0.9859154929577465,0.014084507042253521,206.18776700558968,8.75193875452424,176.23868621804613,0.8547485080105085,41.650168686703815,22.513104491852985,267.22307758698406,52.72129528383143,0.02603135542918988,0.16701442349186504,517.1476419320215,0.6952993539782746,0.425531914893617,0.9361841255510356,0.007975488326579355,0.0353196620941163,0.3597554627905056,0.04863187919776501,0.17990747557746045,0.013547762736504022,V5_NORMAL:T69:S2:W000083000,V5_NORMAL,NORMAL,69,V5_NORMAL:T69:S2
84.0,89.0,86.5,142,1.0,1.0,0.0,98.62695862094655,10.29438422245955,70.72529741707102,0.7170990407287107,19.922760323155384,11.825315890809652,124.1078256645734,21.39330057000623,0.012451725201972115,0.07756739104035837,376.87453930006814,0.7954636441147076,0.574468085106383,0.9331441499817538,0.002115651377578454,0.008227729797363414,0.3346393065833149,0.017162056506651622,0.07343961397806803,0.014281995897970594,V5_NORMAL:T69:S2:W000084000,V5_NORMAL,NORMAL,69,V5_NORMAL:T69:S2
85.0,90.0,87.5,143,1.0,1.0,0.0,57.6120427768995,7.5083953835419095,27.08535517656142,0.4701335670642413,11.555744000016118,7.959542720116689,51.58046183049065,11.374387857422604,0.007222340000010073,0.03223778864405666,306.6719701551379,0.9721857666995201,0.7394366197183099,0.9323220646464739,0.0009415676863522803,0.003929805755615301,0.3254658860204381,0.00910137079956197,0.028532107671101925,0.014504808514696469,V5_NORMAL:T69:S2:W000085000,V5_NORMAL,NORMAL,69,V5_NORMAL:T69:S2
86.0,91.0,88.5,142,1.0,1.0,0.0,58.59474407627608,14.78491284598347,31.25005512739326,0.5333252260085529,11.836206436363888,8.12710379063399,58.89664981367722,11.355910887204592,0.007397629022727431,0.03681040613354827,301.11291375543885,0.9728105162184448,0.7163120567375887,0.9322221121317902,0.0009085018465062357,0.003866434097290039,0.3193053085479378,0.006636670550482035,0.0324794133504232,0.014151088539238854,V5_NORMAL:T69:S2:W000086000,V5_NORMAL,NORMAL,69,V5_NORMAL:T69:S2
87.0,92.0,89.5,143,1.0,1.0,0.0,57.616359979717885,12.51581460476577,25.855765876411414,0.4487573648441721,11.556609938597113,7.959542720116689,61.30182477314966,11.677860714651946,0.007222881211623195,0.03831364048321854,311.0536076135248,1.0779550952977655,0.7394366197183099,0.9325856765667039,0.000594515813652514,0.002667951583862349,0.3127895030664119,0.009284475813392838,0.027129769325256403,0.013902532052314336,V5_NORMAL:T69:S2:W000087000,V5_NORMAL,NORMAL,69,V5_NORMAL:T69:S2
88.0,93.0,90.5,142,1.0,1.0,0.0,60.718656597652625,13.100845116455622,29.95704501393751,0.4933746346274671,12.265239235331101,8.667718305053018,61.30182477314966,12.125399417801681,0.007665774522081939,0.03831364048321854,328.43687493018746,0.9821864058632771,0.7021276595744681,0.932714842070996,0.0008501681045101442,0.0046072483062745695,0.30708371557540176,0.011137093129623871,0.032328685124715206,0.013797409656445598,V5_NORMAL:T69:S2:W000088000,V5_NORMAL,NORMAL,69,V5_NORMAL:T69:S2
89.0,94.0,91.5,143,1.0,1.0,0.0,70.21333888975768,20.08134897720579,44.075446200482,0.6277360811694923,14.083294576767981,11.027209436486789,63.139531221156794,13.579544264130432,0.008802059110479987,0.039462207013223,357.3691067901593,0.9493202646893364,0.6408450704225352,0.9330475216978914,0.0011024936026899127,0.004896450042724765,0.2990738441894104,0.013552617744294655,0.04682052135467529,0.01376885498755285,V5_NORMAL:T69:S2:W000089000,V5_NORMAL,NORMAL,69,V5_NORMAL:T69:S2
90.0,95.0,92.5,142,1.0,1.0,0.0,74.70829563982983,12.954330819306504,43.840164008485495,0.5868178845872725,15.091162588761868,11.840550473021144,63.139531221156794,14.302275527366506,0.00943197661797617,0.039462207013223,390.5056462214439,0.8873628831233139,0.6170212765957447,0.9334164414607302,0.0012518220463776303,0.004896450042724765,0.28974898090944606,0.014144228809214053,0.046509488423665424,0.013746363288432406,V5_NORMAL:T69:S2:W000090000,V5_NORMAL,NORMAL,69,V5_NORMAL:T69:S2
91.0,96.0,93.5,143,1.0,1.0,0.0,74.86387576805542,15.720294795243609,32.83939269629404,0.4386547231142244,15.01609284320618,11.785416271639157,74.70861043944394,14.89595131176863,0.009385058027003863,0.046692881524652466,419.2895814191799,0.8643771439386569,0.6408450704225352,0.9341036613170919,0.0013711879275127002,0.006640386581420854,0.2816611456704306,0.011406495268481875,0.03361405531565348,0.014072133594311914,V5_NORMAL:T69:S2:W000091000,V5_NORMAL,NORMAL,69,V5_NORMAL:T69:S2
92.0,97.0,94.5,142,1.0,1.0,0.0,90.15661765743529,26.751094508687654,31.15688685631269,0.34558624387062015,18.211741599360295,13.223892878123877,97.55454068085483,19.183241732710517,0.011382338499600181,0.06097158792553427,454.6765093633176,0.7115680725892887,0.5957446808510638,0.9323873496391403,0.00498717277374117,0.019243955612182395,0.27584305822569444,0.009629435711981991,0.02947769165039066,0.014191116024311284,V5_NORMAL:T69:S2:W000092000,V5_NORMAL,NORMAL,69,V5_NORMAL:T69:S2
93.0,98.0,95.5,143,1.0,1.0,0.0,96.12454695627056,18.578744795976874,34.310953661827554,0.3569426826785093,19.280528917291264,12.950201429927393,127.83596242684642,21.941357704772546,0.012050330573307039,0.07989747651677902,489.306516151618,0.7953786396969026,0.6197183098591549,0.9297497152448535,0.0068250091067163605,0.025882911682128862,0.2708835649601507,0.005359888582460751,0.02383915583292645,0.014274990582160032,V5_NORMAL:T69:S2:W000093000,V5_NORMAL,NORMAL,69,V5_NORMAL:T69:S2
94.0,99.0,96.5,142,1.0,1.0,0.0,111.41014269031105,30.887147347965012,57.99870670564383,0.5205873119367953,22.50497836923295,13.317137283913764,127.83596242684642,26.644495442948184,0.014065611480770599,0.07989747651677902,510.039896204893,0.7734768390677601,0.5957446808510638,0.9221969816046701,0.014581092603067102,0.04768590927124017,0.26793341272873494,0.0021953329584952874,0.01270997524261469,0.014440071348345981,V5_NORMAL:T69:S2:W000094000,V5_NORMAL,NORMAL,69,V5_NORMAL:T69:S2
95.0,100.0,97.5,143,1.0,1.0,0.0,112.686294072869,14.266682143742864,54.459713816714824,0.4832860488028673,22.602461288506465,14.303333082452713,127.83596242684642,26.179141093691417,0.01412653830531654,0.07989747651677902,498.40469989509893,0.7192484341369814,0.5704225352112676,0.9137086348100141,0.017093775639123492,0.047715520858764515,0.26484692224533685,0.00548602369355844,0.01892133553822828,0.014752180280524708,V5_NORMAL:T69:S2:W000095000,V5_NORMAL,NORMAL,69,V5_NORMAL:T69:S2
96.0,101.0,98.5,142,1.0,1.0,0.0,105.41178985934711,8.55201965702347,60.3321035589007,0.5723468279914697,21.293304122597252,11.878300949669875,127.83596242684642,25.968821418369306,0.01330831507662328,0.07989747651677902,464.56548081374837,0.8094709689497637,0.6099290780141844,0.9050487874259413,0.014619324732482009,0.04607648849487289,0.2612594398534353,0.006890590438552781,0.019871743520100904,0.014893031165298427,V5_NORMAL:T69:S2:W000096000,V5_NORMAL,NORMAL,69,V5_NORMAL:T69:S2
97.0,102.0,99.5,143,1.0,1.0,0.0,86.85783971454335,8.717531344037765,40.471543973296676,0.4659515376655192,17.421825572520415,9.401631370174508,127.83596242684642,22.972650090738647,0.010888640982825262,0.07989747651677902,411.34491851344,0.9065542380504776,0.676056338028169,0.8987741256927277,0.011319746510362988,0.03175644874572747,0.25717792544331575,0.007987823474618485,0.022603535652160694,0.015123181019077742,V5_NORMAL:T69:S2:W000097000,V5_NORMAL,NORMAL,69,V5_NORMAL:T69:S2
98.0,103.0,100.5,142,1.0,1.0,0.0,74.78004953426378,10.980751978978562,29.302782072295972,0.39185293744516186,15.105656958871528,9.189730027192741,114.36347684571537,18.06449525390947,0.009441035599294703,0.07147717302857211,361.60173428589013,0.9438464261873506,0.6808510638297872,0.8936635877045107,0.0027479897023546,0.018332767486572088,0.252478392247303,0.007528430719809478,0.0262795130411784,0.015348449257402709,V5_NORMAL:T69:S2:W000098000,V5_NORMAL,NORMAL,69,V5_NORMAL:T69:S2
99.0,104.0,101.5,143,1.0,1.0,0.0,56.80036010826219,12.861134766363051,18.50586215761671,0.3258053667678217,11.392937810964247,8.107386394938528,41.71696873826003,10.600752404438497,0.007120586131852654,0.02607310546141252,320.90724276715747,1.053876583088681,0.7253521126760564,0.8935002737111978,0.0016217999305954192,0.0055776596069335715,0.2480586712176982,0.004741922651706944,0.01898448467254643,0.015448676846873732,V5_NORMAL:T69:S2:W000099000,V5_NORMAL,NORMAL,69,V5_NORMAL:T69:S2
100.0,105.0,102.5,142,1.0,1.0,0.0,50.79439655727482,9.211951502911749,12.479193532689482,0.24568051553911413,10.260527167416843,7.429978560325833,38.903517245410576,10.108682483095333,0.006412829479635526,0.02431469827838161,307.169445871289,1.1102342113368746,0.7801418439716312,0.8942109907177133,0.0016663202526435257,0.005184364318847723,0.24520752687409447,0.003965282277015846,0.013980865478515625,0.015372291787219805,V5_NORMAL:T69:S2:W000100000,V5_NORMAL,NORMAL,69,V5_NORMAL:T69:S2
101.0,106.0,103.5,143,1.0,1.0,0.0,52.24364854613487,9.765988747934292,9.87082039964742,0.18893819008315968,10.478958896907034,7.580459963960514,37.31487288851443,9.845151917737997,0.006549349310566897,0.023321795555321517,290.5368767375458,1.2008125316998912,0.7746478873239436,0.894740182369739,0.0013759459431367845,0.005184364318847723,0.24265288095096327,0.003006801105794358,0.011529636383056596,0.015363389744493796,V5_NORMAL:T69:S2:W000101000,V5_NORMAL,NORMAL,69,V5_NORMAL:T69:S2
102.0,107.0,104.5,142,1.0,1.0,0.0,51.93135945454259,8.151290226078297,7.217908532993747,0.13898940079378908,10.490194994705512,7.529285421646531,41.77512159926778,10.329458029425364,0.006556371871690945,0.02610945099954236,295.23692886573275,1.2427301327407445,0.7659574468085106,0.8952265853613197,0.0007545100977613424,0.003257226943969682,0.2413062175674617,0.0020189383842266827,0.00811140537261959,0.015483092657007692,V5_NORMAL:T69:S2:W000102000,V5_NORMAL,NORMAL,69,V5_NORMAL:T69:S2
103.0,108.0,105.5,143,1.0,1.0,0.0,49.25108495589494,8.678398545615382,3.530701145609829,0.07168778411220024,9.87871462356142,7.578721550637976,41.77512159926778,9.748901329344955,0.006174196639725887,0.02610945099954236,283.99197248619026,1.2568588659567725,0.7887323943661971,0.8952361440325117,0.0006743806485445851,0.0030440330505371316,0.2405447264095564,0.0015837688842831935,0.0065885543823241965,0.015561323258663499,V5_NORMAL:T69:S2:W000103000,V5_NORMAL,NORMAL,69,V5_NORMAL:T69:S2
104.0,109.0,106.5,142,1.0,1.0,0.0,46.478810290531285,10.088860100999412,0.4969880313728693,0.010692787278036594,9.388773723445308,7.504730333397193,41.77512159926778,9.241404453017578,0.005867983577153317,0.02610945099954236,264.29337147624847,1.2635447113798088,0.8156028368794326,0.8953119009313448,0.0007341990078389535,0.003323936462402366,0.23978158431433738,0.000934571976771189,0.0038776477177936974,0.015572567824580498,V5_NORMAL:T69:S2:W000104000,V5_NORMAL,NORMAL,69,V5_NORMAL:T69:S2
105.0,110.0,107.5,143,1.0,1.0,0.0,47.30125906119547,10.266883183732178,4.080327800618475,0.08626256217280806,9.487621237564973,7.174866404563569,56.00692735113922,10.330805983516761,0.0059297632734781084,0.03500432959446201,293.91924025046086,1.2663013756383086,0.795774647887324,0.8950572674091047,0.0007608711646475048,0.003938245773315474,0.2395578373840083,0.0007984340896436073,0.003438027699788404,0.015651442399050235,V5_NORMAL:T69:S2:W000105000,V5_NORMAL,NORMAL,69,V5_NORMAL:T69:S2
106.0,111.0,108.5,142,1.0,1.0,0.0,48.59824141018656,10.964161278416418,2.766223394352002,0.05692023649588646,9.816901274053079,6.791895661107391,56.00692735113922,11.23438788682737,0.006135563296283174,0.03500432959446201,326.04214447274484,1.1812082158545527,0.7943262411347518,0.8946442281696158,0.0011610945141626596,0.005488204956054732,0.23932466260704072,0.0011708104570595237,0.004510895411173499,0.015678659521564296,V5_NORMAL:T69:S2:W000106000,V5_NORMAL,NORMAL,69,V5_NORMAL:T69:S2
107.0,112.0,109.5,143,1.0,1.0,0.0,49.641808380959674,8.287458586169773,3.13973351095606,0.06324776661763026,9.957085388720719,7.315837316615131,56.00692735113922,10.814304511793978,0.006223178367950449,0.03500432959446201,313.83160838859123,1.206255640779698,0.8028169014084507,0.8944470142151093,0.0011736609171207509,0.005488204956054732,0.2390055281298977,0.001080944336026762,0.004334823290506995,0.01565449726942716,V5_NORMAL:T69:S2:W000107000,V5_NORMAL,NORMAL,69,V5_NORMAL:T69:S2
108.0,113.0,110.5,142,1.0,1.0,0.0,67.74356137926154,26.419372735323485,21.890975583039502,0.323144740803973,13.684278169653592,9.151007754224423,96.80350192977818,17.54794054273489,0.008552673856033494,0.06050218870611136,368.0272966629125,1.0512374028101001,0.7375886524822695,0.8950108692679607,0.0028620258425936275,0.020168161392212003,0.23864049032820214,0.0010660594634448307,0.004334823290506995,0.015579483310881985,V5_NORMAL:T69:S2:W000108000,V5_NORMAL,NORMAL,69,V5_NORMAL:T69:S2
109.0,114.0,111.5,142,1.0,1.0,0.0,84.87690167708197,27.05068986819988,24.79803325391861,0.29216468513735167,17.145232832166045,10.534132857658552,96.80350192977818,20.18070613279575,0.01071577052010378,0.06050218870611136,429.8177103413937,0.9949812225662429,0.6524822695035462,0.8979471871550654,0.006920336119397693,0.022066593170166016,0.23704348517135834,0.0038319804076277783,0.020401247342427598,0.01546949891529455,V5_NORMAL:T69:S2:W000109000,V5_NORMAL,NORMAL,69,V5_NORMAL:T69:S2
110.0,115.0,112.5,142,1.0,1.0,0.0,92.12222880126934,16.2666460525469,35.866720763256424,0.38933839562902783,18.60879733599349,12.845817311387652,96.80350192977818,19.969179584652274,0.01163049833499593,0.06050218870611136,409.30029194502316,0.8827428938208149,0.5957446808510638,0.9012520719581926,0.008222015409471721,0.022066593170166016,0.2319667000725795,0.00955326816520572,0.028899971644083616,0.01559717928176313,V5_NORMAL:T69:S2:W000110000,V5_NORMAL,NORMAL,69,V5_NORMAL:T69:S2
111.0,116.0,113.5,142,1.0,1.0,0.0,142.66945824287717,62.245945397600366,50.71452434901931,0.3554686824609937,28.819396458643308,17.058851301402655,150.9131422210997,32.15237659644981,0.01801212278665207,0.0943207138881873,541.3021110219061,0.760153368941952,0.48936170212765956,0.9009127176983257,0.010060112221447311,0.035314750671386674,0.22338542532473102,0.017813290215466675,0.05902129809061679,0.01577658488275543,V5_NORMAL:T69:S2:W000111000,V5_NORMAL,NORMAL,69,V5_NORMAL:T69:S2
112.0,117.0,114.5,142,1.0,1.0,0.0,152.03067169237863,17.267096228988834,56.97301173271346,0.3747468264035141,30.710372460499606,21.78113342310084,150.9131422210997,31.56035320560366,0.019193982787812248,0.0943207138881873,557.8154051372347,0.6144890651805696,0.40425531914893614,0.8986942781528955,0.012327329278760558,0.035314750671386674,0.21282702771151008,0.0206955817541389,0.05891260306040441,0.015840605706890654,V5_NORMAL:T69:S2:W000112000,V5_NORMAL,NORMAL,69,V5_NORMAL:T69:S2
113.0,118.0,115.5,142,1.0,1.0,0.0,150.6446207165543,24.806013398479763,68.92667703257908,0.45754489410058796,30.430388551707036,22.758307358670763,150.9131422210997,30.51371171282356,0.0190189928448169,0.0943207138881873,556.9410527021295,0.6663608738448854,0.3971631205673759,0.8943905115127565,0.015060279603206371,0.03911328315734863,0.20075564023474568,0.020296497529288828,0.06314437786738081,0.015974952742560472,V5_NORMAL:T69:S2:W000113000,V5_NORMAL,NORMAL,69,V5_NORMAL:T69:S2
114.0,119.0,116.5,143,1.0,1.0,0.0,141.67339592846912,18.004887785921106,39.99966174006861,0.28233714225544815,28.41665415861115,18.944540438778912,150.9131422210997,30.356134114617863,0.017760408849131968,0.0943207138881873,525.1452671762063,0.6701142429855499,0.45774647887323944,0.8885059693476539,0.013323668234044428,0.03761997222900404,0.19216672493305512,0.013595740353177222,0.04467183351516721,0.016121129375940613,V5_NORMAL:T69:S2:W000114000,V5_NORMAL,NORMAL,69,V5_NORMAL:T69:S2
3.0,8.0,5.5,142,1.0,1.0,0.0,139.00006696584833,26.964086857430747,74.91687301084761,0.5389700497716619,28.078175153978975,22.661369652043412,137.67625106527694,22.095387317994497,0.017548859471236862,0.08604765691579809,609.8673860888252,0.6143490602427649,0.3404255319148936,0.1292192191095419,0.016181389088030577,0.05835418403148651,0.8243356071167709,0.006149166077921755,0.02310136159261067,0.009642147267164614,V5_NORMAL:T6:S0:W000003000,V5_NORMAL,NORMAL,6,V5_NORMAL:T6:S0
4.0,9.0,6.5,143,1.0,1.0,0.0,139.3805666798077,36.25984010427098,43.923469870676485,0.31513338564320637,27.956761633435598,21.83238870031295,117.37506023057713,23.04979099098941,0.01747297602089725,0.07335941264411071,597.9330053459228,0.6541861940187701,0.3591549295774648,0.13851264952779646,0.015044773639108174,0.0490689843893051,0.8240962353063909,0.005727574989967191,0.020785713195800803,0.009720624915400123,V5_NORMAL:T6:S0:W000004000,V5_NORMAL,NORMAL,6,V5_NORMAL:T6:S0
84.0,89.0,86.5,142,1.0,1.0,0.0,412.13034204543266,43.76970756021018,70.43446186418299,0.17090336400521172,83.25080831122297,60.54122531591311,299.9109348537978,69.9003747448682,0.05203175519451437,0.18744433428362364,1160.8161515085812,0.48850966471290747,0.1347517730496454,0.9096542049461687,0.013835157875321753,0.053479909896850586,0.7141070209198713,0.03932306010732263,0.17363866170247388,0.012147635644749953,V5_NORMAL:T77:S0:W000084000,V5_NORMAL,NORMAL,77,V5_NORMAL:T77:S0
85.0,90.0,87.5,143,1.0,1.0,0.0,358.35537446868534,23.359616875998753,79.43949236543628,0.22167797115703103,71.8784262593546,41.67445167380672,299.9109348537978,69.61799191930704,0.044924016412096625,0.18744433428362364,1057.4901792002433,0.5892745881056111,0.19718309859154928,0.8991314051034568,0.014294824586810785,0.049890089035034224,0.7110314224705552,0.04205286783401411,0.15785633722941084,0.012232207542820657,V5_NORMAL:T77:S0:W000085000,V5_NORMAL,NORMAL,77,V5_NORMAL:T77:S0
86.0,91.0,88.5,142,1.0,1.0,0.0,211.09171634666723,17.68494982269416,112.01088434791578,0.5306266218612052,42.64077215582906,29.75120568120444,250.61835731160676,44.106068889731645,0.026650482597393166,0.15663647331975422,830.9484681496148,0.6364398427774491,0.28368794326241137,0.8916989460797379,0.015012236730730077,0.045553731918335116,0.6882594755557783,0.03148230765946974,0.09981594085693368,0.013036957794842059,V5_NORMAL:T77:S0:W000086000,V5_NORMAL,NORMAL,77,V5_NORMAL:T77:S0
87.0,92.0,89.5,143,1.0,1.0,0.0,192.10017140711744,23.23425483669077,67.45507206372665,0.35114529867216654,38.53118716404927,27.78442564673142,250.61835731160676,39.74565247596318,0.024081991977530796,0.15663647331975422,771.1356054655777,0.6170159650940619,0.30985915492957744,0.8848922676139778,0.011504387563921425,0.04217338562011719,0.6747867086272695,0.026991663723208617,0.08833789825439453,0.013836690214073247,V5_NORMAL:T77:S0:W000087000,V5_NORMAL,NORMAL,77,V5_NORMAL:T77:S0
6.0,11.0,8.5,143,1.0,1.0,0.0,60.337027070547336,20.967271844537233,27.48164140712937,0.4554689341090215,12.102317587476193,8.778691620142531,88.48929714763531,12.559007454651832,0.007563948492172622,0.05530581071727207,304.2412064396777,0.7524440146926636,0.676056338028169,0.39192245873537934,0.0018562542764645556,0.009887242317199785,0.8219163038791754,0.007032948066413002,0.02904777526855462,0.009083540573362331,V5_NORMAL:T7:S0:W000006000,V5_NORMAL,NORMAL,7,V5_NORMAL:T7:S0
7.0,12.0,9.5,142,1.0,1.0,0.0,73.87280299345997,21.249242799764474,29.941632072698404,0.4053133339931499,14.92239210269854,11.369487017010064,88.48929714763531,13.698489299439712,0.009326495064186587,0.05530581071727207,352.2566925911002,0.7130213389316257,0.5886524822695035,0.39229415059089656,0.0029107227350668864,0.015440869331359908,0.8279693187122615,0.010677162434958776,0.03454370498657222,0.008972921443944522,V5_NORMAL:T7:S0:W000007000,V5_NORMAL,NORMAL,7,V5_NORMAL:T7:S0
8.0,13.0,10.5,143,1.0,1.0,0.0,114.8397541423851,49.24013609286647,12.396538591170541,0.10794640482946856,23.03439933614587,16.544356396289565,127.99901611769091,24.974996747923996,0.014396499585091172,0.07999938507355682,470.2667502219094,0.6328466263102946,0.4788732394366197,0.3951075281296576,0.006827242867773618,0.023485863208770774,0.8300383772327627,0.010037403824167113,0.03708295822143559,0.009024211520590035,V5_NORMAL:T7:S0:W000008000,V5_NORMAL,NORMAL,7,V5_NORMAL:T7:S0
9.0,14.0,11.5,142,1.0,1.0,0.0,131.70880712530004,25.663881128122917,34.42180857185803,0.2613478120647706,26.60533218803711,20.916004265673443,127.99901611769091,25.877313961832147,0.016628332617523195,0.07999938507355682,523.5801067868101,0.6015808216794537,0.3971631205673759,0.397537986325546,0.007369024701358689,0.023485863208770774,0.8264238498580287,0.01530164728683202,0.0548088391621907,0.00879862596214742,V5_NORMAL:T7:S0:W000009000,V5_NORMAL,NORMAL,7,V5_NORMAL:T7:S0
10.0,15.0,12.5,143,1.0,1.0,0.0,136.54878817523195,13.466648114974028,38.49587514063824,0.281920298635216,27.388767410589676,22.033489451943765,127.99901611769091,25.581915406365944,0.01711797963161855,0.07999938507355682,538.7831210363724,0.564976236506503,0.3591549295774648,0.39958062530397526,0.006622283865340809,0.023485863208770774,0.8195423079537345,0.02086543082484611,0.0607435544331868,0.008379442758787168,V5_NORMAL:T7:S0:W000010000,V5_NORMAL,NORMAL,7,V5_NORMAL:T7:S0
11.0,16.0,13.5,142,1.0,1.0,0.0,127.43010362805165,13.559781682931794,52.32700892253083,0.41063302495040815,25.74102910639043,20.916004265673443,127.99901611769091,25.781589323301944,0.016088143191494018,0.07999938507355682,527.0952129552817,0.5792993285479145,0.425531914893617,0.4012024088644645,0.004791169163217164,0.019863450527191184,0.8112128548778839,0.022055134861788995,0.0607435544331868,0.008172309442117593,V5_NORMAL:T7:S0:W000011000,V5_NORMAL,NORMAL,7,V5_NORMAL:T7:S0
12.0,17.0,14.5,143,1.0,1.0,0.0,118.73849153145778,13.661909267623724,46.402614173827025,0.3907967296479712,23.81640269898244,17.741013487428855,127.99901611769091,26.134125380081016,0.01488525168686403,0.07999938507355682,496.3584077064879,0.6245672088207023,0.4788732394366197,0.4019747252230878,0.003989922648638408,0.015019142627716087,0.8008757811326247,0.014491466585676445,0.05409304300944007,0.008059005292911967,V5_NORMAL:T7:S0:W000012000,V5_NORMAL,NORMAL,7,V5_NORMAL:T7:S0
94.0,99.0,96.5,142,1.0,0.9859154929577465,0.014084507042253521,326.09101250497343,54.685526226251135,232.19157709223322,0.7120453130817026,65.87076369900251,47.59447079127423,282.6763114543052,58.21649228909222,0.04116922731187657,0.17667269465894075,857.6954333245027,0.5000765487820817,0.19148936170212766,0.8324703107417468,0.05604637237776454,0.1565182447433472,0.7647872895701952,0.06331399207896125,0.15408417383829753,0.017103862373412784,V5_NORMAL:T89:S0:W000094000,V5_NORMAL,NORMAL,89,V5_NORMAL:T89:S0
95.0,100.0,97.5,143,1.0,1.0,0.0,339.97975967914897,45.592168701972234,283.4328631289705,0.8336756970369537,68.19267081455754,49.16156367355893,282.6763114543052,57.77499350641185,0.04262041925909847,0.17667269465894075,793.7318108319267,0.4729945508802131,0.1619718309859155,0.7993730329967045,0.06407739669687204,0.185023021697998,0.7940229211375985,0.0609580488082941,0.1670426368713379,0.017481422432805007,V5_NORMAL:T89:S0:W000095000,V5_NORMAL,NORMAL,89,V5_NORMAL:T89:S0
96.0,101.0,98.5,142,1.0,1.0,0.0,385.8340728366203,75.91016633980338,342.53309646035405,0.8877730625034719,77.93893135419417,57.79701273149857,282.6763114543052,64.14261103817894,0.04871183209637136,0.17667269465894075,840.4281918926863,0.3757053621925971,0.12056737588652482,0.7590836486346285,0.062245040718742754,0.2361650228500366,0.8278109684796401,0.04157826168434485,0.16779867808024096,0.01761415828972698,V5_NORMAL:T89:S0:W000096000,V5_NORMAL,NORMAL,89,V5_NORMAL:T89:S0
97.0,102.0,99.5,143,1.0,1.0,0.0,471.283418727467,202.792960191383,423.9546746425788,0.8995747734713804,94.52937746638567,58.48090367921439,750.549289901721,104.62876488342133,0.05908086091649102,0.4690933061885756,1201.0859368952488,0.35462980499615243,0.1267605633802817,0.6980556821489666,0.08473285539231856,0.32885494232177737,0.8499945382693987,0.016546799714568423,0.08237794240315754,0.018102819879684654,V5_NORMAL:T89:S0:W000097000,V5_NORMAL,NORMAL,89,V5_NORMAL:T89:S0
98.0,103.0,100.5,142,1.0,1.0,0.0,564.3447289993813,161.64120803550526,483.9107115929289,0.8574736091731254,113.99829146818135,63.354951744061516,750.549289901721,117.98022835587861,0.07124893216761334,0.4690933061885756,1335.486413289364,0.3267625258211065,0.11347517730496454,0.6208623685467412,0.12829268262946378,0.3922792792320252,0.8576812726231249,0.012473052463456546,0.046813138326009085,0.0177825284459427,V5_NORMAL:T89:S0:W000098000,V5_NORMAL,NORMAL,89,V5_NORMAL:T89:S0
99.0,104.0,101.5,143,1.0,1.0,0.0,619.5986908328937,107.70831617964603,332.83054976483805,0.5371711636727824,124.27824997868636,89.9457228495113,750.549289901721,113.90178053265299,0.07767390623667898,0.4690933061885756,1375.348813269442,0.27281769044966075,0.08450704225352113,0.5592671616927727,0.12852152456044905,0.35615440607070925,0.8668353894373755,0.015171371376299187,0.05216439565022779,0.01771287692234164,V5_NORMAL:T89:S0:W000099000,V5_NORMAL,NORMAL,89,V5_NORMAL:T89:S0
100.0,105.0,102.5,142,1.0,1.0,0.0,617.3867654999102,42.757209054573316,284.03540071142726,0.46006072138821796,124.71284451765182,90.82644650137128,750.549289901721,114.34136776746729,0.07794552782353238,0.4690933061885756,1447.8430533554438,0.25286240458246423,0.09929078014184398,0.5114004757202848,0.10129175883382276,0.32489877939224243,0.8727520257654323,0.011645674394236869,0.042392508188883404,0.01723487521020839,V5_NORMAL:T89:S0:W000100000,V5_NORMAL,NORMAL,89,V5_NORMAL:T89:S0
101.0,106.0,103.5,143,1.0,1.0,0.0,645.5427320974374,109.34192319292472,281.82338527822213,0.4365681329298648,129.48206995673942,99.98183550923335,750.549289901721,110.11640794786233,0.08092629372296216,0.4690933061885756,1484.114562418351,0.25440069078220456,0.09154929577464789,0.46389191317391565,0.05790858698991066,0.26705762147903445,0.8766322811722477,0.011956900211217503,0.04556929270426424,0.0167907901453463,V5_NORMAL:T89:S0:W000101000,V5_NORMAL,NORMAL,89,V5_NORMAL:T89:S0
102.0,107.0,104.5,142,1.0,1.0,0.0,567.9990828603921,134.1482754497957,65.03167844101438,0.11449257649065331,114.73647519732233,99.81672146354919,361.4087424619172,78.19281061615335,0.07171029699832648,0.22588046403869824,1175.6632353157886,0.24987023382128604,0.0851063829787234,0.4496358156204224,0.038923792301743726,0.15301257371902466,0.8816405390349913,0.009891697530657528,0.037323061625162746,0.017159310350353518,V5_NORMAL:T89:S0:W000102000,V5_NORMAL,NORMAL,89,V5_NORMAL:T89:S0
103.0,108.0,105.5,143,1.0,1.0,0.0,443.69871616947825,35.214411439373436,164.506748733035,0.37076228246330756,88.99647591121726,78.9706942212625,266.97360762933664,64.48762276663919,0.05562279744451079,0.16685850476833541,1076.1824110153937,0.36153532664294546,0.14084507042253522,0.4744769844141873,0.03979262466866073,0.1440452218055726,0.8818547548947636,0.00934466726784491,0.0302957852681478,0.017503296492102662,V5_NORMAL:T89:S0:W000103000,V5_NORMAL,NORMAL,89,V5_NORMAL:T89:S0
104.0,109.0,106.5,142,1.0,1.0,0.0,486.1198598748625,147.58634961754086,86.13737802078906,0.17719370289245667,98.19677694649882,79.8697998027996,460.98899683639996,78.70180921848947,0.06137298559156178,0.28811812302275,1183.8288138427713,0.38021062495018754,0.14184397163120568,0.4808268720835027,0.03787185771754233,0.12730164527893073,0.8813803126554536,0.009233417523971972,0.0302957852681478,0.017498200244102854,V5_NORMAL:T89:S0:W000104000,V5_NORMAL,NORMAL,89,V5_NORMAL:T89:S0
105.0,110.0,107.5,143,1.0,1.0,0.0,506.39532297661776,64.31269141293629,31.30820580198698,0.06182562196261161,101.57207474458257,90.92844736112127,460.98899683639996,78.35070211898365,0.06348254671536412,0.28811812302275,1146.562424092831,0.34708329246289654,0.13380281690140844,0.46903441919313443,0.044464079888725826,0.1273765802383423,0.8840099365839037,0.009108658285201477,0.0302957852681478,0.01798972232576263,V5_NORMAL:T89:S0:W000105000,V5_NORMAL,NORMAL,89,V5_NORMAL:T89:S0
106.0,111.0,108.5,142,1.0,1.0,0.0,479.5699047419817,85.47133757705299,86.0093098353464,0.179346762557215,96.87367839348364,78.61365827463142,460.98899683639996,77.46508322155925,0.06054604899592728,0.28811812302275,1147.2599036468278,0.3524991966256901,0.14184397163120568,0.47892525053360085,0.04183392244116691,0.1273765802383423,0.8835083043631252,0.008899416990030096,0.0302957852681478,0.018895530156684093,V5_NORMAL:T89:S0:W000106000,V5_NORMAL,NORMAL,89,V5_NORMAL:T89:S0
107.0,112.0,109.5,143,1.0,1.0,0.0,405.3005969081406,62.27983335212992,108.3984150913587,0.26745190093052507,81.29463416288073,63.49338544277734,460.98899683639996,72.27309778614611,0.05080914635180045,0.28811812302275,1026.4377270023297,0.38310503576165245,0.16901408450704225,0.47510266704159176,0.040204745102475556,0.1273765802383423,0.8836178890752904,0.00859552440626957,0.026616223653157633,0.0182062907370807,V5_NORMAL:T89:S0:W000107000,V5_NORMAL,NORMAL,89,V5_NORMAL:T89:S0
108.0,113.0,110.5,142,1.0,1.0,0.0,435.7283398564718,69.47387264764812,152.3419642428776,0.3496260176537032,88.01763130839608,73.96091353071918,460.98899683639996,71.04842852176074,0.05501101956774754,0.28811812302275,994.9529264614958,0.28291439862864937,0.11347517730496454,0.45387326940684247,0.03357651565671328,0.11880999803543096,0.8879905400701534,0.0048499600776552056,0.020753542582193973,0.017503483034095803,V5_NORMAL:T89:S0:W000108000,V5_NORMAL,NORMAL,89,V5_NORMAL:T89:S0
109.0,114.0,111.5,142,1.0,1.0,0.0,383.5442864196103,88.5039545936405,59.78592583936328,0.15587750347545387,77.47639183543393,70.92817857866707,256.5389020906412,54.61953962876427,0.048422744897146215,0.16033681380665077,980.5321321910938,0.27785669566130106,0.12056737588652482,0.44423742596532256,0.032528515632231116,0.1147506356239319,0.8875119500316925,0.004898023513529054,0.017933336893717455,0.01760541478033756,V5_NORMAL:T89:S0:W000109000,V5_NORMAL,NORMAL,89,V5_NORMAL:T89:S0
110.0,115.0,112.5,142,1.0,1.0,0.0,378.2623974752922,61.34666974501906,38.41328600411886,0.1015519550991795,76.40944412699295,62.54667836715319,292.10978725080855,59.609876822368534,0.04775590257937058,0.18256861703175534,1026.4788977219625,0.3282796583092089,0.1347517730496454,0.4515949203094966,0.030845940734173277,0.1147506356239319,0.886642965128724,0.00489729586992068,0.017933336893717455,0.017596035636711325,V5_NORMAL:T89:S0:W000110000,V5_NORMAL,NORMAL,89,V5_NORMAL:T89:S0
111.0,116.0,113.5,142,1.0,1.0,0.0,332.6370364903745,41.595498285826814,30.871915479679085,0.0928096155659817,67.19306815565793,50.58209900620839,292.10978725080855,58.530203584889556,0.04199566759728621,0.18256861703175534,982.1890585340676,0.3503259240634239,0.16312056737588654,0.45410849938929915,0.033900691801294486,0.12155722379684447,0.8860356218937977,0.005874304279101698,0.02229916254679365,0.01754991807912915,V5_NORMAL:T89:S0:W000111000,V5_NORMAL,NORMAL,89,V5_NORMAL:T89:S0
112.0,117.0,114.5,142,1.0,1.0,0.0,296.6592935184418,22.65186482922398,97.77513902340024,0.32958731163877075,59.92552224102871,37.52456364840946,292.10978725080855,58.92012927195561,0.03745345140064294,0.18256861703175534,944.8955756993254,0.430804968112829,0.2198581560283688,0.46520166262774393,0.0425409510201086,0.12883464097976688,0.8815046086557595,0.00902045146542287,0.030693658192952444,0.017891327140525538,V5_NORMAL:T89:S0:W000112000,V5_NORMAL,NORMAL,89,V5_NORMAL:T89:S0
113.0,118.0,115.5,142,1.0,1.0,0.0,252.31572195336864,31.76018174119807,152.43535110978436,0.6041452745380507,50.96806922294505,32.11915169554856,292.10978725080855,55.338016742286285,0.031855043264340646,0.18256861703175534,921.2059475181213,0.5319747280948779,0.28368794326241137,0.4836176733735582,0.04037313623009391,0.13335405588150023,0.8757773251600669,0.010310768769728744,0.02905031840006511,0.017980323826729087,V5_NORMAL:T89:S0:W000113000,V5_NORMAL,NORMAL,89,V5_NORMAL:T89:S0
114.0,119.0,116.5,143,1.0,1.0,0.0,286.5311825676489,120.3057625439929,81.35064871728373,0.28391551658806685,57.47202900955642,32.18612634865366,351.8887771037822,69.74612064256557,0.035920018130972765,0.2199304856898639,968.6059549825643,0.5674527655113933,0.29577464788732394,0.49883393124266945,0.023252236871952416,0.07197629213333123,0.8748228466594136,0.009994496936789546,0.03031689325968423,0.017182686461060297,V5_NORMAL:T89:S0:W000114000,V5_NORMAL,NORMAL,89,V5_NORMAL:T89:S0
95.0,100.0,97.5,143,1.0,1.0,0.0,262.18239507881106,17.71334518159485,42.62012761229429,0.1625590749504094,52.5881828313986,42.03098559086964,317.44227264506645,48.80172907999721,0.032867614269624125,0.19840142040316652,900.5213867698932,0.5180076041843285,0.28169014084507044,0.14332508240546374,0.02017115228502066,0.08069460391998291,0.8557609400271257,0.009077000976853733,0.03297052383422849,0.012024582005598587,V5_NORMAL:T92:S0:W000095000,V5_NORMAL,NORMAL,92,V5_NORMAL:T92:S0
96.0,101.0,98.5,142,1.0,1.0,0.0,179.55689116723266,14.205055711612026,49.55757648043493,0.27599930115897825,36.27070080143382,24.635727396619114,163.77630321798537,36.46286570033856,0.022669188000896134,0.10236018951124086,645.0160586493777,0.6330597900920831,0.40425531914893614,0.14344543667746254,0.01823176614484734,0.05467649698257439,0.852324501001779,0.005812228947129443,0.027860291798909476,0.012689651075329792,V5_NORMAL:T92:S0:W000096000,V5_NORMAL,NORMAL,92,V5_NORMAL:T92:S0
97.0,102.0,99.5,143,1.0,1.0,0.0,154.3452681881516,12.274350887718068,38.319215691598345,0.24826945549691906,30.958360801455694,17.866336468850072,163.77630321798537,35.288291166999194,0.019348975500909804,0.10236018951124086,581.8603484739101,0.8211664961225105,0.4647887323943662,0.15153446437178789,0.011733603277784737,0.04170096218585968,0.8521541831098792,0.005432134973375985,0.027860291798909476,0.012856820460168547,V5_NORMAL:T92:S0:W000097000,V5_NORMAL,NORMAL,92,V5_NORMAL:T92:S0
98.0,103.0,100.5,142,1.0,1.0,0.0,98.94658868182259,10.289424703163254,23.713961283693333,0.23966426331229151,19.987325967112454,11.707127250167181,114.18713614106218,23.112280706918302,0.01249207872944528,0.07136696008816386,433.98089919499597,0.9641835738361083,0.5815602836879432,0.156521386411828,0.004675037719380627,0.0256532073020935,0.8512145767749195,0.0022820112391278057,0.011406421661376953,0.01293185292392939,V5_NORMAL:T92:S0:W000098000,V5_NORMAL,NORMAL,92,V5_NORMAL:T92:S0
99.0,104.0,101.5,143,1.0,1.0,0.0,70.65526046830652,15.549266927496381,3.950069021670219,0.055906226875238565,14.171934596868567,8.688710634402188,90.10326655726895,16.136925155546088,0.008857459123042854,0.0563145415982931,391.48894026660054,1.0214463780128518,0.6549295774647887,0.15632564579690247,0.0041543469301080355,0.01708620488643639,0.8516912869362288,0.0015132395196753112,0.005113093058268237,0.012744386990737966,V5_NORMAL:T92:S0:W000099000,V5_NORMAL,NORMAL,92,V5_NORMAL:T92:S0
100.0,105.0,102.5,142,1.0,1.0,0.0,69.70171829140345,16.756318742648702,19.419199733986776,0.27860431865969953,14.07982814281754,10.005805990681969,67.52513071427057,14.609990030841901,0.008799892589260961,0.04220320669641911,400.870058380201,0.9660413103380368,0.6453900709219859,0.1544364041845563,0.005775069195090831,0.022281128168106096,0.8519433717772434,0.0012479815097800133,0.0045193354288737275,0.012764278078245851,V5_NORMAL:T92:S0:W000100000,V5_NORMAL,NORMAL,92,V5_NORMAL:T92:S0
101.0,106.0,103.5,143,1.0,1.0,0.0,67.93440169599234,11.857683879384576,14.124877108806045,0.20791935685273455,13.62618850078188,9.127526490467496,64.40378790542628,14.162296697801867,0.008516367812988675,0.040252367440891425,378.14149806108674,0.9370742736106014,0.647887323943662,0.15187820629640056,0.004313701721065876,0.01630252003669741,0.8510510953712019,0.0022201660351352354,0.008122730255126998,0.012661496036347284,V5_NORMAL:T92:S0:W000101000,V5_NORMAL,NORMAL,92,V5_NORMAL:T92:S0
102.0,107.0,104.5,142,1.0,1.0,0.0,68.33638081370417,12.395862687619656,12.801082092769834,0.18732455451024863,13.80402838473163,9.85300078589839,53.769343091773855,13.725387687420682,0.008627517740457268,0.03360583943235866,372.7555196064098,0.8571288353979718,0.6595744680851063,0.15022949211194478,0.0039323485971905475,0.014572528004646312,0.8495393513513844,0.0030307861843263603,0.010905742645263672,0.012554330944252656,V5_NORMAL:T92:S0:W000102000,V5_NORMAL,NORMAL,92,V5_NORMAL:T92:S0
103.0,108.0,105.5,143,1.0,1.0,0.0,87.28117915038112,26.581636342336992,34.713328712939074,0.39771837469255245,17.506738412091167,11.569729101773063,89.49729120206993,17.715268138965463,0.01094171150755698,0.055935807001293705,440.76723470631816,0.7428019383472645,0.5985915492957746,0.1460420868196687,0.0064119041707272235,0.024798384308815008,0.8472629616032669,0.004256228366203007,0.017808818817138694,0.012098492056085668,V5_NORMAL:T92:S0:W000103000,V5_NORMAL,NORMAL,92,V5_NORMAL:T92:S0
109.0,114.0,111.5,142,1.0,1.0,0.0,359.34782572872336,84.58239416104941,27.55910169950245,0.07669199512649116,72.58867864064759,43.746830803303425,589.7809678842649,84.60257642190366,0.04536792415040474,0.3686131049276656,1377.6329959102636,0.6470657048711788,0.2907801418439716,0.09235109274708467,0.015376357934666,0.0823272831737995,0.8363767207508355,0.02997350346455992,0.08878431320190427,0.01526485618296659,V5_NORMAL:T92:S1:W000109000,V5_NORMAL,NORMAL,92,V5_NORMAL:T92:S1
39.0,44.0,41.5,116,1.0,1.0,0.0,458.5769104464172,209.50815756323928,280.0599513790281,0.6107153347655343,92.70992523698696,34.637271650974434,815.7080196698569,149.44202652128547,0.05794370327311684,0.5098175122936606,1379.4600598071308,0.516892907025116,0.30434782608695654,0.07396512391510827,0.05069008337132239,0.21755686518736178,0.8219074515090591,0.013035268358995622,0.04225886662801104,0.0185314788235406,V8_PAIR_T1:T16:S0:W000039000,V8_PAIR_T1,PAIR_T1,16,V8_PAIR_T1:T16:S0
40.0,45.0,42.5,117,1.0,1.0,0.0,480.77556947465314,39.58723899568187,257.72756073998386,0.5360662585696785,96.3598885267922,36.5701014209007,815.7080196698569,149.14703627122128,0.060224930329245155,0.5098175122936606,1485.8935786272978,0.5186669989594734,0.28448275862068967,0.11606280004754384,0.08503342430401697,0.22357586324214937,0.8171125865729784,0.012807632166169284,0.04195063908894858,0.021301934795243907,V8_PAIR_T1:T16:S0:W000040000,V8_PAIR_T1,PAIR_T1,16,V8_PAIR_T1:T16:S0
41.0,46.0,43.5,116,1.0,1.0,0.0,492.87169439063473,43.00315385774781,216.02179296496672,0.4382921466651615,99.64325917303745,41.02805303131921,815.7080196698569,148.49375326857975,0.062277036983148404,0.5098175122936606,1484.8652720966556,0.486015637766266,0.22608695652173913,0.15323455001326408,0.08744440173683149,0.22196475267410287,0.8132182940669445,0.008651357967628349,0.03460305531819663,0.02388313493375135,V8_PAIR_T1:T16:S0:W000041000,V8_PAIR_T1,PAIR_T1,16,V8_PAIR_T1:T16:S0
42.0,47.0,44.5,116,1.0,1.0,0.0,505.2576867206207,47.91678284012768,170.26773001071243,0.3369918647172625,102.14731988071894,41.02805303131921,815.7080196698569,149.16488902796686,0.06384207492544935,0.5098175122936606,1395.1813572400554,0.5117883544141709,0.26956521739130435,0.18506946689853188,0.07140055996905786,0.2212544381618501,0.8150783037317211,0.008642004471337238,0.03344186147054029,0.02562053355336469,V8_PAIR_T1:T16:S0:W000042000,V8_PAIR_T1,PAIR_T1,16,V8_PAIR_T1:T16:S0
43.0,48.0,45.5,116,1.0,1.0,0.0,437.34741299423496,72.45333262289246,27.57842404597608,0.06305839071315054,88.41798406686857,43.30585419721586,573.5795995966496,118.77185801331129,0.05526124004179285,0.35848724974790597,1081.0050425608765,0.47943881283050144,0.24347826086956523,0.20146856508378322,0.045027888676715644,0.14692477285861977,0.8194254299689983,0.0098489042335551,0.03275610605875656,0.028085906855667007,V8_PAIR_T1:T16:S0:W000043000,V8_PAIR_T1,PAIR_T1,16,V8_PAIR_T1:T16:S0
44.0,49.0,46.5,117,1.0,1.0,0.0,275.0541468334369,55.79664645868311,190.70363695865566,0.6933312555150789,55.1279819743397,38.04434065641547,303.69698020377064,55.52634719743664,0.034454988733962306,0.18981061262735666,802.2164211156729,0.5072198525479333,0.27586206896551724,0.19093666513506158,0.05322073813075424,0.15925968736410148,0.8273464643038235,0.016110067988970526,0.053495693206787154,0.02878940173686544,V8_PAIR_T1:T16:S0:W000044000,V8_PAIR_T1,PAIR_T1,16,V8_PAIR_T1:T16:S0
45.0,50.0,47.5,116,1.0,1.0,0.0,292.68870976360756,52.39468808521899,211.99643898768852,0.7243068554263988,59.172513447043094,42.19977412262905,303.69698020377064,56.59181157627806,0.036982820904401935,0.18981061262735666,871.3697410703585,0.531464064111538,0.23478260869565218,0.1619304792521971,0.050291835662424275,0.159277755022049,0.839940594804698,0.019708694014686185,0.06603988011678064,0.02777623476619163,V8_PAIR_T1:T16:S0:W000045000,V8_PAIR_T1,PAIR_T1,16,V8_PAIR_T1:T16:S0
46.0,51.0,48.5,116,1.0,1.0,0.0,269.05107441363367,18.326470866075542,179.07080838453865,0.6655643683074047,54.3937220248104,34.47768194140775,303.69698020377064,58.056033093163485,0.0339960762655065,0.18981061262735666,849.9026135475558,0.5803883978897298,0.3217391304347826,0.13225702464335656,0.04351154494694205,0.1372662544250488,0.849764624409292,0.01800480277771882,0.04971930185953777,0.027287288509316252,V8_PAIR_T1:T16:S0:W000046000,V8_PAIR_T1,PAIR_T1,16,V8_PAIR_T1:T16:S0
47.0,52.0,49.5,116,1.0,1.0,0.0,222.777479981132,13.296401826496336,127.94716319105189,0.5743271860418221,45.038646829010595,29.339246297139027,242.63188990693885,48.49871867361421,0.028149154268131617,0.15164493119183678,738.5851660397312,0.5504082208044992,0.3391304347826087,0.1058644692780819,0.02517165532208435,0.09814746081829069,0.8557975656684789,0.01371210042360385,0.04734112421671555,0.02691769808848425,V8_PAIR_T1:T16:S0:W000047000,V8_PAIR_T1,PAIR_T1,16,V8_PAIR_T1:T16:S0
48.0,53.0,50.5,117,1.0,1.0,0.0,286.6800471340456,136.03387639969856,5.784562531132038,0.02017776468561587,57.45811380323946,29.795063637361736,403.49109151470896,77.77806656182806,0.03591132112702466,0.2521819321966931,870.7840778117354,0.5031545528885718,0.31896551724137934,0.1025744352376279,0.022571438746144288,0.0770347267389297,0.8576462873366483,0.01085386882740102,0.0388613700866699,0.02521966937651539,V8_PAIR_T1:T16:S0:W000048000,V8_PAIR_T1,PAIR_T1,16,V8_PAIR_T1:T16:S0
49.0,54.0,51.5,116,1.0,1.0,0.0,235.60403685870688,10.002002251262386,17.50010481868645,0.07427761023119211,47.631775924870134,21.986469593389838,403.49109151470896,75.45815644556845,0.029769859953043827,0.2521819321966931,606.8168898552204,0.5570222977122105,0.4260869565217391,0.10375974434407839,0.023650733187054844,0.0770347267389297,0.8555607869707306,0.012194117786352328,0.0388613700866699,0.023895242462637974,V8_PAIR_T1:T16:S0:W000049000,V8_PAIR_T1,PAIR_T1,16,V8_PAIR_T1:T16:S0
50.0,55.0,52.5,116,1.0,1.0,0.0,369.1254523935558,183.85733795768195,196.1500066153537,0.5313911716015227,74.62563490421118,23.50949770306835,469.659702415571,106.39536660070466,0.04664102181513199,0.2935373140097319,870.8080796932211,0.5145178359969275,0.391304347826087,0.11553325292409457,0.040575733508469596,0.1614520668983459,0.8471077551786927,0.01522557774791033,0.06983750661214183,0.02314663116183259,V8_PAIR_T1:T16:S0:W000050000,V8_PAIR_T1,PAIR_T1,16,V8_PAIR_T1:T16:S0
51.0,56.0,53.5,116,1.0,1.0,0.0,447.1829421286973,93.8109778952374,108.37165719094612,0.24234300323503224,90.40642079351198,43.38404123394265,469.659702415571,105.06215921441722,0.05650401299594498,0.2935373140097319,948.9041002177879,0.43043466582588763,0.30434782608695654,0.13624331090149688,0.04618598241389507,0.1614520668983459,0.8350958640548004,0.018769506932063952,0.06152699788411453,0.022700178039072497,V8_PAIR_T1:T16:S0:W000051000,V8_PAIR_T1,PAIR_T1,16,V8_PAIR_T1:T16:S0
52.0,57.0,54.5,117,1.0,1.0,0.0,443.7998118013209,11.858860549055487,111.30011312497199,0.25078900478398247,88.94898806966319,37.460802137815904,469.659702415571,105.36614553494925,0.055593117543539496,0.2935373140097319,925.2167155039882,0.5491366727574308,0.3448275862068966,0.15230044847051805,0.035030288374212785,0.16123450994491578,0.8276147005564806,0.0159212787009553,0.051712449391682846,0.021880943980866773,V8_PAIR_T1:T16:S0:W000052000,V8_PAIR_T1,PAIR_T1,16,V8_PAIR_T1:T16:S0
53.0,58.0,55.5,116,1.0,1.0,0.0,320.05613130717785,12.758018934120075,37.5573074837111,0.11734600218505112,64.70535111818502,18.991870289543154,469.659702415571,91.75608601158834,0.04044084444886564,0.2935373140097319,666.2830401632268,0.6234927902353052,0.48695652173913045,0.15897572287197764,0.030239175050144593,0.12145254164934159,0.822892113115596,0.013772165954016606,0.044986502329508404,0.022023158903707145,V8_PAIR_T1:T16:S0:W000053000,V8_PAIR_T1,PAIR_T1,16,V8_PAIR_T1:T16:S0
54.0,59.0,56.5,116,1.0,1.0,0.0,316.87082379555835,9.907089509197576,38.31829643088506,0.12092718405531591,64.06138144912444,16.957777737083788,469.659702415571,91.87894987806935,0.0400383634057028,0.2935373140097319,658.9423410515267,0.6281445287315092,0.4782608695652174,0.16329324268575363,0.02658709092936321,0.12145254164934159,0.8187140505889366,0.01004789979405543,0.044379806518554665,0.022479514067534522,V8_PAIR_T1:T16:S0:W000054000,V8_PAIR_T1,PAIR_T1,16,V8_PAIR_T1:T16:S0
0.0,5.0,2.5,117,1.0,1.0,0.0,417.0206308073598,57.502914108271874,136.79839591552866,0.32803747778781206,83.58174593163955,45.48137319326689,514.3346391864139,93.27958790079522,0.05223859120727472,0.3214591494915087,943.8956509533742,0.38431449219461505,0.20689655172413793,0.8421806382317828,0.06253179685554998,0.15732011795043943,0.7502346006214109,0.030669730084302734,0.11254568099975581,0.025896357152517067,V8_PAIR_T1:T1:S0:W000000000,V8_PAIR_T1,PAIR_T1,1,V8_PAIR_T1:T1:S0
1.0,6.0,3.5,116,1.0,1.0,0.0,323.4071263434351,13.110050465602216,130.25078422282186,0.40274556004837353,65.38281762860852,27.639194886712787,514.3346391864139,89.96613182995156,0.040864261017880335,0.3214591494915087,757.4293728665813,0.5494135234368783,0.3652173913043478,0.8228700080822255,0.05693867855053524,0.15591030120849603,0.7476356983184813,0.022413693232469768,0.058691565195719386,0.025781976256756562,V8_PAIR_T1:T1:S0:W000001000,V8_PAIR_T1,PAIR_T1,1,V8_PAIR_T1:T1:S0
2.0,7.0,4.5,116,1.0,1.0,0.0,321.63820409868947,11.854093655385384,128.67446086368065,0.4000596298075305,65.0251968122862,26.66002619202169,514.3346391864139,90.2431385019978,0.04064074800767888,0.3214591494915087,774.624914044692,0.5953137317796127,0.40869565217391307,0.8034989930432419,0.04196435161909873,0.15357341766357424,0.7569586997744682,0.020105577141671667,0.058691565195719386,0.025653981134462305,V8_PAIR_T1:T1:S0:W000002000,V8_PAIR_T1,PAIR_T1,1,V8_PAIR_T1:T1:S0
3.0,8.0,5.5,116,1.0,1.0,0.0,335.20613809515373,115.98780963872456,107.74494422792104,0.3214289118934209,67.76820920078184,27.416392524790623,514.3346391864139,94.11512488972068,0.04235513075048865,0.3214591494915087,812.3127207435358,0.6132581892317994,0.3826086956521739,0.7841616928577424,0.02168752613305704,0.08066604137420652,0.7594899476259604,0.019560121550735138,0.08807490666707363,0.025705234361520543,V8_PAIR_T1:T1:S0:W000003000,V8_PAIR_T1,PAIR_T1,1,V8_PAIR_T1:T1:S0
17.0,22.0,19.5,116,1.0,1.0,0.0,225.86148724497951,13.971414915333428,139.9744295098161,0.6197357115513613,45.662136752616746,21.58843133852048,238.88019029809664,60.11681013876009,0.028538835470385465,0.1493001189363104,548.420138384211,0.6741862533219504,0.4260869565217391,0.06631466783543018,0.028070286687734945,0.11949212383478879,0.8240266956132035,0.01536122479600302,0.0607535362243653,0.014708054252445738,V8_PAIR_T1:T8:S0:W000017000,V8_PAIR_T1,PAIR_T1,8,V8_PAIR_T1:T8:S0
18.0,23.0,20.5,116,1.0,1.0,0.0,121.67351070229435,41.0574605120621,38.18686867799318,0.3138470194340592,24.59858275365468,16.645712724978466,177.6921581400266,29.834311978573528,0.015374114221034173,0.11105759883751663,426.0402096832294,0.7329391056028084,0.4956521739130435,0.05902503273762951,0.011201814090179863,0.0461841283366084,0.8289880579915541,0.004679963754678798,0.02129605611165364,0.01528757187998611,V8_PAIR_T1:T8:S0:W000018000,V8_PAIR_T1,PAIR_T1,8,V8_PAIR_T1:T8:S0
19.0,24.0,21.5,116,1.0,1.0,0.0,90.54742935253267,6.892440410066899,58.35104302791704,0.6444251752386708,18.305861491156733,11.574328077867834,137.81544898242234,22.423852825816496,0.01144116343197296,0.08613465561401396,299.4987459949747,0.684285028131903,0.6,0.06643953273466238,0.015595036313523557,0.0452157565392554,0.8251976986041012,0.007504594789373737,0.020580291748046875,0.016710791312210652,V8_PAIR_T1:T8:S0:W000019000,V8_PAIR_T1,PAIR_T1,8,V8_PAIR_T1:T8:S0
20.0,25.0,22.5,117,1.0,1.0,0.0,91.62109925746971,16.29275529760536,35.348157558848335,0.3858080490773686,18.363243624876784,11.675224411659926,137.81544898242234,22.90085402883062,0.011477027265547989,0.08613465561401396,287.7134332613775,0.7032336619730634,0.6293103448275862,0.07409002669434195,0.01544884936181126,0.0360141403973102,0.8218967573595183,0.007533539906068638,0.01986837387084961,0.017891494996624853,V8_PAIR_T1:T8:S0:W000020000,V8_PAIR_T1,PAIR_T1,8,V8_PAIR_T1:T8:S0
21.0,26.0,23.5,116,1.0,1.0,0.0,147.7659332561104,62.239743159178765,29.974824021718423,0.2028534139175743,29.873655460349095,14.416477583754038,174.35471357766534,34.38806545371394,0.018671034662718182,0.10897169598604084,412.83792778769896,0.5357679776410009,0.5130434782608696,0.07481692900398444,0.015736391906442087,0.0512569263577461,0.8236632464946003,0.011265682005334619,0.04052715301513665,0.018023278299136983,V8_PAIR_T1:T8:S0:W000021000,V8_PAIR_T1,PAIR_T1,8,V8_PAIR_T1:T8:S0
