frame_index,time_sec,visibility_state,expected_visible_count,visibility_source
0,0.0,VISIBLE,1.0,MANUAL_INTERVAL
1,0.03488157291363062,VISIBLE,1.0,MANUAL_INTERVAL
2,0.06976314582726124,VISIBLE,1.0,MANUAL_INTERVAL
3,0.10464471874089187,VISIBLE,1.0,MANUAL_INTERVAL
4,0.1395262916545225,VISIBLE,1.0,MANUAL_INTERVAL
5,0.17440786456815313,VISIBLE,1.0,MANUAL_INTERVAL
6,0.20928943748178375,VISIBLE,1.0,MANUAL_INTERVAL
7,0.24417101039541436,VISIBLE,1.0,MANUAL_INTERVAL
8,0.279052583309045,VISIBLE,1.0,MANUAL_INTERVAL
9,0.3139341562226756,VISIBLE,1.0,MANUAL_INTERVAL
10,0.34881572913630626,VISIBLE,1.0,MANUAL_INTERVAL
11,0.38369730204993685,VISIBLE,1.0,MANUAL_INTERVAL
12,0.4185788749635675,VISIBLE,1.0,MANUAL_INTERVAL
13,0.45346044787719814,VISIBLE,1.0,MANUAL_INTERVAL
14,0.4883420207908287,VISIBLE,1.0,MANUAL_INTERVAL
15,0.5232235937044594,VISIBLE,1.0,MANUAL_INTERVAL
16,0.55810516661809,VISIBLE,1.0,MANUAL_INTERVAL
17,0.5929867395317207,VISIBLE,1.0,MANUAL_INTERVAL
18,0.6278683124453512,VISIBLE,1.0,MANUAL_INTERVAL
19,0.6627498853589818,VISIBLE,1.0,MANUAL_INTERVAL
20,0.6976314582726125,VISIBLE,1.0,MANUAL_INTERVAL
21,0.7325130311862431,VISIBLE,1.0,MANUAL_INTERVAL
22,0.7673946040998737,VISIBLE,1.0,MANUAL_INTERVAL
23,0.8022761770135044,VISIBLE,1.0,MANUAL_INTERVAL
24,0.837157749927135,VISIBLE,1.0,MANUAL_INTERVAL
25,0.8720393228407656,VISIBLE,1.0,MANUAL_INTERVAL
26,0.9069208957543963,VISIBLE,1.0,MANUAL_INTERVAL
27,0.9418024686680269,VISIBLE,1.0,MANUAL_INTERVAL
28,0.9766840415816574,VISIBLE,1.0,MANUAL_INTERVAL
29,1.011565614495288,VISIBLE,1.0,MANUAL_INTERVAL
30,1.0464471874089187,VISIBLE,1.0,MANUAL_INTERVAL
31,1.0813287603225494,VISIBLE,1.0,MANUAL_INTERVAL
32,1.11621033323618,VISIBLE,1.0,MANUAL_INTERVAL
33,1.1510919061498106,VISIBLE,1.0,MANUAL_INTERVAL
34,1.1859734790634413,VISIBLE,1.0,MANUAL_INTERVAL
35,1.2208550519770718,VISIBLE,1.0,MANUAL_INTERVAL
36,1.2557366248907025,VISIBLE,1.0,MANUAL_INTERVAL
37,1.2906181978043332,VISIBLE,1.0,MANUAL_INTERVAL
38,1.3254997707179637,VISIBLE,1.0,MANUAL_INTERVAL
39,1.3603813436315944,VISIBLE,1.0,MANUAL_INTERVAL
40,1.395262916545225,VISIBLE,1.0,MANUAL_INTERVAL
41,1.4301444894588555,VISIBLE,1.0,MANUAL_INTERVAL
42,1.4650260623724862,VISIBLE,1.0,MANUAL_INTERVAL
43,1.499907635286117,VISIBLE,1.0,MANUAL_INTERVAL
44,1.5347892081997474,VISIBLE,1.0,MANUAL_INTERVAL
45,1.569670781113378,VISIBLE,1.0,MANUAL_INTERVAL
46,1.6045523540270088,VISIBLE,1.0,MANUAL_INTERVAL
47,1.6394339269406393,VISIBLE,1.0,MANUAL_INTERVAL
48,1.67431549985427,VISIBLE,1.0,MANUAL_INTERVAL
49,1.7091970727679007,VISIBLE,1.0,MANUAL_INTERVAL
50,1.7440786456815311,VISIBLE,1.0,MANUAL_INTERVAL
51,1.7789602185951618,VISIBLE,1.0,MANUAL_INTERVAL
52,1.8138417915087925,VISIBLE,1.0,MANUAL_INTERVAL
53,1.848723364422423,VISIBLE,1.0,MANUAL_INTERVAL
54,1.8836049373360537,VISIBLE,1.0,MANUAL_INTERVAL
55,1.9184865102496842,VISIBLE,1.0,MANUAL_INTERVAL
56,1.953368083163315,VISIBLE,1.0,MANUAL_INTERVAL
57,1.9882496560769456,VISIBLE,1.0,MANUAL_INTERVAL
58,2.023131228990576,VISIBLE,1.0,MANUAL_INTERVAL
59,2.0580128019042068,VISIBLE,1.0,MANUAL_INTERVAL
60,2.0928943748178375,VISIBLE,1.0,MANUAL_INTERVAL
61,2.127775947731468,VISIBLE,1.0,MANUAL_INTERVAL
62,2.162657520645099,VISIBLE,1.0,MANUAL_INTERVAL
63,2.197539093558729,VISIBLE,1.0,MANUAL_INTERVAL
64,2.23242066647236,VISIBLE,1.0,MANUAL_INTERVAL
65,2.2673022393859905,VISIBLE,1.0,MANUAL_INTERVAL
66,2.302183812299621,VISIBLE,1.0,MANUAL_INTERVAL
67,2.337065385213252,VISIBLE,1.0,MANUAL_INTERVAL
68,2.3719469581268826,VISIBLE,1.0,MANUAL_INTERVAL
69,2.406828531040513,VISIBLE,1.0,MANUAL_INTERVAL
70,2.4417101039541436,VISIBLE,1.0,MANUAL_INTERVAL
71,2.4765916768677743,VISIBLE,1.0,MANUAL_INTERVAL
72,2.511473249781405,VISIBLE,1.0,MANUAL_INTERVAL
73,2.5463548226950357,VISIBLE,1.0,MANUAL_INTERVAL
74,2.5812363956086664,VISIBLE,1.0,MANUAL_INTERVAL
75,2.6161179685222966,VISIBLE,1.0,MANUAL_INTERVAL
76,2.6509995414359273,VISIBLE,1.0,MANUAL_INTERVAL
77,2.685881114349558,VISIBLE,1.0,MANUAL_INTERVAL
78,2.7207626872631887,VISIBLE,1.0,MANUAL_INTERVAL
79,2.7556442601768194,VISIBLE,1.0,MANUAL_INTERVAL
80,2.79052583309045,VISIBLE,1.0,MANUAL_INTERVAL
81,2.8254074060040804,VISIBLE,1.0,MANUAL_INTERVAL
82,2.860288978917711,VISIBLE,1.0,MANUAL_INTERVAL
83,2.8951705518313418,VISIBLE,1.0,MANUAL_INTERVAL
84,2.9300521247449725,VISIBLE,1.0,MANUAL_INTERVAL
85,2.964933697658603,VISIBLE,1.0,MANUAL_INTERVAL
86,2.999815270572234,VISIBLE,1.0,MANUAL_INTERVAL
87,3.034696843485864,VISIBLE,1.0,MANUAL_INTERVAL
88,3.069578416399495,VISIBLE,1.0,MANUAL_INTERVAL
89,3.1044599893131255,VISIBLE,1.0,MANUAL_INTERVAL
90,3.139341562226756,VISIBLE,1.0,MANUAL_INTERVAL
91,3.174223135140387,VISIBLE,1.0,MANUAL_INTERVAL
92,3.2091047080540176,VISIBLE,1.0,MANUAL_INTERVAL
93,3.243986280967648,VISIBLE,1.0,MANUAL_INTERVAL
94,3.2788678538812785,VISIBLE,1.0,MANUAL_INTERVAL
95,3.3137494267949092,VISIBLE,1.0,MANUAL_INTERVAL
96,3.34863099970854,VISIBLE,1.0,MANUAL_INTERVAL
97,3.3835125726221706,VISIBLE,1.0,MANUAL_INTERVAL
98,3.4183941455358013,VISIBLE,1.0,MANUAL_INTERVAL
99,3.4532757184494316,VISIBLE,1.0,MANUAL_INTERVAL
100,3.4881572913630623,VISIBLE,1.0,MANUAL_INTERVAL
101,3.523038864276693,VISIBLE,1.0,MANUAL_INTERVAL
102,3.5579204371903237,VISIBLE,1.0,MANUAL_INTERVAL
103,3.5928020101039544,VISIBLE,1.0,MANUAL_INTERVAL
104,3.627683583017585,VISIBLE,1.0,MANUAL_INTERVAL
105,3.6625651559312153,VISIBLE,1.0,MANUAL_INTERVAL
106,3.697446728844846,VISIBLE,1.0,MANUAL_INTERVAL
107,3.7323283017584767,VISIBLE,1.0,MANUAL_INTERVAL
108,3.7672098746721074,VISIBLE,1.0,MANUAL_INTERVAL
109,3.802091447585738,VISIBLE,1.0,MANUAL_INTERVAL
110,3.8369730204993684,VISIBLE,1.0,MANUAL_INTERVAL
111,3.871854593412999,VISIBLE,1.0,MANUAL_INTERVAL
112,3.90673616632663,VISIBLE,1.0,MANUAL_INTERVAL
113,3.9416177392402605,VISIBLE,1.0,MANUAL_INTERVAL
114,3.976499312153891,VISIBLE,1.0,MANUAL_INTERVAL
115,4.011380885067521,VISIBLE,1.0,MANUAL_INTERVAL
116,4.046262457981152,VISIBLE,1.0,MANUAL_INTERVAL
117,4.081144030894783,VISIBLE,1.0,MANUAL_INTERVAL
118,4.1160256038084135,VISIBLE,1.0,MANUAL_INTERVAL
119,4.150907176722044,VISIBLE,1.0,MANUAL_INTERVAL
120,4.185788749635675,VISIBLE,1.0,MANUAL_INTERVAL
121,4.220670322549306,VISIBLE,1.0,MANUAL_INTERVAL
122,4.255551895462936,VISIBLE,1.0,MANUAL_INTERVAL
123,4.290433468376567,VISIBLE,1.0,MANUAL_INTERVAL
124,4.325315041290198,VISIBLE,1.0,MANUAL_INTERVAL
125,4.3601966142038275,VISIBLE,1.0,MANUAL_INTERVAL
126,4.395078187117458,VISIBLE,1.0,MANUAL_INTERVAL
127,4.429959760031089,VISIBLE,1.0,MANUAL_INTERVAL
128,4.46484133294472,VISIBLE,1.0,MANUAL_INTERVAL
129,4.49972290585835,VISIBLE,1.0,MANUAL_INTERVAL
130,4.534604478771981,VISIBLE,1.0,MANUAL_INTERVAL
131,4.569486051685612,VISIBLE,1.0,MANUAL_INTERVAL
132,4.604367624599242,VISIBLE,1.0,MANUAL_INTERVAL
133,4.639249197512873,VISIBLE,1.0,MANUAL_INTERVAL
134,4.674130770426504,VISIBLE,1.0,MANUAL_INTERVAL
135,4.7090123433401345,VISIBLE,1.0,MANUAL_INTERVAL
136,4.743893916253765,VISIBLE,1.0,MANUAL_INTERVAL
137,4.778775489167395,VISIBLE,1.0,MANUAL_INTERVAL
138,4.813657062081026,VISIBLE,1.0,MANUAL_INTERVAL
139,4.848538634994656,VISIBLE,1.0,MANUAL_INTERVAL
140,4.883420207908287,VISIBLE,1.0,MANUAL_INTERVAL
141,4.918301780821918,VISIBLE,1.0,MANUAL_INTERVAL
142,4.9531833537355485,VISIBLE,1.0,MANUAL_INTERVAL
143,4.988064926649179,VISIBLE,1.0,MANUAL_INTERVAL
144,5.02294649956281,VISIBLE,1.0,MANUAL_INTERVAL
145,5.057828072476441,VISIBLE,1.0,MANUAL_INTERVAL
146,5.092709645390071,VISIBLE,1.0,MANUAL_INTERVAL
147,5.127591218303702,VISIBLE,1.0,MANUAL_INTERVAL
148,5.162472791217333,VISIBLE,1.0,MANUAL_INTERVAL
149,5.1973543641309625,VISIBLE,1.0,MANUAL_INTERVAL
150,5.232235937044593,VISIBLE,1.0,MANUAL_INTERVAL
151,5.267117509958224,VISIBLE,1.0,MANUAL_INTERVAL
152,5.301999082871855,VISIBLE,1.0,MANUAL_INTERVAL
153,5.336880655785485,VISIBLE,1.0,MANUAL_INTERVAL
154,5.371762228699116,VISIBLE,1.0,MANUAL_INTERVAL
155,5.406643801612747,VISIBLE,1.0,MANUAL_INTERVAL
156,5.441525374526377,VISIBLE,1.0,MANUAL_INTERVAL
157,5.476406947440008,VISIBLE,1.0,MANUAL_INTERVAL
158,5.511288520353639,VISIBLE,1.0,MANUAL_INTERVAL
159,5.5461700932672695,VISIBLE,1.0,MANUAL_INTERVAL
160,5.5810516661809,VISIBLE,1.0,MANUAL_INTERVAL
161,5.61593323909453,VISIBLE,1.0,MANUAL_INTERVAL
162,5.650814812008161,VISIBLE,1.0,MANUAL_INTERVAL
163,5.685696384921791,VISIBLE,1.0,MANUAL_INTERVAL
164,5.720577957835422,VISIBLE,1.0,MANUAL_INTERVAL
165,5.755459530749053,VISIBLE,1.0,MANUAL_INTERVAL
166,5.7903411036626835,VISIBLE,1.0,MANUAL_INTERVAL
167,5.825222676576314,VISIBLE,1.0,MANUAL_INTERVAL
168,5.860104249489945,VISIBLE,1.0,MANUAL_INTERVAL
169,5.894985822403576,VISIBLE,1.0,MANUAL_INTERVAL
170,5.929867395317206,VISIBLE,1.0,MANUAL_INTERVAL
171,5.964748968230837,VISIBLE,1.0,MANUAL_INTERVAL
172,5.999630541144468,VISIBLE,1.0,MANUAL_INTERVAL
173,6.0345121140580975,VISIBLE,1.0,MANUAL_INTERVAL
174,6.069393686971728,VISIBLE,1.0,MANUAL_INTERVAL
175,6.104275259885359,VISIBLE,1.0,MANUAL_INTERVAL
176,6.13915683279899,VISIBLE,1.0,MANUAL_INTERVAL
177,6.17403840571262,VISIBLE,1.0,MANUAL_INTERVAL
178,6.208919978626251,VISIBLE,1.0,MANUAL_INTERVAL
179,6.243801551539882,VISIBLE,1.0,MANUAL_INTERVAL
180,6.278683124453512,VISIBLE,1.0,MANUAL_INTERVAL
181,6.313564697367143,VISIBLE,1.0,MANUAL_INTERVAL
182,6.348446270280774,VISIBLE,1.0,MANUAL_INTERVAL
183,6.3833278431944045,VISIBLE,1.0,MANUAL_INTERVAL
184,6.418209416108035,VISIBLE,1.0,MANUAL_INTERVAL
185,6.453090989021665,VISIBLE,1.0,MANUAL_INTERVAL
186,6.487972561935296,VISIBLE,1.0,MANUAL_INTERVAL
187,6.522854134848926,VISIBLE,1.0,MANUAL_INTERVAL
188,6.557735707762557,VISIBLE,1.0,MANUAL_INTERVAL
189,6.592617280676188,VISIBLE,1.0,MANUAL_INTERVAL
190,6.6274988535898185,VISIBLE,1.0,MANUAL_INTERVAL
191,6.662380426503449,VISIBLE,1.0,MANUAL_INTERVAL
192,6.69726199941708,VISIBLE,1.0,MANUAL_INTERVAL
193,6.732143572330711,VISIBLE,1.0,MANUAL_INTERVAL
194,6.767025145244341,VISIBLE,1.0,MANUAL_INTERVAL
195,6.801906718157972,VISIBLE,1.0,MANUAL_INTERVAL
196,6.836788291071603,VISIBLE,1.0,MANUAL_INTERVAL
197,6.8716698639852325,VISIBLE,1.0,MANUAL_INTERVAL
198,6.906551436898863,VISIBLE,1.0,MANUAL_INTERVAL
199,6.941433009812494,VISIBLE,1.0,MANUAL_INTERVAL
200,6.976314582726125,VISIBLE,1.0,MANUAL_INTERVAL
201,7.011196155639755,VISIBLE,1.0,MANUAL_INTERVAL
202,7.046077728553386,VISIBLE,1.0,MANUAL_INTERVAL
203,7.080959301467017,VISIBLE,1.0,MANUAL_INTERVAL
204,7.115840874380647,VISIBLE,1.0,MANUAL_INTERVAL
205,7.150722447294278,VISIBLE,1.0,MANUAL_INTERVAL
206,7.185604020207909,VISIBLE,1.0,MANUAL_INTERVAL
207,7.2204855931215395,VISIBLE,1.0,MANUAL_INTERVAL
208,7.25536716603517,VISIBLE,1.0,MANUAL_INTERVAL
209,7.2902487389488,VISIBLE,1.0,MANUAL_INTERVAL
210,7.325130311862431,VISIBLE,1.0,MANUAL_INTERVAL
211,7.360011884776061,VISIBLE,1.0,MANUAL_INTERVAL
212,7.394893457689692,VISIBLE,1.0,MANUAL_INTERVAL
213,7.429775030603323,VISIBLE,1.0,MANUAL_INTERVAL
214,7.4646566035169535,VISIBLE,1.0,MANUAL_INTERVAL
215,7.499538176430584,VISIBLE,1.0,MANUAL_INTERVAL
216,7.534419749344215,VISIBLE,1.0,MANUAL_INTERVAL
217,7.569301322257846,VISIBLE,1.0,MANUAL_INTERVAL
218,7.604182895171476,VISIBLE,1.0,MANUAL_INTERVAL
219,7.639064468085107,VISIBLE,1.0,MANUAL_INTERVAL
220,7.673946040998737,VISIBLE,1.0,MANUAL_INTERVAL
221,7.7088276139123675,VISIBLE,1.0,MANUAL_INTERVAL
222,7.743709186825998,VISIBLE,1.0,MANUAL_INTERVAL
223,7.778590759739629,VISIBLE,1.0,MANUAL_INTERVAL
224,7.81347233265326,VISIBLE,1.0,MANUAL_INTERVAL
225,7.84835390556689,VISIBLE,1.0,MANUAL_INTERVAL
226,7.883235478480521,VISIBLE,1.0,MANUAL_INTERVAL
227,7.918117051394152,VISIBLE,1.0,MANUAL_INTERVAL
228,7.952998624307782,VISIBLE,1.0,MANUAL_INTERVAL
229,7.987880197221413,VISIBLE,1.0,MANUAL_INTERVAL
230,8.022761770135043,VISIBLE,1.0,MANUAL_INTERVAL
231,8.057643343048674,VISIBLE,1.0,MANUAL_INTERVAL
232,8.092524915962304,VISIBLE,1.0,MANUAL_INTERVAL
233,8.127406488875936,VISIBLE,1.0,MANUAL_INTERVAL
234,8.162288061789566,VISIBLE,1.0,MANUAL_INTERVAL
235,8.197169634703197,VISIBLE,1.0,MANUAL_INTERVAL
236,8.232051207616827,VISIBLE,1.0,MANUAL_INTERVAL
237,8.266932780530459,VISIBLE,1.0,MANUAL_INTERVAL
238,8.301814353444088,VISIBLE,1.0,MANUAL_INTERVAL
239,8.336695926357718,VISIBLE,1.0,MANUAL_INTERVAL
240,8.37157749927135,VISIBLE,1.0,MANUAL_INTERVAL
241,8.40645907218498,VISIBLE,1.0,MANUAL_INTERVAL
242,8.441340645098611,VISIBLE,1.0,MANUAL_INTERVAL
243,8.476222218012241,VISIBLE,1.0,MANUAL_INTERVAL
244,8.511103790925873,VISIBLE,1.0,MANUAL_INTERVAL
245,8.545985363839502,VISIBLE,1.0,MANUAL_INTERVAL
246,8.580866936753134,VISIBLE,1.0,MANUAL_INTERVAL
247,8.615748509666764,VISIBLE,1.0,MANUAL_INTERVAL
248,8.650630082580395,VISIBLE,1.0,MANUAL_INTERVAL
249,8.685511655494025,VISIBLE,1.0,MANUAL_INTERVAL
250,8.720393228407655,VISIBLE,1.0,MANUAL_INTERVAL
251,8.755274801321287,VISIBLE,1.0,MANUAL_INTERVAL
252,8.790156374234916,VISIBLE,1.0,MANUAL_INTERVAL
253,8.825037947148548,VISIBLE,1.0,MANUAL_INTERVAL
254,8.859919520062178,VISIBLE,1.0,MANUAL_INTERVAL
255,8.89480109297581,VISIBLE,1.0,MANUAL_INTERVAL
256,8.92968266588944,VISIBLE,1.0,MANUAL_INTERVAL
257,8.96456423880307,VISIBLE,1.0,MANUAL_INTERVAL
258,8.9994458117167,VISIBLE,1.0,MANUAL_INTERVAL
259,9.034327384630332,VISIBLE,1.0,MANUAL_INTERVAL
260,9.069208957543962,VISIBLE,1.0,MANUAL_INTERVAL
261,9.104090530457594,VISIBLE,1.0,MANUAL_INTERVAL
262,9.138972103371223,VISIBLE,1.0,MANUAL_INTERVAL
263,9.173853676284853,VISIBLE,1.0,MANUAL_INTERVAL
264,9.208735249198485,VISIBLE,1.0,MANUAL_INTERVAL
265,9.243616822112115,VISIBLE,1.0,MANUAL_INTERVAL
266,9.278498395025746,VISIBLE,1.0,MANUAL_INTERVAL
267,9.313379967939376,VISIBLE,1.0,MANUAL_INTERVAL
268,9.348261540853008,VISIBLE,1.0,MANUAL_INTERVAL
269,9.383143113766637,VISIBLE,1.0,MANUAL_INTERVAL
270,9.418024686680269,VISIBLE,1.0,MANUAL_INTERVAL
271,9.452906259593899,VISIBLE,1.0,MANUAL_INTERVAL
272,9.48778783250753,VISIBLE,1.0,MANUAL_INTERVAL
273,9.52266940542116,VISIBLE,1.0,MANUAL_INTERVAL
274,9.55755097833479,VISIBLE,1.0,MANUAL_INTERVAL
275,9.592432551248422,VISIBLE,1.0,MANUAL_INTERVAL
276,9.627314124162051,VISIBLE,1.0,MANUAL_INTERVAL
277,9.662195697075683,VISIBLE,1.0,MANUAL_INTERVAL
278,9.697077269989313,VISIBLE,1.0,MANUAL_INTERVAL
279,9.731958842902944,VISIBLE,1.0,MANUAL_INTERVAL
280,9.766840415816574,VISIBLE,1.0,MANUAL_INTERVAL
281,9.801721988730206,VISIBLE,1.0,MANUAL_INTERVAL
282,9.836603561643836,VISIBLE,1.0,MANUAL_INTERVAL
283,9.871485134557467,VISIBLE,1.0,MANUAL_INTERVAL
284,9.906366707471097,VISIBLE,1.0,MANUAL_INTERVAL
285,9.941248280384729,VISIBLE,1.0,MANUAL_INTERVAL
286,9.976129853298358,VISIBLE,1.0,MANUAL_INTERVAL
287,10.011011426211988,VISIBLE,1.0,MANUAL_INTERVAL
288,10.04589299912562,VISIBLE,1.0,MANUAL_INTERVAL
289,10.08077457203925,VISIBLE,1.0,MANUAL_INTERVAL
290,10.115656144952881,VISIBLE,1.0,MANUAL_INTERVAL
291,10.150537717866511,VISIBLE,1.0,MANUAL_INTERVAL
292,10.185419290780143,VISIBLE,1.0,MANUAL_INTERVAL
293,10.220300863693772,VISIBLE,1.0,MANUAL_INTERVAL
294,10.255182436607404,VISIBLE,1.0,MANUAL_INTERVAL
295,10.290064009521034,VISIBLE,1.0,MANUAL_INTERVAL
296,10.324945582434665,VISIBLE,1.0,MANUAL_INTERVAL
297,10.359827155348295,VISIBLE,1.0,MANUAL_INTERVAL
298,10.394708728261925,VISIBLE,1.0,MANUAL_INTERVAL
299,10.429590301175557,VISIBLE,1.0,MANUAL_INTERVAL
300,10.464471874089186,VISIBLE,1.0,MANUAL_INTERVAL
301,10.499353447002818,VISIBLE,1.0,MANUAL_INTERVAL
302,10.534235019916448,VISIBLE,1.0,MANUAL_INTERVAL
303,10.56911659283008,VISIBLE,1.0,MANUAL_INTERVAL
304,10.60399816574371,VISIBLE,1.0,MANUAL_INTERVAL
305,10.63887973865734,VISIBLE,1.0,MANUAL_INTERVAL
306,10.67376131157097,VISIBLE,1.0,MANUAL_INTERVAL
307,10.708642884484602,VISIBLE,1.0,MANUAL_INTERVAL
308,10.743524457398232,VISIBLE,1.0,MANUAL_INTERVAL
309,10.778406030311864,VISIBLE,1.0,MANUAL_INTERVAL
310,10.813287603225493,VISIBLE,1.0,MANUAL_INTERVAL
311,10.848169176139123,VISIBLE,1.0,MANUAL_INTERVAL
312,10.883050749052755,VISIBLE,1.0,MANUAL_INTERVAL
313,10.917932321966385,VISIBLE,1.0,MANUAL_INTERVAL
314,10.952813894880016,VISIBLE,1.0,MANUAL_INTERVAL
315,10.987695467793646,VISIBLE,1.0,MANUAL_INTERVAL
316,11.022577040707278,VISIBLE,1.0,MANUAL_INTERVAL
317,11.057458613620907,VISIBLE,1.0,MANUAL_INTERVAL
318,11.092340186534539,VISIBLE,1.0,MANUAL_INTERVAL
319,11.127221759448169,VISIBLE,1.0,MANUAL_INTERVAL
320,11.1621033323618,VISIBLE,1.0,MANUAL_INTERVAL
321,11.19698490527543,VISIBLE,1.0,MANUAL_INTERVAL
322,11.23186647818906,VISIBLE,1.0,MANUAL_INTERVAL
323,11.266748051102692,VISIBLE,1.0,MANUAL_INTERVAL
324,11.301629624016321,VISIBLE,1.0,MANUAL_INTERVAL
325,11.336511196929953,VISIBLE,1.0,MANUAL_INTERVAL
326,11.371392769843583,VISIBLE,1.0,MANUAL_INTERVAL
327,11.406274342757214,VISIBLE,1.0,MANUAL_INTERVAL
328,11.441155915670844,VISIBLE,1.0,MANUAL_INTERVAL
329,11.476037488584476,VISIBLE,1.0,MANUAL_INTERVAL
330,11.510919061498106,VISIBLE,1.0,MANUAL_INTERVAL
331,11.545800634411737,VISIBLE,1.0,MANUAL_INTERVAL
332,11.580682207325367,VISIBLE,1.0,MANUAL_INTERVAL
333,11.615563780238997,VISIBLE,1.0,MANUAL_INTERVAL
334,11.650445353152628,VISIBLE,1.0,MANUAL_INTERVAL
335,11.685326926066258,VISIBLE,1.0,MANUAL_INTERVAL
336,11.72020849897989,VISIBLE,1.0,MANUAL_INTERVAL
337,11.75509007189352,VISIBLE,1.0,MANUAL_INTERVAL
338,11.789971644807151,VISIBLE,1.0,MANUAL_INTERVAL
339,11.824853217720781,VISIBLE,1.0,MANUAL_INTERVAL
340,11.859734790634413,VISIBLE,1.0,MANUAL_INTERVAL
341,11.894616363548042,VISIBLE,1.0,MANUAL_INTERVAL
342,11.929497936461674,VISIBLE,1.0,MANUAL_INTERVAL
343,11.964379509375304,VISIBLE,1.0,MANUAL_INTERVAL
344,11.999261082288935,VISIBLE,1.0,MANUAL_INTERVAL
345,12.034142655202565,VISIBLE,1.0,MANUAL_INTERVAL
346,12.069024228116195,VISIBLE,1.0,MANUAL_INTERVAL
347,12.103905801029827,VISIBLE,1.0,MANUAL_INTERVAL
348,12.138787373943456,VISIBLE,1.0,MANUAL_INTERVAL
349,12.173668946857088,VISIBLE,1.0,MANUAL_INTERVAL
350,12.208550519770718,VISIBLE,1.0,MANUAL_INTERVAL
351,12.24343209268435,VISIBLE,1.0,MANUAL_INTERVAL
352,12.27831366559798,VISIBLE,1.0,MANUAL_INTERVAL
353,12.31319523851161,VISIBLE,1.0,MANUAL_INTERVAL
354,12.34807681142524,VISIBLE,1.0,MANUAL_INTERVAL
355,12.382958384338872,VISIBLE,1.0,MANUAL_INTERVAL
356,12.417839957252502,VISIBLE,1.0,MANUAL_INTERVAL
357,12.452721530166132,VISIBLE,1.0,MANUAL_INTERVAL
358,12.487603103079763,VISIBLE,1.0,MANUAL_INTERVAL
359,12.522484675993393,VISIBLE,1.0,MANUAL_INTERVAL
360,12.557366248907025,VISIBLE,1.0,MANUAL_INTERVAL
361,12.592247821820655,VISIBLE,1.0,MANUAL_INTERVAL
362,12.627129394734286,VISIBLE,1.0,MANUAL_INTERVAL
363,12.662010967647916,VISIBLE,1.0,MANUAL_INTERVAL
364,12.696892540561548,VISIBLE,1.0,MANUAL_INTERVAL
365,12.731774113475177,VISIBLE,1.0,MANUAL_INTERVAL
366,12.766655686388809,VISIBLE,1.0,MANUAL_INTERVAL
367,12.801537259302439,VISIBLE,1.0,MANUAL_INTERVAL
368,12.83641883221607,VISIBLE,1.0,MANUAL_INTERVAL
369,12.8713004051297,VISIBLE,1.0,MANUAL_INTERVAL
370,12.90618197804333,VISIBLE,1.0,MANUAL_INTERVAL
371,12.941063550956962,VISIBLE,1.0,MANUAL_INTERVAL
372,12.975945123870591,VISIBLE,1.0,MANUAL_INTERVAL
373,13.010826696784223,VISIBLE,1.0,MANUAL_INTERVAL
374,13.045708269697853,VISIBLE,1.0,MANUAL_INTERVAL
375,13.080589842611484,VISIBLE,1.0,MANUAL_INTERVAL
376,13.115471415525114,VISIBLE,1.0,MANUAL_INTERVAL
377,13.150352988438746,VISIBLE,1.0,MANUAL_INTERVAL
378,13.185234561352376,VISIBLE,1.0,MANUAL_INTERVAL
379,13.220116134266007,VISIBLE,1.0,MANUAL_INTERVAL
380,13.254997707179637,VISIBLE,1.0,MANUAL_INTERVAL
381,13.289879280093267,VISIBLE,1.0,MANUAL_SHORT_RUN_REVIEW
382,13.324760853006898,VISIBLE,1.0,MANUAL_SHORT_RUN_REVIEW
383,13.359642425920528,VISIBLE,1.0,MANUAL_INTERVAL
384,13.39452399883416,VISIBLE,1.0,MANUAL_INTERVAL
385,13.42940557174779,VISIBLE,1.0,MANUAL_INTERVAL
386,13.464287144661421,VISIBLE,1.0,MANUAL_INTERVAL
387,13.499168717575051,VISIBLE,1.0,MANUAL_SHORT_RUN_REVIEW
388,13.534050290488683,VISIBLE,1.0,MANUAL_SHORT_RUN_REVIEW
389,13.568931863402312,VISIBLE,1.0,MANUAL_INTERVAL
390,13.603813436315944,VISIBLE,1.0,MANUAL_INTERVAL
391,13.638695009229574,VISIBLE,1.0,MANUAL_INTERVAL
392,13.673576582143205,VISIBLE,1.0,MANUAL_INTERVAL
393,13.708458155056835,VISIBLE,1.0,MANUAL_INTERVAL
394,13.743339727970465,VISIBLE,1.0,MANUAL_INTERVAL
395,13.778221300884097,VISIBLE,1.0,MANUAL_INTERVAL
396,13.813102873797726,VISIBLE,1.0,MANUAL_INTERVAL
397,13.847984446711358,VISIBLE,1.0,MANUAL_INTERVAL
398,13.882866019624988,VISIBLE,1.0,MANUAL_INTERVAL
399,13.91774759253862,VISIBLE,1.0,MANUAL_INTERVAL
400,13.95262916545225,VISIBLE,1.0,MANUAL_INTERVAL
401,13.98751073836588,VISIBLE,1.0,MANUAL_SHORT_RUN_REVIEW
402,14.02239231127951,VISIBLE,1.0,MANUAL_INTERVAL
403,14.057273884193142,VISIBLE,1.0,MANUAL_INTERVAL
404,14.092155457106772,VISIBLE,1.0,MANUAL_INTERVAL
405,14.127037030020402,VISIBLE,1.0,MANUAL_INTERVAL
406,14.161918602934033,VISIBLE,1.0,MANUAL_INTERVAL
407,14.196800175847663,VISIBLE,1.0,MANUAL_INTERVAL
408,14.231681748761295,VISIBLE,1.0,MANUAL_INTERVAL
409,14.266563321674925,VISIBLE,1.0,MANUAL_INTERVAL
410,14.301444894588556,VISIBLE,1.0,MANUAL_SHORT_RUN_REVIEW
411,14.336326467502186,VISIBLE,1.0,MANUAL_INTERVAL
412,14.371208040415818,VISIBLE,1.0,MANUAL_SHORT_RUN_REVIEW
413,14.406089613329447,VISIBLE,1.0,MANUAL_SHORT_RUN_REVIEW
414,14.440971186243079,VISIBLE,1.0,MANUAL_INTERVAL
415,14.475852759156709,VISIBLE,1.0,MANUAL_SHORT_RUN_REVIEW
416,14.51073433207034,VISIBLE,1.0,MANUAL_INTERVAL
417,14.54561590498397,VISIBLE,1.0,MANUAL_INTERVAL
418,14.5804974778976,PARTIALLY_VISIBLE,,MANUAL_INTERVAL
419,14.615379050811232,PARTIALLY_VISIBLE,,MANUAL_INTERVAL
420,14.650260623724861,PARTIALLY_VISIBLE,,MANUAL_INTERVAL
421,14.685142196638493,PARTIALLY_VISIBLE,,MANUAL_INTERVAL
422,14.720023769552123,PARTIALLY_VISIBLE,,MANUAL_INTERVAL
423,14.754905342465754,PARTIALLY_VISIBLE,,MANUAL_INTERVAL
424,14.789786915379384,PARTIALLY_VISIBLE,,MANUAL_INTERVAL
425,14.824668488293016,VISIBLE,1.0,MANUAL_INTERVAL
426,14.859550061206646,VISIBLE,1.0,MANUAL_INTERVAL
427,14.894431634120277,VISIBLE,1.0,MANUAL_INTERVAL
428,14.929313207033907,VISIBLE,1.0,MANUAL_INTERVAL
429,14.964194779947537,VISIBLE,1.0,MANUAL_INTERVAL
430,14.999076352861168,VISIBLE,1.0,MANUAL_INTERVAL
431,15.033957925774798,VISIBLE,1.0,MANUAL_INTERVAL
432,15.06883949868843,VISIBLE,1.0,MANUAL_INTERVAL
433,15.10372107160206,VISIBLE,1.0,MANUAL_INTERVAL
434,15.138602644515691,VISIBLE,1.0,MANUAL_INTERVAL
435,15.173484217429321,VISIBLE,1.0,MANUAL_INTERVAL
436,15.208365790342953,VISIBLE,1.0,MANUAL_INTERVAL
437,15.243247363256582,VISIBLE,1.0,MANUAL_INTERVAL
438,15.278128936170214,VISIBLE,1.0,MANUAL_INTERVAL
439,15.313010509083844,VISIBLE,1.0,MANUAL_INTERVAL
440,15.347892081997474,VISIBLE,1.0,MANUAL_INTERVAL
441,15.382773654911105,VISIBLE,1.0,MANUAL_INTERVAL
442,15.417655227824735,VISIBLE,1.0,MANUAL_INTERVAL
443,15.452536800738367,VISIBLE,1.0,MANUAL_INTERVAL
444,15.487418373651996,VISIBLE,1.0,MANUAL_INTERVAL
445,15.522299946565628,VISIBLE,1.0,MANUAL_INTERVAL
446,15.557181519479258,VISIBLE,1.0,MANUAL_INTERVAL
447,15.59206309239289,VISIBLE,1.0,MANUAL_INTERVAL
448,15.62694466530652,VISIBLE,1.0,MANUAL_INTERVAL
449,15.66182623822015,VISIBLE,1.0,MANUAL_INTERVAL
450,15.69670781113378,VISIBLE,1.0,MANUAL_INTERVAL
451,15.731589384047412,VISIBLE,1.0,MANUAL_INTERVAL
452,15.766470956961042,VISIBLE,1.0,MANUAL_INTERVAL
453,15.801352529874672,VISIBLE,1.0,MANUAL_INTERVAL
454,15.836234102788303,VISIBLE,1.0,MANUAL_INTERVAL
455,15.871115675701933,VISIBLE,1.0,MANUAL_INTERVAL
456,15.905997248615565,VISIBLE,1.0,MANUAL_INTERVAL
457,15.940878821529195,VISIBLE,1.0,MANUAL_INTERVAL
458,15.975760394442826,VISIBLE,1.0,MANUAL_INTERVAL
459,16.010641967356456,VISIBLE,1.0,MANUAL_INTERVAL
460,16.045523540270086,VISIBLE,1.0,MANUAL_INTERVAL
461,16.08040511318372,VISIBLE,1.0,MANUAL_INTERVAL
462,16.11528668609735,VISIBLE,1.0,MANUAL_INTERVAL
463,16.15016825901098,VISIBLE,1.0,MANUAL_INTERVAL
464,16.18504983192461,VISIBLE,1.0,MANUAL_INTERVAL
465,16.21993140483824,VISIBLE,1.0,MANUAL_INTERVAL
466,16.25481297775187,VISIBLE,1.0,MANUAL_INTERVAL
467,16.2896945506655,VISIBLE,1.0,MANUAL_INTERVAL
468,16.32457612357913,VISIBLE,1.0,MANUAL_INTERVAL
469,16.35945769649276,VISIBLE,1.0,MANUAL_INTERVAL
470,16.394339269406395,VISIBLE,1.0,MANUAL_INTERVAL
471,16.429220842320024,VISIBLE,1.0,MANUAL_INTERVAL
472,16.464102415233654,VISIBLE,1.0,MANUAL_INTERVAL
473,16.498983988147284,VISIBLE,1.0,MANUAL_INTERVAL
474,16.533865561060917,VISIBLE,1.0,MANUAL_INTERVAL
475,16.568747133974547,VISIBLE,1.0,MANUAL_INTERVAL
476,16.603628706888177,VISIBLE,1.0,MANUAL_INTERVAL
477,16.638510279801807,VISIBLE,1.0,MANUAL_INTERVAL
478,16.673391852715437,VISIBLE,1.0,MANUAL_INTERVAL
479,16.70827342562907,VISIBLE,1.0,MANUAL_INTERVAL
480,16.7431549985427,VISIBLE,1.0,MANUAL_INTERVAL
481,16.77803657145633,VISIBLE,1.0,MANUAL_INTERVAL
482,16.81291814436996,VISIBLE,1.0,MANUAL_INTERVAL
483,16.847799717283593,VISIBLE,1.0,MANUAL_INTERVAL
484,16.882681290197223,VISIBLE,1.0,MANUAL_INTERVAL
485,16.917562863110852,VISIBLE,1.0,MANUAL_INTERVAL
486,16.952444436024482,VISIBLE,1.0,MANUAL_INTERVAL
487,16.987326008938116,VISIBLE,1.0,MANUAL_INTERVAL
488,17.022207581851745,VISIBLE,1.0,MANUAL_INTERVAL
489,17.057089154765375,VISIBLE,1.0,MANUAL_INTERVAL
490,17.091970727679005,VISIBLE,1.0,MANUAL_INTERVAL
491,17.126852300592635,VISIBLE,1.0,MANUAL_INTERVAL
492,17.161733873506268,VISIBLE,1.0,MANUAL_INTERVAL
493,17.196615446419898,VISIBLE,1.0,MANUAL_INTERVAL
494,17.231497019333528,VISIBLE,1.0,MANUAL_INTERVAL
495,17.266378592247158,VISIBLE,1.0,MANUAL_INTERVAL
496,17.30126016516079,VISIBLE,1.0,MANUAL_INTERVAL
497,17.33614173807442,VISIBLE,1.0,MANUAL_INTERVAL
498,17.37102331098805,VISIBLE,1.0,MANUAL_INTERVAL
499,17.40590488390168,VISIBLE,1.0,MANUAL_INTERVAL
500,17.44078645681531,VISIBLE,1.0,MANUAL_INTERVAL
501,17.475668029728944,VISIBLE,1.0,MANUAL_INTERVAL
502,17.510549602642573,VISIBLE,1.0,MANUAL_INTERVAL
503,17.545431175556203,VISIBLE,1.0,MANUAL_INTERVAL
504,17.580312748469833,VISIBLE,1.0,MANUAL_INTERVAL
505,17.615194321383466,VISIBLE,1.0,MANUAL_INTERVAL
506,17.650075894297096,VISIBLE,1.0,MANUAL_INTERVAL
507,17.684957467210726,VISIBLE,1.0,MANUAL_INTERVAL
508,17.719839040124356,VISIBLE,1.0,MANUAL_INTERVAL
509,17.75472061303799,VISIBLE,1.0,MANUAL_INTERVAL
510,17.78960218595162,VISIBLE,1.0,MANUAL_INTERVAL
511,17.82448375886525,VISIBLE,1.0,MANUAL_INTERVAL
512,17.85936533177888,VISIBLE,1.0,MANUAL_INTERVAL
513,17.89424690469251,VISIBLE,1.0,MANUAL_INTERVAL
514,17.92912847760614,VISIBLE,1.0,MANUAL_INTERVAL
515,17.96401005051977,VISIBLE,1.0,MANUAL_INTERVAL
516,17.9988916234334,VISIBLE,1.0,MANUAL_INTERVAL
517,18.03377319634703,VISIBLE,1.0,MANUAL_INTERVAL
518,18.068654769260664,VISIBLE,1.0,MANUAL_INTERVAL
519,18.103536342174294,VISIBLE,1.0,MANUAL_INTERVAL
520,18.138417915087924,VISIBLE,1.0,MANUAL_INTERVAL
521,18.173299488001554,VISIBLE,1.0,MANUAL_INTERVAL
522,18.208181060915187,VISIBLE,1.0,MANUAL_INTERVAL
523,18.243062633828817,VISIBLE,1.0,MANUAL_INTERVAL
524,18.277944206742447,VISIBLE,1.0,MANUAL_INTERVAL
525,18.312825779656077,VISIBLE,1.0,MANUAL_INTERVAL
526,18.347707352569707,VISIBLE,1.0,MANUAL_INTERVAL
527,18.38258892548334,VISIBLE,1.0,MANUAL_INTERVAL
528,18.41747049839697,VISIBLE,1.0,MANUAL_INTERVAL
529,18.4523520713106,VISIBLE,1.0,MANUAL_INTERVAL
530,18.48723364422423,VISIBLE,1.0,MANUAL_INTERVAL
531,18.522115217137863,VISIBLE,1.0,MANUAL_INTERVAL
532,18.556996790051492,VISIBLE,1.0,MANUAL_INTERVAL
533,18.591878362965122,VISIBLE,1.0,MANUAL_INTERVAL
534,18.626759935878752,VISIBLE,1.0,MANUAL_INTERVAL
535,18.661641508792382,VISIBLE,1.0,MANUAL_INTERVAL
536,18.696523081706015,VISIBLE,1.0,MANUAL_INTERVAL
537,18.731404654619645,VISIBLE,1.0,MANUAL_INTERVAL
538,18.766286227533275,VISIBLE,1.0,MANUAL_INTERVAL
539,18.801167800446905,VISIBLE,1.0,MANUAL_INTERVAL
540,18.836049373360538,VISIBLE,1.0,MANUAL_INTERVAL
541,18.870930946274168,VISIBLE,1.0,MANUAL_INTERVAL
542,18.905812519187798,VISIBLE,1.0,MANUAL_INTERVAL
543,18.940694092101428,VISIBLE,1.0,MANUAL_INTERVAL
544,18.97557566501506,VISIBLE,1.0,MANUAL_INTERVAL
545,19.01045723792869,VISIBLE,1.0,MANUAL_INTERVAL
546,19.04533881084232,VISIBLE,1.0,MANUAL_INTERVAL
547,19.08022038375595,VISIBLE,1.0,MANUAL_INTERVAL
548,19.11510195666958,VISIBLE,1.0,MANUAL_INTERVAL
549,19.149983529583213,VISIBLE,1.0,MANUAL_INTERVAL
550,19.184865102496843,VISIBLE,1.0,MANUAL_INTERVAL
551,19.219746675410473,VISIBLE,1.0,MANUAL_INTERVAL
552,19.254628248324103,VISIBLE,1.0,MANUAL_INTERVAL
553,19.289509821237736,VISIBLE,1.0,MANUAL_INTERVAL
554,19.324391394151366,VISIBLE,1.0,MANUAL_INTERVAL
555,19.359272967064996,VISIBLE,1.0,MANUAL_INTERVAL
556,19.394154539978626,VISIBLE,1.0,MANUAL_INTERVAL
557,19.42903611289226,VISIBLE,1.0,MANUAL_INTERVAL
558,19.46391768580589,VISIBLE,1.0,MANUAL_INTERVAL
559,19.49879925871952,VISIBLE,1.0,MANUAL_INTERVAL
560,19.53368083163315,VISIBLE,1.0,MANUAL_INTERVAL
561,19.56856240454678,VISIBLE,1.0,MANUAL_INTERVAL
562,19.60344397746041,VISIBLE,1.0,MANUAL_INTERVAL
563,19.63832555037404,VISIBLE,1.0,MANUAL_INTERVAL
564,19.67320712328767,VISIBLE,1.0,MANUAL_INTERVAL
565,19.7080886962013,VISIBLE,1.0,MANUAL_INTERVAL
566,19.742970269114934,VISIBLE,1.0,MANUAL_INTERVAL
567,19.777851842028564,VISIBLE,1.0,MANUAL_INTERVAL
568,19.812733414942194,VISIBLE,1.0,MANUAL_INTERVAL
569,19.847614987855824,VISIBLE,1.0,MANUAL_INTERVAL
570,19.882496560769457,VISIBLE,1.0,MANUAL_INTERVAL
571,19.917378133683087,VISIBLE,1.0,MANUAL_INTERVAL
572,19.952259706596717,VISIBLE,1.0,MANUAL_INTERVAL
573,19.987141279510347,VISIBLE,1.0,MANUAL_INTERVAL
574,20.022022852423977,VISIBLE,1.0,MANUAL_INTERVAL
575,20.05690442533761,VISIBLE,1.0,MANUAL_INTERVAL
576,20.09178599825124,VISIBLE,1.0,MANUAL_INTERVAL
577,20.12666757116487,VISIBLE,1.0,MANUAL_INTERVAL
578,20.1615491440785,VISIBLE,1.0,MANUAL_INTERVAL
579,20.196430716992133,VISIBLE,1.0,MANUAL_INTERVAL
580,20.231312289905762,VISIBLE,1.0,MANUAL_INTERVAL
581,20.266193862819392,VISIBLE,1.0,MANUAL_INTERVAL
582,20.301075435733022,VISIBLE,1.0,MANUAL_INTERVAL
583,20.335957008646652,VISIBLE,1.0,MANUAL_INTERVAL
584,20.370838581560285,VISIBLE,1.0,MANUAL_INTERVAL
585,20.405720154473915,VISIBLE,1.0,MANUAL_INTERVAL
586,20.440601727387545,VISIBLE,1.0,MANUAL_INTERVAL
587,20.475483300301175,VISIBLE,1.0,MANUAL_INTERVAL
588,20.510364873214808,VISIBLE,1.0,MANUAL_INTERVAL
589,20.545246446128438,VISIBLE,1.0,MANUAL_INTERVAL
590,20.580128019042068,VISIBLE,1.0,MANUAL_INTERVAL
591,20.615009591955697,VISIBLE,1.0,MANUAL_INTERVAL
592,20.64989116486933,VISIBLE,1.0,MANUAL_INTERVAL
593,20.68477273778296,VISIBLE,1.0,MANUAL_INTERVAL
594,20.71965431069659,VISIBLE,1.0,MANUAL_INTERVAL
595,20.75453588361022,VISIBLE,1.0,MANUAL_INTERVAL
596,20.78941745652385,VISIBLE,1.0,MANUAL_INTERVAL
597,20.824299029437483,VISIBLE,1.0,MANUAL_INTERVAL
598,20.859180602351113,VISIBLE,1.0,MANUAL_INTERVAL
599,20.894062175264743,VISIBLE,1.0,MANUAL_INTERVAL
600,20.928943748178373,VISIBLE,1.0,MANUAL_INTERVAL
601,20.963825321092006,VISIBLE,1.0,MANUAL_INTERVAL
602,20.998706894005636,VISIBLE,1.0,MANUAL_INTERVAL
603,21.033588466919266,VISIBLE,1.0,MANUAL_INTERVAL
604,21.068470039832896,VISIBLE,1.0,MANUAL_INTERVAL
605,21.10335161274653,VISIBLE,1.0,MANUAL_INTERVAL
606,21.13823318566016,VISIBLE,1.0,MANUAL_INTERVAL
607,21.17311475857379,VISIBLE,1.0,MANUAL_INTERVAL
608,21.20799633148742,VISIBLE,1.0,MANUAL_INTERVAL
609,21.24287790440105,VISIBLE,1.0,MANUAL_INTERVAL
610,21.27775947731468,VISIBLE,1.0,MANUAL_INTERVAL
611,21.31264105022831,VISIBLE,1.0,MANUAL_INTERVAL
612,21.34752262314194,VISIBLE,1.0,MANUAL_INTERVAL
613,21.38240419605557,VISIBLE,1.0,MANUAL_INTERVAL
614,21.417285768969204,VISIBLE,1.0,MANUAL_INTERVAL
615,21.452167341882834,VISIBLE,1.0,MANUAL_INTERVAL
616,21.487048914796464,VISIBLE,1.0,MANUAL_INTERVAL
617,21.521930487710094,VISIBLE,1.0,MANUAL_INTERVAL
618,21.556812060623727,VISIBLE,1.0,MANUAL_INTERVAL
619,21.591693633537357,VISIBLE,1.0,MANUAL_INTERVAL
620,21.626575206450987,VISIBLE,1.0,MANUAL_INTERVAL
621,21.661456779364617,VISIBLE,1.0,MANUAL_INTERVAL
622,21.696338352278246,VISIBLE,1.0,MANUAL_INTERVAL
623,21.73121992519188,VISIBLE,1.0,MANUAL_INTERVAL
624,21.76610149810551,VISIBLE,1.0,MANUAL_INTERVAL
625,21.80098307101914,VISIBLE,1.0,MANUAL_INTERVAL
626,21.83586464393277,VISIBLE,1.0,MANUAL_INTERVAL
627,21.870746216846403,VISIBLE,1.0,MANUAL_INTERVAL
628,21.905627789760032,VISIBLE,1.0,MANUAL_INTERVAL
629,21.940509362673662,VISIBLE,1.0,MANUAL_INTERVAL
630,21.975390935587292,VISIBLE,1.0,MANUAL_INTERVAL
631,22.010272508500922,VISIBLE,1.0,MANUAL_INTERVAL
632,22.045154081414555,VISIBLE,1.0,MANUAL_INTERVAL
633,22.080035654328185,VISIBLE,1.0,MANUAL_INTERVAL
634,22.114917227241815,VISIBLE,1.0,MANUAL_INTERVAL
635,22.149798800155445,VISIBLE,1.0,MANUAL_INTERVAL
636,22.184680373069078,VISIBLE,1.0,MANUAL_INTERVAL
637,22.219561945982708,VISIBLE,1.0,MANUAL_INTERVAL
638,22.254443518896338,VISIBLE,1.0,MANUAL_INTERVAL
639,22.289325091809967,VISIBLE,1.0,MANUAL_INTERVAL
640,22.3242066647236,VISIBLE,1.0,MANUAL_INTERVAL
641,22.35908823763723,VISIBLE,1.0,MANUAL_INTERVAL
642,22.39396981055086,VISIBLE,1.0,MANUAL_INTERVAL
643,22.42885138346449,VISIBLE,1.0,MANUAL_INTERVAL
644,22.46373295637812,VISIBLE,1.0,MANUAL_INTERVAL
645,22.498614529291753,VISIBLE,1.0,MANUAL_INTERVAL
646,22.533496102205383,VISIBLE,1.0,MANUAL_INTERVAL
647,22.568377675119013,VISIBLE,1.0,MANUAL_INTERVAL
648,22.603259248032643,VISIBLE,1.0,MANUAL_INTERVAL
649,22.638140820946276,VISIBLE,1.0,MANUAL_INTERVAL
650,22.673022393859906,VISIBLE,1.0,MANUAL_INTERVAL
651,22.707903966773536,VISIBLE,1.0,MANUAL_INTERVAL
652,22.742785539687166,VISIBLE,1.0,MANUAL_INTERVAL
653,22.7776671126008,VISIBLE,1.0,MANUAL_INTERVAL
654,22.81254868551443,VISIBLE,1.0,MANUAL_INTERVAL
655,22.84743025842806,VISIBLE,1.0,MANUAL_INTERVAL
656,22.88231183134169,VISIBLE,1.0,MANUAL_INTERVAL
657,22.91719340425532,VISIBLE,1.0,MANUAL_INTERVAL
658,22.95207497716895,VISIBLE,1.0,MANUAL_INTERVAL
659,22.98695655008258,VISIBLE,1.0,MANUAL_INTERVAL
660,23.02183812299621,VISIBLE,1.0,MANUAL_INTERVAL
661,23.05671969590984,VISIBLE,1.0,MANUAL_INTERVAL
662,23.091601268823474,VISIBLE,1.0,MANUAL_INTERVAL
663,23.126482841737104,VISIBLE,1.0,MANUAL_INTERVAL
664,23.161364414650734,VISIBLE,1.0,MANUAL_INTERVAL
665,23.196245987564364,VISIBLE,1.0,MANUAL_INTERVAL
666,23.231127560477994,VISIBLE,1.0,MANUAL_INTERVAL
667,23.266009133391627,VISIBLE,1.0,MANUAL_INTERVAL
668,23.300890706305257,VISIBLE,1.0,MANUAL_INTERVAL
669,23.335772279218887,VISIBLE,1.0,MANUAL_INTERVAL
670,23.370653852132516,VISIBLE,1.0,MANUAL_INTERVAL
671,23.40553542504615,VISIBLE,1.0,MANUAL_INTERVAL
672,23.44041699795978,VISIBLE,1.0,MANUAL_INTERVAL
673,23.47529857087341,VISIBLE,1.0,MANUAL_INTERVAL
674,23.51018014378704,VISIBLE,1.0,MANUAL_INTERVAL
675,23.545061716700673,VISIBLE,1.0,MANUAL_INTERVAL
676,23.579943289614302,VISIBLE,1.0,MANUAL_INTERVAL
677,23.614824862527932,VISIBLE,1.0,MANUAL_INTERVAL
678,23.649706435441562,VISIBLE,1.0,MANUAL_INTERVAL
679,23.684588008355192,VISIBLE,1.0,MANUAL_INTERVAL
680,23.719469581268825,VISIBLE,1.0,MANUAL_INTERVAL
681,23.754351154182455,VISIBLE,1.0,MANUAL_INTERVAL
682,23.789232727096085,VISIBLE,1.0,MANUAL_INTERVAL
683,23.824114300009715,VISIBLE,1.0,MANUAL_INTERVAL
684,23.858995872923348,VISIBLE,1.0,MANUAL_INTERVAL
685,23.893877445836978,VISIBLE,1.0,MANUAL_INTERVAL
686,23.928759018750608,VISIBLE,1.0,MANUAL_INTERVAL
687,23.963640591664237,VISIBLE,1.0,MANUAL_INTERVAL
688,23.99852216457787,VISIBLE,1.0,MANUAL_INTERVAL
689,24.0334037374915,VISIBLE,1.0,MANUAL_INTERVAL
690,24.06828531040513,VISIBLE,1.0,MANUAL_INTERVAL
691,24.10316688331876,VISIBLE,1.0,MANUAL_INTERVAL
692,24.13804845623239,VISIBLE,1.0,MANUAL_INTERVAL
693,24.172930029146023,VISIBLE,1.0,MANUAL_INTERVAL
694,24.207811602059653,VISIBLE,1.0,MANUAL_INTERVAL
695,24.242693174973283,VISIBLE,1.0,MANUAL_INTERVAL
696,24.277574747886913,VISIBLE,1.0,MANUAL_INTERVAL
697,24.312456320800546,VISIBLE,1.0,MANUAL_INTERVAL
698,24.347337893714176,VISIBLE,1.0,MANUAL_INTERVAL
699,24.382219466627806,VISIBLE,1.0,MANUAL_INTERVAL
700,24.417101039541436,VISIBLE,1.0,MANUAL_INTERVAL
701,24.45198261245507,VISIBLE,1.0,MANUAL_INTERVAL
702,24.4868641853687,VISIBLE,1.0,MANUAL_INTERVAL
703,24.52174575828233,VISIBLE,1.0,MANUAL_INTERVAL
704,24.55662733119596,VISIBLE,1.0,MANUAL_INTERVAL
705,24.59150890410959,VISIBLE,1.0,MANUAL_INTERVAL
706,24.62639047702322,VISIBLE,1.0,MANUAL_INTERVAL
707,24.66127204993685,VISIBLE,1.0,MANUAL_INTERVAL
708,24.69615362285048,VISIBLE,1.0,MANUAL_INTERVAL
709,24.73103519576411,VISIBLE,1.0,MANUAL_INTERVAL
710,24.765916768677744,VISIBLE,1.0,MANUAL_INTERVAL
711,24.800798341591374,VISIBLE,1.0,MANUAL_INTERVAL
712,24.835679914505004,VISIBLE,1.0,MANUAL_INTERVAL
713,24.870561487418634,VISIBLE,1.0,MANUAL_INTERVAL
714,24.905443060332264,VISIBLE,1.0,MANUAL_INTERVAL
715,24.940324633245897,VISIBLE,1.0,MANUAL_INTERVAL
716,24.975206206159527,VISIBLE,1.0,MANUAL_INTERVAL
717,25.010087779073157,VISIBLE,1.0,MANUAL_INTERVAL
718,25.044969351986786,VISIBLE,1.0,MANUAL_INTERVAL
719,25.07985092490042,VISIBLE,1.0,MANUAL_INTERVAL
720,25.11473249781405,VISIBLE,1.0,MANUAL_INTERVAL
721,25.14961407072768,VISIBLE,1.0,MANUAL_INTERVAL
722,25.18449564364131,VISIBLE,1.0,MANUAL_INTERVAL
723,25.219377216554943,VISIBLE,1.0,MANUAL_INTERVAL
724,25.254258789468572,VISIBLE,1.0,MANUAL_INTERVAL
725,25.289140362382202,VISIBLE,1.0,MANUAL_INTERVAL
726,25.324021935295832,VISIBLE,1.0,MANUAL_INTERVAL
727,25.358903508209462,VISIBLE,1.0,MANUAL_INTERVAL
728,25.393785081123095,VISIBLE,1.0,MANUAL_INTERVAL
729,25.428666654036725,VISIBLE,1.0,MANUAL_INTERVAL
730,25.463548226950355,VISIBLE,1.0,MANUAL_INTERVAL
731,25.498429799863985,VISIBLE,1.0,MANUAL_INTERVAL
732,25.533311372777618,VISIBLE,1.0,MANUAL_INTERVAL
733,25.568192945691248,VISIBLE,1.0,MANUAL_INTERVAL
734,25.603074518604878,VISIBLE,1.0,MANUAL_INTERVAL
735,25.637956091518507,VISIBLE,1.0,MANUAL_INTERVAL
736,25.67283766443214,VISIBLE,1.0,MANUAL_INTERVAL
737,25.70771923734577,VISIBLE,1.0,MANUAL_INTERVAL
738,25.7426008102594,VISIBLE,1.0,MANUAL_INTERVAL
739,25.77748238317303,VISIBLE,1.0,MANUAL_INTERVAL
740,25.81236395608666,VISIBLE,1.0,MANUAL_INTERVAL
741,25.847245529000293,VISIBLE,1.0,MANUAL_INTERVAL
742,25.882127101913923,VISIBLE,1.0,MANUAL_INTERVAL
743,25.917008674827553,VISIBLE,1.0,MANUAL_INTERVAL
744,25.951890247741183,VISIBLE,1.0,MANUAL_INTERVAL
745,25.986771820654816,VISIBLE,1.0,MANUAL_INTERVAL
746,26.021653393568446,VISIBLE,1.0,MANUAL_INTERVAL
747,26.056534966482076,VISIBLE,1.0,MANUAL_INTERVAL
748,26.091416539395706,VISIBLE,1.0,MANUAL_INTERVAL
749,26.126298112309335,VISIBLE,1.0,MANUAL_INTERVAL
750,26.16117968522297,VISIBLE,1.0,MANUAL_INTERVAL
751,26.1960612581366,VISIBLE,1.0,MANUAL_INTERVAL
752,26.23094283105023,VISIBLE,1.0,MANUAL_INTERVAL
753,26.265824403963858,VISIBLE,1.0,MANUAL_INTERVAL
754,26.30070597687749,VISIBLE,1.0,MANUAL_INTERVAL
755,26.33558754979112,VISIBLE,1.0,MANUAL_INTERVAL
756,26.37046912270475,VISIBLE,1.0,MANUAL_INTERVAL
757,26.40535069561838,VISIBLE,1.0,MANUAL_INTERVAL
758,26.440232268532014,VISIBLE,1.0,MANUAL_INTERVAL
759,26.475113841445644,VISIBLE,1.0,MANUAL_INTERVAL
760,26.509995414359274,VISIBLE,1.0,MANUAL_INTERVAL
761,26.544876987272904,VISIBLE,1.0,MANUAL_INTERVAL
762,26.579758560186534,VISIBLE,1.0,MANUAL_INTERVAL
763,26.614640133100167,VISIBLE,1.0,MANUAL_INTERVAL
764,26.649521706013797,VISIBLE,1.0,MANUAL_INTERVAL
765,26.684403278927427,VISIBLE,1.0,MANUAL_INTERVAL
766,26.719284851841056,VISIBLE,1.0,MANUAL_INTERVAL
767,26.75416642475469,VISIBLE,1.0,MANUAL_INTERVAL
768,26.78904799766832,VISIBLE,1.0,MANUAL_INTERVAL
769,26.82392957058195,VISIBLE,1.0,MANUAL_INTERVAL
770,26.85881114349558,VISIBLE,1.0,MANUAL_INTERVAL
771,26.893692716409213,VISIBLE,1.0,MANUAL_INTERVAL
772,26.928574289322842,VISIBLE,1.0,MANUAL_INTERVAL
773,26.963455862236472,VISIBLE,1.0,MANUAL_INTERVAL
774,26.998337435150102,VISIBLE,1.0,MANUAL_INTERVAL
775,27.033219008063732,VISIBLE,1.0,MANUAL_INTERVAL
776,27.068100580977365,VISIBLE,1.0,MANUAL_INTERVAL
777,27.102982153890995,VISIBLE,1.0,MANUAL_INTERVAL
778,27.137863726804625,VISIBLE,1.0,MANUAL_INTERVAL
779,27.172745299718255,VISIBLE,1.0,MANUAL_INTERVAL
780,27.207626872631888,VISIBLE,1.0,MANUAL_INTERVAL
781,27.242508445545518,VISIBLE,1.0,MANUAL_INTERVAL
782,27.277390018459148,VISIBLE,1.0,MANUAL_INTERVAL
783,27.312271591372777,VISIBLE,1.0,MANUAL_INTERVAL
784,27.34715316428641,VISIBLE,1.0,MANUAL_INTERVAL
785,27.38203473720004,VISIBLE,1.0,MANUAL_INTERVAL
786,27.41691631011367,VISIBLE,1.0,MANUAL_INTERVAL
787,27.4517978830273,VISIBLE,1.0,MANUAL_INTERVAL
788,27.48667945594093,VISIBLE,1.0,MANUAL_SHORT_RUN_REVIEW
789,27.521561028854563,VISIBLE,1.0,MANUAL_INTERVAL
790,27.556442601768193,VISIBLE,1.0,MANUAL_INTERVAL
791,27.591324174681823,VISIBLE,1.0,MANUAL_INTERVAL
792,27.626205747595453,VISIBLE,1.0,MANUAL_INTERVAL
793,27.661087320509086,VISIBLE,1.0,MANUAL_INTERVAL
794,27.695968893422716,VISIBLE,1.0,MANUAL_INTERVAL
795,27.730850466336346,VISIBLE,1.0,MANUAL_INTERVAL
796,27.765732039249976,VISIBLE,1.0,MANUAL_INTERVAL
797,27.800613612163605,VISIBLE,1.0,MANUAL_INTERVAL
798,27.83549518507724,VISIBLE,1.0,MANUAL_INTERVAL
799,27.87037675799087,VISIBLE,1.0,MANUAL_INTERVAL
800,27.9052583309045,VISIBLE,1.0,MANUAL_INTERVAL
801,27.940139903818128,VISIBLE,1.0,MANUAL_INTERVAL
802,27.97502147673176,VISIBLE,1.0,MANUAL_INTERVAL
803,28.00990304964539,VISIBLE,1.0,MANUAL_INTERVAL
804,28.04478462255902,VISIBLE,1.0,MANUAL_INTERVAL
805,28.07966619547265,VISIBLE,1.0,MANUAL_INTERVAL
806,28.114547768386284,VISIBLE,1.0,MANUAL_INTERVAL
807,28.149429341299914,VISIBLE,1.0,MANUAL_INTERVAL
808,28.184310914213544,VISIBLE,1.0,MANUAL_INTERVAL
809,28.219192487127174,VISIBLE,1.0,MANUAL_INTERVAL
810,28.254074060040804,VISIBLE,1.0,MANUAL_INTERVAL
811,28.288955632954437,VISIBLE,1.0,MANUAL_INTERVAL
812,28.323837205868067,VISIBLE,1.0,MANUAL_INTERVAL
813,28.358718778781697,VISIBLE,1.0,MANUAL_INTERVAL
814,28.393600351695326,VISIBLE,1.0,MANUAL_INTERVAL
815,28.42848192460896,VISIBLE,1.0,MANUAL_INTERVAL
816,28.46336349752259,VISIBLE,1.0,MANUAL_INTERVAL
817,28.49824507043622,VISIBLE,1.0,MANUAL_INTERVAL
818,28.53312664334985,VISIBLE,1.0,MANUAL_INTERVAL
819,28.568008216263483,VISIBLE,1.0,MANUAL_INTERVAL
820,28.602889789177112,VISIBLE,1.0,MANUAL_INTERVAL
821,28.637771362090742,VISIBLE,1.0,MANUAL_INTERVAL
822,28.672652935004372,VISIBLE,1.0,MANUAL_INTERVAL
823,28.707534507918,VISIBLE,1.0,MANUAL_INTERVAL
824,28.742416080831635,VISIBLE,1.0,MANUAL_INTERVAL
825,28.777297653745265,VISIBLE,1.0,MANUAL_INTERVAL
826,28.812179226658895,VISIBLE,1.0,MANUAL_INTERVAL
827,28.847060799572525,VISIBLE,1.0,MANUAL_INTERVAL
828,28.881942372486158,VISIBLE,1.0,MANUAL_INTERVAL
829,28.916823945399788,VISIBLE,1.0,MANUAL_INTERVAL
830,28.951705518313418,VISIBLE,1.0,MANUAL_INTERVAL
831,28.986587091227047,VISIBLE,1.0,MANUAL_INTERVAL
832,29.02146866414068,VISIBLE,1.0,MANUAL_INTERVAL
833,29.05635023705431,VISIBLE,1.0,MANUAL_INTERVAL
834,29.09123180996794,VISIBLE,1.0,MANUAL_INTERVAL
835,29.12611338288157,VISIBLE,1.0,MANUAL_INTERVAL
836,29.1609949557952,VISIBLE,1.0,MANUAL_INTERVAL
837,29.195876528708833,VISIBLE,1.0,MANUAL_INTERVAL
838,29.230758101622463,VISIBLE,1.0,MANUAL_INTERVAL
839,29.265639674536093,VISIBLE,1.0,MANUAL_INTERVAL
840,29.300521247449723,VISIBLE,1.0,MANUAL_INTERVAL
841,29.335402820363356,VISIBLE,1.0,MANUAL_INTERVAL
842,29.370284393276986,VISIBLE,1.0,MANUAL_INTERVAL
843,29.405165966190616,VISIBLE,1.0,MANUAL_INTERVAL
844,29.440047539104246,VISIBLE,1.0,MANUAL_INTERVAL
845,29.474929112017875,VISIBLE,1.0,MANUAL_INTERVAL
846,29.50981068493151,VISIBLE,1.0,MANUAL_INTERVAL
847,29.54469225784514,VISIBLE,1.0,MANUAL_INTERVAL
848,29.57957383075877,VISIBLE,1.0,MANUAL_INTERVAL
849,29.614455403672398,VISIBLE,1.0,MANUAL_INTERVAL
850,29.64933697658603,VISIBLE,1.0,MANUAL_INTERVAL
851,29.68421854949966,VISIBLE,1.0,MANUAL_INTERVAL
852,29.71910012241329,VISIBLE,1.0,MANUAL_INTERVAL
853,29.75398169532692,VISIBLE,1.0,MANUAL_INTERVAL
854,29.788863268240554,VISIBLE,1.0,MANUAL_INTERVAL
855,29.823744841154184,VISIBLE,1.0,MANUAL_INTERVAL
856,29.858626414067814,VISIBLE,1.0,MANUAL_INTERVAL
857,29.893507986981444,VISIBLE,1.0,MANUAL_INTERVAL
858,29.928389559895074,VISIBLE,1.0,MANUAL_INTERVAL
859,29.963271132808707,VISIBLE,1.0,MANUAL_INTERVAL
860,29.998152705722337,VISIBLE,1.0,MANUAL_INTERVAL
861,30.033034278635967,VISIBLE,1.0,MANUAL_INTERVAL
862,30.067915851549596,VISIBLE,1.0,MANUAL_INTERVAL
863,30.10279742446323,VISIBLE,1.0,MANUAL_INTERVAL
864,30.13767899737686,VISIBLE,1.0,MANUAL_INTERVAL
865,30.17256057029049,VISIBLE,1.0,MANUAL_INTERVAL
866,30.20744214320412,VISIBLE,1.0,MANUAL_INTERVAL
867,30.242323716117752,VISIBLE,1.0,MANUAL_INTERVAL
868,30.277205289031382,VISIBLE,1.0,MANUAL_INTERVAL
869,30.312086861945012,VISIBLE,1.0,MANUAL_INTERVAL
870,30.346968434858642,VISIBLE,1.0,MANUAL_INTERVAL
871,30.38185000777227,VISIBLE,1.0,MANUAL_INTERVAL
872,30.416731580685905,VISIBLE,1.0,MANUAL_INTERVAL
873,30.451613153599535,VISIBLE,1.0,MANUAL_INTERVAL
874,30.486494726513165,VISIBLE,1.0,MANUAL_INTERVAL
875,30.521376299426795,VISIBLE,1.0,MANUAL_INTERVAL
876,30.556257872340428,VISIBLE,1.0,MANUAL_INTERVAL
877,30.591139445254058,VISIBLE,1.0,MANUAL_INTERVAL
878,30.626021018167688,VISIBLE,1.0,MANUAL_INTERVAL
879,30.660902591081317,VISIBLE,1.0,MANUAL_INTERVAL
880,30.695784163994947,VISIBLE,1.0,MANUAL_INTERVAL
881,30.73066573690858,VISIBLE,1.0,MANUAL_INTERVAL
882,30.76554730982221,VISIBLE,1.0,MANUAL_INTERVAL
883,30.80042888273584,VISIBLE,1.0,MANUAL_INTERVAL
884,30.83531045564947,VISIBLE,1.0,MANUAL_INTERVAL
885,30.870192028563103,VISIBLE,1.0,MANUAL_INTERVAL
886,30.905073601476733,VISIBLE,1.0,MANUAL_INTERVAL
887,30.939955174390363,VISIBLE,1.0,MANUAL_INTERVAL
888,30.974836747303993,VISIBLE,1.0,MANUAL_INTERVAL
889,31.009718320217626,VISIBLE,1.0,MANUAL_INTERVAL
890,31.044599893131256,VISIBLE,1.0,MANUAL_INTERVAL
891,31.079481466044886,VISIBLE,1.0,MANUAL_INTERVAL
892,31.114363038958516,VISIBLE,1.0,MANUAL_INTERVAL
893,31.149244611872145,VISIBLE,1.0,MANUAL_INTERVAL
894,31.18412618478578,VISIBLE,1.0,MANUAL_INTERVAL
895,31.21900775769941,VISIBLE,1.0,MANUAL_INTERVAL
896,31.25388933061304,VISIBLE,1.0,MANUAL_INTERVAL
897,31.288770903526668,VISIBLE,1.0,MANUAL_INTERVAL
898,31.3236524764403,VISIBLE,1.0,MANUAL_INTERVAL
899,31.35853404935393,VISIBLE,1.0,MANUAL_INTERVAL
900,31.39341562226756,VISIBLE,1.0,MANUAL_INTERVAL
901,31.42829719518119,VISIBLE,1.0,MANUAL_INTERVAL
902,31.463178768094824,VISIBLE,1.0,MANUAL_INTERVAL
903,31.498060341008454,VISIBLE,1.0,MANUAL_INTERVAL
904,31.532941913922084,VISIBLE,1.0,MANUAL_INTERVAL
905,31.567823486835714,VISIBLE,1.0,MANUAL_INTERVAL
906,31.602705059749344,VISIBLE,1.0,MANUAL_INTERVAL
907,31.637586632662977,VISIBLE,1.0,MANUAL_INTERVAL
908,31.672468205576607,VISIBLE,1.0,MANUAL_INTERVAL
909,31.707349778490237,VISIBLE,1.0,MANUAL_INTERVAL
910,31.742231351403866,VISIBLE,1.0,MANUAL_INTERVAL
911,31.7771129243175,VISIBLE,1.0,MANUAL_INTERVAL
912,31.81199449723113,VISIBLE,1.0,MANUAL_INTERVAL
913,31.84687607014476,PARTIALLY_VISIBLE,,MANUAL_INTERVAL
914,31.88175764305839,PARTIALLY_VISIBLE,,MANUAL_INTERVAL
915,31.916639215972022,PARTIALLY_VISIBLE,,MANUAL_INTERVAL
916,31.951520788885652,PARTIALLY_VISIBLE,,MANUAL_INTERVAL
917,31.986402361799282,VISIBLE,1.0,MANUAL_INTERVAL
918,32.02128393471291,PARTIALLY_VISIBLE,,MANUAL_SHORT_RUN_REVIEW
919,32.056165507626545,PARTIALLY_VISIBLE,,MANUAL_SHORT_RUN_REVIEW
920,32.09104708054017,VISIBLE,1.0,MANUAL_INTERVAL
921,32.125928653453805,VISIBLE,1.0,MANUAL_INTERVAL
922,32.16081022636744,VISIBLE,1.0,MANUAL_INTERVAL
923,32.195691799281065,VISIBLE,1.0,MANUAL_INTERVAL
924,32.2305733721947,VISIBLE,1.0,MANUAL_INTERVAL
925,32.265454945108324,PARTIALLY_VISIBLE,,MANUAL_SHORT_RUN_REVIEW
926,32.30033651802196,PARTIALLY_VISIBLE,,MANUAL_SHORT_RUN_REVIEW
927,32.33521809093559,VISIBLE,1.0,MANUAL_INTERVAL
928,32.37009966384922,VISIBLE,1.0,MANUAL_INTERVAL
929,32.40498123676285,VISIBLE,1.0,MANUAL_INTERVAL
930,32.43986280967648,VISIBLE,1.0,MANUAL_INTERVAL
931,32.47474438259011,VISIBLE,1.0,MANUAL_INTERVAL
932,32.50962595550374,VISIBLE,1.0,MANUAL_INTERVAL
933,32.54450752841737,VISIBLE,1.0,MANUAL_INTERVAL
934,32.579389101331,VISIBLE,1.0,MANUAL_INTERVAL
935,32.614270674244636,VISIBLE,1.0,MANUAL_INTERVAL
936,32.64915224715826,VISIBLE,1.0,MANUAL_INTERVAL
937,32.684033820071896,VISIBLE,1.0,MANUAL_INTERVAL
938,32.71891539298552,VISIBLE,1.0,MANUAL_INTERVAL
939,32.753796965899156,VISIBLE,1.0,MANUAL_INTERVAL
940,32.78867853881279,VISIBLE,1.0,MANUAL_INTERVAL
941,32.823560111726415,VISIBLE,1.0,MANUAL_INTERVAL
942,32.85844168464005,VISIBLE,1.0,MANUAL_INTERVAL
943,32.893323257553675,VISIBLE,1.0,MANUAL_INTERVAL
944,32.92820483046731,VISIBLE,1.0,MANUAL_INTERVAL
945,32.96308640338094,VISIBLE,1.0,MANUAL_INTERVAL
946,32.99796797629457,VISIBLE,1.0,MANUAL_INTERVAL
947,33.0328495492082,VISIBLE,1.0,MANUAL_INTERVAL
948,33.067731122121835,VISIBLE,1.0,MANUAL_INTERVAL
949,33.10261269503546,VISIBLE,1.0,MANUAL_INTERVAL
950,33.137494267949094,VISIBLE,1.0,MANUAL_INTERVAL
951,33.17237584086272,VISIBLE,1.0,MANUAL_INTERVAL
952,33.207257413776354,VISIBLE,1.0,MANUAL_INTERVAL
953,33.24213898668999,VISIBLE,1.0,MANUAL_INTERVAL
954,33.27702055960361,VISIBLE,1.0,MANUAL_INTERVAL
955,33.31190213251725,VISIBLE,1.0,MANUAL_INTERVAL
956,33.34678370543087,VISIBLE,1.0,MANUAL_INTERVAL
957,33.38166527834451,VISIBLE,1.0,MANUAL_INTERVAL
958,33.41654685125814,VISIBLE,1.0,MANUAL_INTERVAL
959,33.451428424171766,VISIBLE,1.0,MANUAL_INTERVAL
960,33.4863099970854,VISIBLE,1.0,MANUAL_INTERVAL
961,33.52119156999903,VISIBLE,1.0,MANUAL_INTERVAL
962,33.55607314291266,VISIBLE,1.0,MANUAL_INTERVAL
963,33.59095471582629,VISIBLE,1.0,MANUAL_INTERVAL
964,33.62583628873992,VISIBLE,1.0,MANUAL_INTERVAL
965,33.66071786165355,VISIBLE,1.0,MANUAL_INTERVAL
966,33.695599434567185,VISIBLE,1.0,MANUAL_INTERVAL
967,33.73048100748081,VISIBLE,1.0,MANUAL_INTERVAL
968,33.765362580394445,VISIBLE,1.0,MANUAL_INTERVAL
969,33.80024415330807,VISIBLE,1.0,MANUAL_INTERVAL
970,33.835125726221705,VISIBLE,1.0,MANUAL_INTERVAL
971,33.87000729913534,IN_SHELTER,0.0,MANUAL_INTERVAL
972,33.904888872048964,IN_SHELTER,0.0,MANUAL_INTERVAL
973,33.9397704449626,IN_SHELTER,0.0,MANUAL_INTERVAL
974,33.97465201787623,IN_SHELTER,0.0,MANUAL_INTERVAL
975,34.00953359078986,IN_SHELTER,0.0,MANUAL_INTERVAL
976,34.04441516370349,IN_SHELTER,0.0,MANUAL_INTERVAL
977,34.07929673661712,IN_SHELTER,0.0,MANUAL_INTERVAL
978,34.11417830953075,IN_SHELTER,0.0,MANUAL_INTERVAL
979,34.149059882444384,IN_SHELTER,0.0,MANUAL_INTERVAL
980,34.18394145535801,IN_SHELTER,0.0,MANUAL_INTERVAL
981,34.21882302827164,IN_SHELTER,0.0,MANUAL_INTERVAL
982,34.25370460118527,IN_SHELTER,0.0,MANUAL_INTERVAL
983,34.2885861740989,IN_SHELTER,0.0,MANUAL_INTERVAL
984,34.323467747012536,IN_SHELTER,0.0,MANUAL_INTERVAL
985,34.35834931992616,IN_SHELTER,0.0,MANUAL_INTERVAL
986,34.393230892839796,IN_SHELTER,0.0,MANUAL_INTERVAL
987,34.42811246575342,IN_SHELTER,0.0,MANUAL_INTERVAL
988,34.462994038667055,IN_SHELTER,0.0,MANUAL_INTERVAL
989,34.49787561158069,IN_SHELTER,0.0,MANUAL_INTERVAL
990,34.532757184494315,IN_SHELTER,0.0,MANUAL_INTERVAL
991,34.56763875740795,IN_SHELTER,0.0,MANUAL_INTERVAL
992,34.60252033032158,IN_SHELTER,0.0,MANUAL_INTERVAL
993,34.63740190323521,IN_SHELTER,0.0,MANUAL_INTERVAL
994,34.67228347614884,IN_SHELTER,0.0,MANUAL_INTERVAL
995,34.70716504906247,IN_SHELTER,0.0,MANUAL_INTERVAL
996,34.7420466219761,IN_SHELTER,0.0,MANUAL_INTERVAL
997,34.776928194889734,IN_SHELTER,0.0,MANUAL_INTERVAL
998,34.81180976780336,IN_SHELTER,0.0,MANUAL_INTERVAL
999,34.846691340716994,IN_SHELTER,0.0,MANUAL_INTERVAL
1000,34.88157291363062,IN_SHELTER,0.0,MANUAL_INTERVAL
1001,34.916454486544254,IN_SHELTER,0.0,MANUAL_INTERVAL
1002,34.95133605945789,IN_SHELTER,0.0,MANUAL_INTERVAL
1003,34.98621763237151,IN_SHELTER,0.0,MANUAL_INTERVAL
1004,35.02109920528515,IN_SHELTER,0.0,MANUAL_INTERVAL
1005,35.05598077819878,IN_SHELTER,0.0,MANUAL_INTERVAL
1006,35.090862351112406,IN_SHELTER,0.0,MANUAL_INTERVAL
1007,35.12574392402604,IN_SHELTER,0.0,MANUAL_INTERVAL
1008,35.160625496939666,IN_SHELTER,0.0,MANUAL_INTERVAL
1009,35.1955070698533,IN_SHELTER,0.0,MANUAL_INTERVAL
1010,35.23038864276693,IN_SHELTER,0.0,MANUAL_INTERVAL
1011,35.26527021568056,IN_SHELTER,0.0,MANUAL_INTERVAL
1012,35.30015178859419,IN_SHELTER,0.0,MANUAL_INTERVAL
1013,35.33503336150782,IN_SHELTER,0.0,MANUAL_INTERVAL
1014,35.36991493442145,IN_SHELTER,0.0,MANUAL_INTERVAL
1015,35.404796507335085,IN_SHELTER,0.0,MANUAL_INTERVAL
1016,35.43967808024871,IN_SHELTER,0.0,MANUAL_INTERVAL
1017,35.474559653162345,IN_SHELTER,0.0,MANUAL_INTERVAL
1018,35.50944122607598,IN_SHELTER,0.0,MANUAL_INTERVAL
1019,35.544322798989604,IN_SHELTER,0.0,MANUAL_INTERVAL
1020,35.57920437190324,IN_SHELTER,0.0,MANUAL_INTERVAL
1021,35.614085944816864,IN_SHELTER,0.0,MANUAL_INTERVAL
1022,35.6489675177305,IN_SHELTER,0.0,MANUAL_INTERVAL
1023,35.68384909064413,IN_SHELTER,0.0,MANUAL_INTERVAL
1024,35.71873066355776,IN_SHELTER,0.0,MANUAL_INTERVAL
1025,35.75361223647139,IN_SHELTER,0.0,MANUAL_INTERVAL
1026,35.78849380938502,IN_SHELTER,0.0,MANUAL_INTERVAL
1027,35.82337538229865,IN_SHELTER,0.0,MANUAL_INTERVAL
1028,35.85825695521228,IN_SHELTER,0.0,MANUAL_INTERVAL
1029,35.89313852812591,IN_SHELTER,0.0,MANUAL_INTERVAL
1030,35.92802010103954,IN_SHELTER,0.0,MANUAL_INTERVAL
1031,35.962901673953176,IN_SHELTER,0.0,MANUAL_INTERVAL
1032,35.9977832468668,IN_SHELTER,0.0,MANUAL_INTERVAL
1033,36.032664819780436,IN_SHELTER,0.0,MANUAL_INTERVAL
1034,36.06754639269406,IN_SHELTER,0.0,MANUAL_INTERVAL
1035,36.102427965607696,IN_SHELTER,0.0,MANUAL_INTERVAL
1036,36.13730953852133,IN_SHELTER,0.0,MANUAL_INTERVAL
1037,36.172191111434955,IN_SHELTER,0.0,MANUAL_INTERVAL
1038,36.20707268434859,IN_SHELTER,0.0,MANUAL_INTERVAL
1039,36.241954257262215,IN_SHELTER,0.0,MANUAL_INTERVAL
1040,36.27683583017585,IN_SHELTER,0.0,MANUAL_INTERVAL
1041,36.31171740308948,IN_SHELTER,0.0,MANUAL_INTERVAL
1042,36.34659897600311,IN_SHELTER,0.0,MANUAL_INTERVAL
1043,36.38148054891674,IN_SHELTER,0.0,MANUAL_INTERVAL
1044,36.416362121830375,IN_SHELTER,0.0,MANUAL_INTERVAL
1045,36.451243694744,IN_SHELTER,0.0,MANUAL_INTERVAL
1046,36.486125267657634,IN_SHELTER,0.0,MANUAL_INTERVAL
1047,36.52100684057126,IN_SHELTER,0.0,MANUAL_INTERVAL
1048,36.555888413484894,IN_SHELTER,0.0,MANUAL_INTERVAL
1049,36.59076998639853,IN_SHELTER,0.0,MANUAL_INTERVAL
1050,36.62565155931215,IN_SHELTER,0.0,MANUAL_INTERVAL
1051,36.66053313222579,IN_SHELTER,0.0,MANUAL_INTERVAL
1052,36.69541470513941,IN_SHELTER,0.0,MANUAL_INTERVAL
1053,36.730296278053046,IN_SHELTER,0.0,MANUAL_INTERVAL
1054,36.76517785096668,IN_SHELTER,0.0,MANUAL_INTERVAL
1055,36.800059423880306,IN_SHELTER,0.0,MANUAL_INTERVAL
1056,36.83494099679394,IN_SHELTER,0.0,MANUAL_INTERVAL
1057,36.86982256970757,IN_SHELTER,0.0,MANUAL_INTERVAL
1058,36.9047041426212,IN_SHELTER,0.0,MANUAL_INTERVAL
1059,36.93958571553483,IN_SHELTER,0.0,MANUAL_INTERVAL
1060,36.97446728844846,IN_SHELTER,0.0,MANUAL_INTERVAL
1061,37.00934886136209,IN_SHELTER,0.0,MANUAL_INTERVAL
1062,37.044230434275725,IN_SHELTER,0.0,MANUAL_INTERVAL
1063,37.07911200718935,IN_SHELTER,0.0,MANUAL_INTERVAL
1064,37.113993580102985,IN_SHELTER,0.0,MANUAL_INTERVAL
1065,37.14887515301661,IN_SHELTER,0.0,MANUAL_INTERVAL
1066,37.183756725930245,IN_SHELTER,0.0,MANUAL_INTERVAL
1067,37.21863829884388,IN_SHELTER,0.0,MANUAL_INTERVAL
1068,37.253519871757504,IN_SHELTER,0.0,MANUAL_INTERVAL
1069,37.28840144467114,IN_SHELTER,0.0,MANUAL_INTERVAL
1070,37.323283017584764,IN_SHELTER,0.0,MANUAL_INTERVAL
1071,37.3581645904984,IN_SHELTER,0.0,MANUAL_INTERVAL
1072,37.39304616341203,IN_SHELTER,0.0,MANUAL_INTERVAL
1073,37.42792773632566,IN_SHELTER,0.0,MANUAL_INTERVAL
1074,37.46280930923929,IN_SHELTER,0.0,MANUAL_INTERVAL
1075,37.497690882152924,IN_SHELTER,0.0,MANUAL_INTERVAL
1076,37.53257245506655,IN_SHELTER,0.0,MANUAL_INTERVAL
1077,37.56745402798018,IN_SHELTER,0.0,MANUAL_INTERVAL
1078,37.60233560089381,IN_SHELTER,0.0,MANUAL_INTERVAL
1079,37.63721717380744,IN_SHELTER,0.0,MANUAL_INTERVAL
1080,37.672098746721076,IN_SHELTER,0.0,MANUAL_INTERVAL
1081,37.7069803196347,IN_SHELTER,0.0,MANUAL_INTERVAL
1082,37.741861892548336,IN_SHELTER,0.0,MANUAL_INTERVAL
1083,37.77674346546196,IN_SHELTER,0.0,MANUAL_INTERVAL
1084,37.811625038375595,IN_SHELTER,0.0,MANUAL_INTERVAL
1085,37.84650661128923,IN_SHELTER,0.0,MANUAL_INTERVAL
1086,37.881388184202855,IN_SHELTER,0.0,MANUAL_INTERVAL
1087,37.91626975711649,IN_SHELTER,0.0,MANUAL_INTERVAL
1088,37.95115133003012,IN_SHELTER,0.0,MANUAL_INTERVAL
1089,37.98603290294375,IN_SHELTER,0.0,MANUAL_INTERVAL
1090,38.02091447585738,IN_SHELTER,0.0,MANUAL_INTERVAL
1091,38.05579604877101,IN_SHELTER,0.0,MANUAL_INTERVAL
1092,38.09067762168464,IN_SHELTER,0.0,MANUAL_INTERVAL
1093,38.125559194598274,IN_SHELTER,0.0,MANUAL_INTERVAL
1094,38.1604407675119,IN_SHELTER,0.0,MANUAL_INTERVAL
1095,38.195322340425534,IN_SHELTER,0.0,MANUAL_INTERVAL
1096,38.23020391333916,IN_SHELTER,0.0,MANUAL_INTERVAL
1097,38.265085486252794,IN_SHELTER,0.0,MANUAL_INTERVAL
1098,38.29996705916643,IN_SHELTER,0.0,MANUAL_INTERVAL
1099,38.33484863208005,IN_SHELTER,0.0,MANUAL_INTERVAL
1100,38.36973020499369,IN_SHELTER,0.0,MANUAL_INTERVAL
1101,38.40461177790732,IN_SHELTER,0.0,MANUAL_INTERVAL
1102,38.439493350820946,IN_SHELTER,0.0,MANUAL_INTERVAL
1103,38.47437492373458,IN_SHELTER,0.0,MANUAL_INTERVAL
1104,38.509256496648206,IN_SHELTER,0.0,MANUAL_INTERVAL
1105,38.54413806956184,IN_SHELTER,0.0,MANUAL_INTERVAL
1106,38.57901964247547,IN_SHELTER,0.0,MANUAL_INTERVAL
1107,38.6139012153891,IN_SHELTER,0.0,MANUAL_INTERVAL
1108,38.64878278830273,IN_SHELTER,0.0,MANUAL_INTERVAL
1109,38.68366436121636,IN_SHELTER,0.0,MANUAL_INTERVAL
1110,38.71854593412999,IN_SHELTER,0.0,MANUAL_INTERVAL
1111,38.753427507043625,IN_SHELTER,0.0,MANUAL_INTERVAL
1112,38.78830907995725,IN_SHELTER,0.0,MANUAL_INTERVAL
1113,38.823190652870885,IN_SHELTER,0.0,MANUAL_INTERVAL
1114,38.85807222578452,IN_SHELTER,0.0,MANUAL_INTERVAL
1115,38.892953798698144,IN_SHELTER,0.0,MANUAL_INTERVAL
1116,38.92783537161178,IN_SHELTER,0.0,MANUAL_INTERVAL
1117,38.962716944525404,IN_SHELTER,0.0,MANUAL_INTERVAL
1118,38.99759851743904,IN_SHELTER,0.0,MANUAL_INTERVAL
1119,39.03248009035267,IN_SHELTER,0.0,MANUAL_INTERVAL
1120,39.0673616632663,IN_SHELTER,0.0,MANUAL_INTERVAL
1121,39.10224323617993,IN_SHELTER,0.0,MANUAL_INTERVAL
1122,39.13712480909356,IN_SHELTER,0.0,MANUAL_INTERVAL
1123,39.17200638200719,IN_SHELTER,0.0,MANUAL_INTERVAL
1124,39.20688795492082,IN_SHELTER,0.0,MANUAL_INTERVAL
1125,39.24176952783445,IN_SHELTER,0.0,MANUAL_INTERVAL
1126,39.27665110074808,IN_SHELTER,0.0,MANUAL_INTERVAL
1127,39.311532673661716,IN_SHELTER,0.0,MANUAL_INTERVAL
1128,39.34641424657534,IN_SHELTER,0.0,MANUAL_INTERVAL
1129,39.381295819488976,IN_SHELTER,0.0,MANUAL_INTERVAL
1130,39.4161773924026,IN_SHELTER,0.0,MANUAL_INTERVAL
1131,39.451058965316236,IN_SHELTER,0.0,MANUAL_INTERVAL
1132,39.48594053822987,IN_SHELTER,0.0,MANUAL_INTERVAL
1133,39.520822111143495,IN_SHELTER,0.0,MANUAL_INTERVAL
1134,39.55570368405713,IN_SHELTER,0.0,MANUAL_INTERVAL
1135,39.590585256970755,IN_SHELTER,0.0,MANUAL_INTERVAL
1136,39.62546682988439,IN_SHELTER,0.0,MANUAL_INTERVAL
1137,39.66034840279802,IN_SHELTER,0.0,MANUAL_INTERVAL
1138,39.69522997571165,IN_SHELTER,0.0,MANUAL_INTERVAL
1139,39.73011154862528,IN_SHELTER,0.0,MANUAL_INTERVAL
1140,39.764993121538915,IN_SHELTER,0.0,MANUAL_INTERVAL
1141,39.79987469445254,IN_SHELTER,0.0,MANUAL_INTERVAL
1142,39.834756267366174,IN_SHELTER,0.0,MANUAL_INTERVAL
1143,39.8696378402798,IN_SHELTER,0.0,MANUAL_INTERVAL
1144,39.904519413193434,IN_SHELTER,0.0,MANUAL_INTERVAL
1145,39.93940098610707,IN_SHELTER,0.0,MANUAL_INTERVAL
1146,39.97428255902069,IN_SHELTER,0.0,MANUAL_INTERVAL
1147,40.00916413193433,IN_SHELTER,0.0,MANUAL_INTERVAL
1148,40.04404570484795,IN_SHELTER,0.0,MANUAL_INTERVAL
1149,40.078927277761586,IN_SHELTER,0.0,MANUAL_INTERVAL
1150,40.11380885067522,IN_SHELTER,0.0,MANUAL_INTERVAL
1151,40.148690423588846,IN_SHELTER,0.0,MANUAL_INTERVAL
1152,40.18357199650248,IN_SHELTER,0.0,MANUAL_INTERVAL
1153,40.21845356941611,IN_SHELTER,0.0,MANUAL_INTERVAL
1154,40.25333514232974,IN_SHELTER,0.0,MANUAL_INTERVAL
1155,40.28821671524337,IN_SHELTER,0.0,MANUAL_INTERVAL
1156,40.323098288157,IN_SHELTER,0.0,MANUAL_INTERVAL
1157,40.35797986107063,IN_SHELTER,0.0,MANUAL_INTERVAL
1158,40.392861433984265,IN_SHELTER,0.0,MANUAL_INTERVAL
1159,40.42774300689789,IN_SHELTER,0.0,MANUAL_INTERVAL
1160,40.462624579811525,IN_SHELTER,0.0,MANUAL_INTERVAL
1161,40.49750615272515,IN_SHELTER,0.0,MANUAL_INTERVAL
1162,40.532387725638785,IN_SHELTER,0.0,MANUAL_INTERVAL
1163,40.56726929855242,IN_SHELTER,0.0,MANUAL_INTERVAL
1164,40.602150871466044,IN_SHELTER,0.0,MANUAL_INTERVAL
1165,40.63703244437968,IN_SHELTER,0.0,MANUAL_INTERVAL
1166,40.671914017293304,IN_SHELTER,0.0,MANUAL_INTERVAL
1167,40.70679559020694,IN_SHELTER,0.0,MANUAL_INTERVAL
1168,40.74167716312057,IN_SHELTER,0.0,MANUAL_INTERVAL
1169,40.7765587360342,IN_SHELTER,0.0,MANUAL_INTERVAL
1170,40.81144030894783,IN_SHELTER,0.0,MANUAL_INTERVAL
1171,40.84632188186146,IN_SHELTER,0.0,MANUAL_INTERVAL
1172,40.88120345477509,IN_SHELTER,0.0,MANUAL_INTERVAL
1173,40.91608502768872,IN_SHELTER,0.0,MANUAL_INTERVAL
1174,40.95096660060235,IN_SHELTER,0.0,MANUAL_INTERVAL
1175,40.98584817351598,IN_SHELTER,0.0,MANUAL_INTERVAL
1176,41.020729746429616,IN_SHELTER,0.0,MANUAL_INTERVAL
1177,41.05561131934324,IN_SHELTER,0.0,MANUAL_INTERVAL
1178,41.090492892256876,IN_SHELTER,0.0,MANUAL_INTERVAL
1179,41.1253744651705,IN_SHELTER,0.0,MANUAL_INTERVAL
1180,41.160256038084135,IN_SHELTER,0.0,MANUAL_INTERVAL
1181,41.19513761099777,IN_SHELTER,0.0,MANUAL_INTERVAL
1182,41.230019183911395,IN_SHELTER,0.0,MANUAL_INTERVAL
1183,41.26490075682503,IN_SHELTER,0.0,MANUAL_INTERVAL
1184,41.29978232973866,IN_SHELTER,0.0,MANUAL_INTERVAL
1185,41.33466390265229,IN_SHELTER,0.0,MANUAL_INTERVAL
1186,41.36954547556592,IN_SHELTER,0.0,MANUAL_INTERVAL
1187,41.40442704847955,IN_SHELTER,0.0,MANUAL_INTERVAL
1188,41.43930862139318,IN_SHELTER,0.0,MANUAL_INTERVAL
1189,41.474190194306814,IN_SHELTER,0.0,MANUAL_INTERVAL
1190,41.50907176722044,IN_SHELTER,0.0,MANUAL_INTERVAL
1191,41.543953340134074,IN_SHELTER,0.0,MANUAL_INTERVAL
1192,41.5788349130477,IN_SHELTER,0.0,MANUAL_INTERVAL
1193,41.61371648596133,IN_SHELTER,0.0,MANUAL_INTERVAL
1194,41.64859805887497,IN_SHELTER,0.0,MANUAL_INTERVAL
1195,41.68347963178859,IN_SHELTER,0.0,MANUAL_INTERVAL
1196,41.71836120470223,IN_SHELTER,0.0,MANUAL_INTERVAL
1197,41.75324277761586,IN_SHELTER,0.0,MANUAL_INTERVAL
1198,41.788124350529486,IN_SHELTER,0.0,MANUAL_INTERVAL
1199,41.82300592344312,IN_SHELTER,0.0,MANUAL_INTERVAL
1200,41.857887496356746,IN_SHELTER,0.0,MANUAL_INTERVAL
1201,41.89276906927038,IN_SHELTER,0.0,MANUAL_INTERVAL
1202,41.92765064218401,IN_SHELTER,0.0,MANUAL_INTERVAL
1203,41.96253221509764,IN_SHELTER,0.0,MANUAL_INTERVAL
1204,41.99741378801127,IN_SHELTER,0.0,MANUAL_INTERVAL
1205,42.0322953609249,IN_SHELTER,0.0,MANUAL_INTERVAL
1206,42.06717693383853,IN_SHELTER,0.0,MANUAL_INTERVAL
1207,42.102058506752165,IN_SHELTER,0.0,MANUAL_INTERVAL
1208,42.13694007966579,IN_SHELTER,0.0,MANUAL_INTERVAL
1209,42.171821652579425,IN_SHELTER,0.0,MANUAL_INTERVAL
1210,42.20670322549306,IN_SHELTER,0.0,MANUAL_INTERVAL
1211,42.241584798406684,IN_SHELTER,0.0,MANUAL_INTERVAL
1212,42.27646637132032,IN_SHELTER,0.0,MANUAL_INTERVAL
1213,42.311347944233944,IN_SHELTER,0.0,MANUAL_INTERVAL
1214,42.34622951714758,IN_SHELTER,0.0,MANUAL_INTERVAL
1215,42.38111109006121,IN_SHELTER,0.0,MANUAL_INTERVAL
1216,42.41599266297484,IN_SHELTER,0.0,MANUAL_INTERVAL
1217,42.45087423588847,IN_SHELTER,0.0,MANUAL_INTERVAL
1218,42.4857558088021,IN_SHELTER,0.0,MANUAL_INTERVAL
1219,42.52063738171573,IN_SHELTER,0.0,MANUAL_INTERVAL
1220,42.55551895462936,IN_SHELTER,0.0,MANUAL_INTERVAL
1221,42.59040052754299,IN_SHELTER,0.0,MANUAL_INTERVAL
1222,42.62528210045662,IN_SHELTER,0.0,MANUAL_INTERVAL
1223,42.660163673370256,IN_SHELTER,0.0,MANUAL_INTERVAL
1224,42.69504524628388,IN_SHELTER,0.0,MANUAL_INTERVAL
1225,42.729926819197516,IN_SHELTER,0.0,MANUAL_INTERVAL
1226,42.76480839211114,IN_SHELTER,0.0,MANUAL_INTERVAL
1227,42.799689965024776,IN_SHELTER,0.0,MANUAL_INTERVAL
1228,42.83457153793841,IN_SHELTER,0.0,MANUAL_INTERVAL
1229,42.869453110852035,IN_SHELTER,0.0,MANUAL_INTERVAL
1230,42.90433468376567,IN_SHELTER,0.0,MANUAL_INTERVAL
1231,42.939216256679295,IN_SHELTER,0.0,MANUAL_INTERVAL
1232,42.97409782959293,IN_SHELTER,0.0,MANUAL_INTERVAL
1233,43.00897940250656,IN_SHELTER,0.0,MANUAL_INTERVAL
1234,43.04386097542019,IN_SHELTER,0.0,MANUAL_INTERVAL
1235,43.07874254833382,IN_SHELTER,0.0,MANUAL_INTERVAL
1236,43.113624121247454,IN_SHELTER,0.0,MANUAL_INTERVAL
1237,43.14850569416108,IN_SHELTER,0.0,MANUAL_INTERVAL
1238,43.183387267074714,IN_SHELTER,0.0,MANUAL_INTERVAL
1239,43.21826883998834,IN_SHELTER,0.0,MANUAL_INTERVAL
1240,43.253150412901974,IN_SHELTER,0.0,MANUAL_INTERVAL
1241,43.28803198581561,IN_SHELTER,0.0,MANUAL_INTERVAL
1242,43.32291355872923,IN_SHELTER,0.0,MANUAL_INTERVAL
1243,43.35779513164287,IN_SHELTER,0.0,MANUAL_INTERVAL
1244,43.39267670455649,IN_SHELTER,0.0,MANUAL_INTERVAL
1245,43.427558277470126,IN_SHELTER,0.0,MANUAL_INTERVAL
1246,43.46243985038376,IN_SHELTER,0.0,MANUAL_INTERVAL
1247,43.497321423297386,IN_SHELTER,0.0,MANUAL_INTERVAL
1248,43.53220299621102,IN_SHELTER,0.0,MANUAL_INTERVAL
1249,43.567084569124646,IN_SHELTER,0.0,MANUAL_INTERVAL
1250,43.60196614203828,IN_SHELTER,0.0,MANUAL_INTERVAL
1251,43.63684771495191,IN_SHELTER,0.0,MANUAL_INTERVAL
1252,43.67172928786554,IN_SHELTER,0.0,MANUAL_INTERVAL
1253,43.70661086077917,IN_SHELTER,0.0,MANUAL_INTERVAL
1254,43.741492433692805,IN_SHELTER,0.0,MANUAL_INTERVAL
1255,43.77637400660643,IN_SHELTER,0.0,MANUAL_INTERVAL
1256,43.811255579520065,IN_SHELTER,0.0,MANUAL_INTERVAL
1257,43.84613715243369,IN_SHELTER,0.0,MANUAL_INTERVAL
1258,43.881018725347325,IN_SHELTER,0.0,MANUAL_INTERVAL
1259,43.91590029826096,IN_SHELTER,0.0,MANUAL_INTERVAL
1260,43.950781871174584,IN_SHELTER,0.0,MANUAL_INTERVAL
1261,43.98566344408822,IN_SHELTER,0.0,MANUAL_INTERVAL
1262,44.020545017001844,IN_SHELTER,0.0,MANUAL_INTERVAL
1263,44.05542658991548,IN_SHELTER,0.0,MANUAL_INTERVAL
1264,44.09030816282911,IN_SHELTER,0.0,MANUAL_INTERVAL
1265,44.12518973574274,IN_SHELTER,0.0,MANUAL_INTERVAL
1266,44.16007130865637,IN_SHELTER,0.0,MANUAL_INTERVAL
1267,44.19495288157,IN_SHELTER,0.0,MANUAL_INTERVAL
1268,44.22983445448363,IN_SHELTER,0.0,MANUAL_INTERVAL
1269,44.26471602739726,IN_SHELTER,0.0,MANUAL_INTERVAL
1270,44.29959760031089,IN_SHELTER,0.0,MANUAL_INTERVAL
1271,44.33447917322452,IN_SHELTER,0.0,MANUAL_INTERVAL
1272,44.369360746138156,IN_SHELTER,0.0,MANUAL_INTERVAL
1273,44.40424231905178,IN_SHELTER,0.0,MANUAL_INTERVAL
1274,44.439123891965416,IN_SHELTER,0.0,MANUAL_INTERVAL
1275,44.47400546487904,IN_SHELTER,0.0,MANUAL_INTERVAL
1276,44.508887037792675,IN_SHELTER,0.0,MANUAL_INTERVAL
1277,44.54376861070631,IN_SHELTER,0.0,MANUAL_INTERVAL
1278,44.578650183619935,IN_SHELTER,0.0,MANUAL_INTERVAL
1279,44.61353175653357,IN_SHELTER,0.0,MANUAL_INTERVAL
1280,44.6484133294472,IN_SHELTER,0.0,MANUAL_INTERVAL
1281,44.68329490236083,IN_SHELTER,0.0,MANUAL_INTERVAL
1282,44.71817647527446,IN_SHELTER,0.0,MANUAL_INTERVAL
1283,44.75305804818809,IN_SHELTER,0.0,MANUAL_INTERVAL
1284,44.78793962110172,IN_SHELTER,0.0,MANUAL_INTERVAL
1285,44.822821194015354,IN_SHELTER,0.0,MANUAL_INTERVAL
1286,44.85770276692898,IN_SHELTER,0.0,MANUAL_INTERVAL
1287,44.892584339842614,IN_SHELTER,0.0,MANUAL_INTERVAL
1288,44.92746591275624,IN_SHELTER,0.0,MANUAL_INTERVAL
1289,44.96234748566987,IN_SHELTER,0.0,MANUAL_INTERVAL
1290,44.99722905858351,IN_SHELTER,0.0,MANUAL_INTERVAL
1291,45.03211063149713,IN_SHELTER,0.0,MANUAL_INTERVAL
1292,45.06699220441077,IN_SHELTER,0.0,MANUAL_INTERVAL
1293,45.1018737773244,IN_SHELTER,0.0,MANUAL_INTERVAL
1294,45.136755350238026,IN_SHELTER,0.0,MANUAL_INTERVAL
1295,45.17163692315166,IN_SHELTER,0.0,MANUAL_INTERVAL
1296,45.206518496065286,IN_SHELTER,0.0,MANUAL_INTERVAL
1297,45.24140006897892,IN_SHELTER,0.0,MANUAL_INTERVAL
1298,45.27628164189255,IN_SHELTER,0.0,MANUAL_INTERVAL
1299,45.31116321480618,IN_SHELTER,0.0,MANUAL_INTERVAL
1300,45.34604478771981,IN_SHELTER,0.0,MANUAL_INTERVAL
1301,45.38092636063344,IN_SHELTER,0.0,MANUAL_INTERVAL
1302,45.41580793354707,IN_SHELTER,0.0,MANUAL_INTERVAL
1303,45.450689506460705,IN_SHELTER,0.0,MANUAL_INTERVAL
1304,45.48557107937433,IN_SHELTER,0.0,MANUAL_INTERVAL
1305,45.520452652287965,IN_SHELTER,0.0,MANUAL_INTERVAL
1306,45.5553342252016,IN_SHELTER,0.0,MANUAL_INTERVAL
1307,45.590215798115224,IN_SHELTER,0.0,MANUAL_INTERVAL
1308,45.62509737102886,IN_SHELTER,0.0,MANUAL_INTERVAL
1309,45.659978943942484,IN_SHELTER,0.0,MANUAL_INTERVAL
1310,45.69486051685612,IN_SHELTER,0.0,MANUAL_INTERVAL
1311,45.72974208976975,IN_SHELTER,0.0,MANUAL_INTERVAL
1312,45.76462366268338,IN_SHELTER,0.0,MANUAL_INTERVAL
1313,45.79950523559701,IN_SHELTER,0.0,MANUAL_INTERVAL
1314,45.83438680851064,IN_SHELTER,0.0,MANUAL_INTERVAL
1315,45.86926838142427,IN_SHELTER,0.0,MANUAL_INTERVAL
1316,45.9041499543379,IN_SHELTER,0.0,MANUAL_INTERVAL
1317,45.93903152725153,IN_SHELTER,0.0,MANUAL_INTERVAL
1318,45.97391310016516,IN_SHELTER,0.0,MANUAL_INTERVAL
1319,46.008794673078796,IN_SHELTER,0.0,MANUAL_INTERVAL
1320,46.04367624599242,IN_SHELTER,0.0,MANUAL_INTERVAL
1321,46.078557818906056,IN_SHELTER,0.0,MANUAL_INTERVAL
1322,46.11343939181968,IN_SHELTER,0.0,MANUAL_INTERVAL
1323,46.148320964733315,IN_SHELTER,0.0,MANUAL_INTERVAL
1324,46.18320253764695,IN_SHELTER,0.0,MANUAL_INTERVAL
1325,46.218084110560575,IN_SHELTER,0.0,MANUAL_INTERVAL
1326,46.25296568347421,IN_SHELTER,0.0,MANUAL_INTERVAL
1327,46.287847256387835,IN_SHELTER,0.0,MANUAL_INTERVAL
1328,46.32272882930147,IN_SHELTER,0.0,MANUAL_INTERVAL
1329,46.3576104022151,IN_SHELTER,0.0,MANUAL_INTERVAL
1330,46.39249197512873,IN_SHELTER,0.0,MANUAL_INTERVAL
1331,46.42737354804236,IN_SHELTER,0.0,MANUAL_INTERVAL
1332,46.46225512095599,IN_SHELTER,0.0,MANUAL_INTERVAL
1333,46.49713669386962,IN_SHELTER,0.0,MANUAL_INTERVAL
1334,46.532018266783254,IN_SHELTER,0.0,MANUAL_INTERVAL
1335,46.56689983969688,IN_SHELTER,0.0,MANUAL_INTERVAL
1336,46.601781412610514,IN_SHELTER,0.0,MANUAL_INTERVAL
1337,46.63666298552415,IN_SHELTER,0.0,MANUAL_INTERVAL
1338,46.67154455843777,IN_SHELTER,0.0,MANUAL_INTERVAL
1339,46.70642613135141,IN_SHELTER,0.0,MANUAL_INTERVAL
1340,46.74130770426503,IN_SHELTER,0.0,MANUAL_INTERVAL
1341,46.776189277178666,IN_SHELTER,0.0,MANUAL_INTERVAL
1342,46.8110708500923,IN_SHELTER,0.0,MANUAL_INTERVAL
1343,46.845952423005926,IN_SHELTER,0.0,MANUAL_INTERVAL
1344,46.88083399591956,IN_SHELTER,0.0,MANUAL_INTERVAL
1345,46.915715568833186,IN_SHELTER,0.0,MANUAL_INTERVAL
1346,46.95059714174682,IN_SHELTER,0.0,MANUAL_INTERVAL
1347,46.98547871466045,IN_SHELTER,0.0,MANUAL_INTERVAL
1348,47.02036028757408,IN_SHELTER,0.0,MANUAL_INTERVAL
1349,47.05524186048771,IN_SHELTER,0.0,MANUAL_INTERVAL
1350,47.090123433401345,IN_SHELTER,0.0,MANUAL_INTERVAL
1351,47.12500500631497,IN_SHELTER,0.0,MANUAL_INTERVAL
1352,47.159886579228605,IN_SHELTER,0.0,MANUAL_INTERVAL
1353,47.19476815214223,IN_SHELTER,0.0,MANUAL_INTERVAL
1354,47.229649725055864,IN_SHELTER,0.0,MANUAL_INTERVAL
1355,47.2645312979695,IN_SHELTER,0.0,MANUAL_INTERVAL
1356,47.299412870883124,IN_SHELTER,0.0,MANUAL_INTERVAL
1357,47.33429444379676,IN_SHELTER,0.0,MANUAL_INTERVAL
1358,47.369176016710384,IN_SHELTER,0.0,MANUAL_INTERVAL
1359,47.40405758962402,IN_SHELTER,0.0,MANUAL_INTERVAL
1360,47.43893916253765,IN_SHELTER,0.0,MANUAL_INTERVAL
1361,47.47382073545128,IN_SHELTER,0.0,MANUAL_INTERVAL
1362,47.50870230836491,IN_SHELTER,0.0,MANUAL_INTERVAL
1363,47.54358388127854,IN_SHELTER,0.0,MANUAL_INTERVAL
1364,47.57846545419217,IN_SHELTER,0.0,MANUAL_INTERVAL
1365,47.6133470271058,IN_SHELTER,0.0,MANUAL_INTERVAL
1366,47.64822860001943,IN_SHELTER,0.0,MANUAL_INTERVAL
1367,47.68311017293306,IN_SHELTER,0.0,MANUAL_INTERVAL
1368,47.717991745846696,IN_SHELTER,0.0,MANUAL_INTERVAL
1369,47.75287331876032,IN_SHELTER,0.0,MANUAL_INTERVAL
1370,47.787754891673956,IN_SHELTER,0.0,MANUAL_INTERVAL
1371,47.82263646458758,IN_SHELTER,0.0,MANUAL_INTERVAL
1372,47.857518037501215,IN_SHELTER,0.0,MANUAL_INTERVAL
1373,47.89239961041485,IN_SHELTER,0.0,MANUAL_INTERVAL
1374,47.927281183328475,IN_SHELTER,0.0,MANUAL_INTERVAL
1375,47.96216275624211,IN_SHELTER,0.0,MANUAL_INTERVAL
1376,47.99704432915574,IN_SHELTER,0.0,MANUAL_INTERVAL
1377,48.03192590206937,IN_SHELTER,0.0,MANUAL_INTERVAL
1378,48.066807474983,IN_SHELTER,0.0,MANUAL_INTERVAL
1379,48.10168904789663,IN_SHELTER,0.0,MANUAL_INTERVAL
1380,48.13657062081026,IN_SHELTER,0.0,MANUAL_INTERVAL
1381,48.171452193723894,IN_SHELTER,0.0,MANUAL_INTERVAL
1382,48.20633376663752,IN_SHELTER,0.0,MANUAL_INTERVAL
1383,48.241215339551154,IN_SHELTER,0.0,MANUAL_INTERVAL
1384,48.27609691246478,IN_SHELTER,0.0,MANUAL_INTERVAL
1385,48.31097848537841,IN_SHELTER,0.0,MANUAL_INTERVAL
1386,48.34586005829205,IN_SHELTER,0.0,MANUAL_INTERVAL
1387,48.38074163120567,IN_SHELTER,0.0,MANUAL_INTERVAL
1388,48.415623204119306,IN_SHELTER,0.0,MANUAL_INTERVAL
1389,48.45050477703294,IN_SHELTER,0.0,MANUAL_INTERVAL
1390,48.485386349946566,IN_SHELTER,0.0,MANUAL_INTERVAL
1391,48.5202679228602,IN_SHELTER,0.0,MANUAL_INTERVAL
1392,48.555149495773826,IN_SHELTER,0.0,MANUAL_INTERVAL
1393,48.59003106868746,IN_SHELTER,0.0,MANUAL_INTERVAL
1394,48.62491264160109,IN_SHELTER,0.0,MANUAL_INTERVAL
1395,48.65979421451472,IN_SHELTER,0.0,MANUAL_INTERVAL
1396,48.69467578742835,IN_SHELTER,0.0,MANUAL_INTERVAL
1397,48.72955736034198,IN_SHELTER,0.0,MANUAL_INTERVAL
1398,48.76443893325561,IN_SHELTER,0.0,MANUAL_INTERVAL
1399,48.799320506169245,IN_SHELTER,0.0,MANUAL_INTERVAL
1400,48.83420207908287,IN_SHELTER,0.0,MANUAL_INTERVAL
1401,48.869083651996505,IN_SHELTER,0.0,MANUAL_INTERVAL
1402,48.90396522491014,IN_SHELTER,0.0,MANUAL_INTERVAL
1403,48.938846797823764,IN_SHELTER,0.0,MANUAL_INTERVAL
1404,48.9737283707374,IN_SHELTER,0.0,MANUAL_INTERVAL
1405,49.008609943651024,IN_SHELTER,0.0,MANUAL_INTERVAL
1406,49.04349151656466,IN_SHELTER,0.0,MANUAL_INTERVAL
1407,49.07837308947829,IN_SHELTER,0.0,MANUAL_INTERVAL
1408,49.11325466239192,IN_SHELTER,0.0,MANUAL_INTERVAL
1409,49.14813623530555,IN_SHELTER,0.0,MANUAL_INTERVAL
1410,49.18301780821918,IN_SHELTER,0.0,MANUAL_INTERVAL
1411,49.21789938113281,IN_SHELTER,0.0,MANUAL_INTERVAL
1412,49.25278095404644,IN_SHELTER,0.0,MANUAL_INTERVAL
1413,49.28766252696007,IN_SHELTER,0.0,MANUAL_INTERVAL
1414,49.3225440998737,IN_SHELTER,0.0,MANUAL_INTERVAL
1415,49.35742567278733,IN_SHELTER,0.0,MANUAL_INTERVAL
1416,49.39230724570096,IN_SHELTER,0.0,MANUAL_INTERVAL
1417,49.427188818614596,IN_SHELTER,0.0,MANUAL_INTERVAL
1418,49.46207039152822,IN_SHELTER,0.0,MANUAL_INTERVAL
1419,49.496951964441855,IN_SHELTER,0.0,MANUAL_INTERVAL
1420,49.53183353735549,IN_SHELTER,0.0,MANUAL_INTERVAL
1421,49.566715110269115,IN_SHELTER,0.0,MANUAL_INTERVAL
1422,49.60159668318275,IN_SHELTER,0.0,MANUAL_INTERVAL
1423,49.636478256096375,IN_SHELTER,0.0,MANUAL_INTERVAL
1424,49.67135982901001,IN_SHELTER,0.0,MANUAL_INTERVAL
1425,49.70624140192364,IN_SHELTER,0.0,MANUAL_INTERVAL
1426,49.74112297483727,IN_SHELTER,0.0,MANUAL_INTERVAL
1427,49.7760045477509,IN_SHELTER,0.0,MANUAL_INTERVAL
1428,49.81088612066453,IN_SHELTER,0.0,MANUAL_INTERVAL
1429,49.84576769357816,IN_SHELTER,0.0,MANUAL_INTERVAL
1430,49.880649266491794,IN_SHELTER,0.0,MANUAL_INTERVAL
1431,49.91553083940542,IN_SHELTER,0.0,MANUAL_INTERVAL
1432,49.950412412319054,IN_SHELTER,0.0,MANUAL_INTERVAL
1433,49.98529398523269,IN_SHELTER,0.0,MANUAL_INTERVAL
1434,50.02017555814631,IN_SHELTER,0.0,MANUAL_INTERVAL
1435,50.05505713105995,IN_SHELTER,0.0,MANUAL_INTERVAL
1436,50.08993870397357,IN_SHELTER,0.0,MANUAL_INTERVAL
1437,50.124820276887206,IN_SHELTER,0.0,MANUAL_INTERVAL
1438,50.15970184980084,IN_SHELTER,0.0,MANUAL_INTERVAL
1439,50.194583422714466,IN_SHELTER,0.0,MANUAL_INTERVAL
1440,50.2294649956281,IN_SHELTER,0.0,MANUAL_INTERVAL
1441,50.264346568541725,IN_SHELTER,0.0,MANUAL_INTERVAL
1442,50.29922814145536,IN_SHELTER,0.0,MANUAL_INTERVAL
1443,50.33410971436899,IN_SHELTER,0.0,MANUAL_INTERVAL
1444,50.36899128728262,IN_SHELTER,0.0,MANUAL_INTERVAL
1445,50.40387286019625,IN_SHELTER,0.0,MANUAL_INTERVAL
1446,50.438754433109885,IN_SHELTER,0.0,MANUAL_INTERVAL
1447,50.47363600602351,IN_SHELTER,0.0,MANUAL_INTERVAL
1448,50.508517578937145,IN_SHELTER,0.0,MANUAL_INTERVAL
1449,50.54339915185077,IN_SHELTER,0.0,MANUAL_INTERVAL
1450,50.578280724764404,IN_SHELTER,0.0,MANUAL_INTERVAL
1451,50.61316229767804,IN_SHELTER,0.0,MANUAL_INTERVAL
1452,50.648043870591664,IN_SHELTER,0.0,MANUAL_INTERVAL
1453,50.6829254435053,IN_SHELTER,0.0,MANUAL_INTERVAL
1454,50.717807016418924,IN_SHELTER,0.0,MANUAL_INTERVAL
1455,50.75268858933256,IN_SHELTER,0.0,MANUAL_INTERVAL
1456,50.78757016224619,IN_SHELTER,0.0,MANUAL_INTERVAL
1457,50.82245173515982,IN_SHELTER,0.0,MANUAL_INTERVAL
1458,50.85733330807345,IN_SHELTER,0.0,MANUAL_INTERVAL
1459,50.89221488098708,IN_SHELTER,0.0,MANUAL_INTERVAL
1460,50.92709645390071,IN_SHELTER,0.0,MANUAL_INTERVAL
1461,50.96197802681434,IN_SHELTER,0.0,MANUAL_INTERVAL
1462,50.99685959972797,IN_SHELTER,0.0,MANUAL_INTERVAL
1463,51.0317411726416,IN_SHELTER,0.0,MANUAL_INTERVAL
1464,51.066622745555236,IN_SHELTER,0.0,MANUAL_INTERVAL
1465,51.10150431846886,IN_SHELTER,0.0,MANUAL_INTERVAL
1466,51.136385891382496,IN_SHELTER,0.0,MANUAL_INTERVAL
1467,51.17126746429612,IN_SHELTER,0.0,MANUAL_INTERVAL
1468,51.206149037209755,IN_SHELTER,0.0,MANUAL_INTERVAL
1469,51.24103061012339,IN_SHELTER,0.0,MANUAL_INTERVAL
1470,51.275912183037015,IN_SHELTER,0.0,MANUAL_INTERVAL
1471,51.31079375595065,IN_SHELTER,0.0,MANUAL_INTERVAL
1472,51.34567532886428,IN_SHELTER,0.0,MANUAL_INTERVAL
1473,51.38055690177791,IN_SHELTER,0.0,MANUAL_INTERVAL
1474,51.41543847469154,IN_SHELTER,0.0,MANUAL_INTERVAL
1475,51.45032004760517,IN_SHELTER,0.0,MANUAL_INTERVAL
1476,51.4852016205188,IN_SHELTER,0.0,MANUAL_INTERVAL
1477,51.520083193432434,IN_SHELTER,0.0,MANUAL_INTERVAL
1478,51.55496476634606,IN_SHELTER,0.0,MANUAL_INTERVAL
1479,51.589846339259694,IN_SHELTER,0.0,MANUAL_INTERVAL
1480,51.62472791217332,IN_SHELTER,0.0,MANUAL_INTERVAL
1481,51.65960948508695,IN_SHELTER,0.0,MANUAL_INTERVAL
1482,51.69449105800059,IN_SHELTER,0.0,MANUAL_INTERVAL
1483,51.72937263091421,IN_SHELTER,0.0,MANUAL_INTERVAL
1484,51.764254203827846,IN_SHELTER,0.0,MANUAL_INTERVAL
1485,51.79913577674148,IN_SHELTER,0.0,MANUAL_INTERVAL
1486,51.834017349655106,IN_SHELTER,0.0,MANUAL_INTERVAL
1487,51.86889892256874,IN_SHELTER,0.0,MANUAL_INTERVAL
1488,51.903780495482366,IN_SHELTER,0.0,MANUAL_INTERVAL
1489,51.938662068396,IN_SHELTER,0.0,MANUAL_INTERVAL
1490,51.97354364130963,IN_SHELTER,0.0,MANUAL_INTERVAL
1491,52.00842521422326,IN_SHELTER,0.0,MANUAL_INTERVAL
1492,52.04330678713689,IN_SHELTER,0.0,MANUAL_INTERVAL
1493,52.07818836005052,IN_SHELTER,0.0,MANUAL_INTERVAL
1494,52.11306993296415,IN_SHELTER,0.0,MANUAL_INTERVAL
1495,52.147951505877785,IN_SHELTER,0.0,MANUAL_INTERVAL
1496,52.18283307879141,IN_SHELTER,0.0,MANUAL_INTERVAL
1497,52.217714651705045,IN_SHELTER,0.0,MANUAL_INTERVAL
1498,52.25259622461867,IN_SHELTER,0.0,MANUAL_INTERVAL
1499,52.287477797532304,IN_SHELTER,0.0,MANUAL_INTERVAL
1500,52.32235937044594,IN_SHELTER,0.0,MANUAL_INTERVAL
1501,52.357240943359564,IN_SHELTER,0.0,MANUAL_INTERVAL
1502,52.3921225162732,IN_SHELTER,0.0,MANUAL_INTERVAL
1503,52.42700408918683,IN_SHELTER,0.0,MANUAL_INTERVAL
1504,52.46188566210046,IN_SHELTER,0.0,MANUAL_INTERVAL
1505,52.49676723501409,IN_SHELTER,0.0,MANUAL_INTERVAL
1506,52.531648807927716,IN_SHELTER,0.0,MANUAL_INTERVAL
1507,52.56653038084135,IN_SHELTER,0.0,MANUAL_INTERVAL
1508,52.60141195375498,IN_SHELTER,0.0,MANUAL_INTERVAL
1509,52.63629352666861,IN_SHELTER,0.0,MANUAL_INTERVAL
1510,52.67117509958224,IN_SHELTER,0.0,MANUAL_INTERVAL
1511,52.70605667249587,IN_SHELTER,0.0,MANUAL_INTERVAL
1512,52.7409382454095,IN_SHELTER,0.0,MANUAL_INTERVAL
1513,52.775819818323136,IN_SHELTER,0.0,MANUAL_INTERVAL
1514,52.81070139123676,IN_SHELTER,0.0,MANUAL_INTERVAL
1515,52.845582964150395,IN_SHELTER,0.0,MANUAL_INTERVAL
1516,52.88046453706403,IN_SHELTER,0.0,MANUAL_INTERVAL
1517,52.915346109977655,IN_SHELTER,0.0,MANUAL_INTERVAL
1518,52.95022768289129,IN_SHELTER,0.0,MANUAL_INTERVAL
1519,52.985109255804915,IN_SHELTER,0.0,MANUAL_INTERVAL
1520,53.01999082871855,IN_SHELTER,0.0,MANUAL_INTERVAL
1521,53.05487240163218,IN_SHELTER,0.0,MANUAL_INTERVAL
1522,53.08975397454581,IN_SHELTER,0.0,MANUAL_INTERVAL
1523,53.12463554745944,IN_SHELTER,0.0,MANUAL_INTERVAL
1524,53.15951712037307,IN_SHELTER,0.0,MANUAL_INTERVAL
1525,53.1943986932867,IN_SHELTER,0.0,MANUAL_INTERVAL
1526,53.229280266200334,IN_SHELTER,0.0,MANUAL_INTERVAL
1527,53.26416183911396,IN_SHELTER,0.0,MANUAL_INTERVAL
1528,53.29904341202759,IN_SHELTER,0.0,MANUAL_INTERVAL
1529,53.33392498494123,IN_SHELTER,0.0,MANUAL_INTERVAL
1530,53.36880655785485,IN_SHELTER,0.0,MANUAL_INTERVAL
1531,53.40368813076849,IN_SHELTER,0.0,MANUAL_INTERVAL
1532,53.43856970368211,IN_SHELTER,0.0,MANUAL_INTERVAL
1533,53.473451276595746,IN_SHELTER,0.0,MANUAL_INTERVAL
1534,53.50833284950938,IN_SHELTER,0.0,MANUAL_INTERVAL
1535,53.543214422423006,IN_SHELTER,0.0,MANUAL_INTERVAL
1536,53.57809599533664,IN_SHELTER,0.0,MANUAL_INTERVAL
1537,53.612977568250265,IN_SHELTER,0.0,MANUAL_INTERVAL
1538,53.6478591411639,IN_SHELTER,0.0,MANUAL_INTERVAL
1539,53.68274071407753,IN_SHELTER,0.0,MANUAL_INTERVAL
1540,53.71762228699116,IN_SHELTER,0.0,MANUAL_INTERVAL
1541,53.75250385990479,IN_SHELTER,0.0,MANUAL_INTERVAL
1542,53.787385432818425,IN_SHELTER,0.0,MANUAL_INTERVAL
1543,53.82226700573205,IN_SHELTER,0.0,MANUAL_INTERVAL
1544,53.857148578645685,IN_SHELTER,0.0,MANUAL_INTERVAL
1545,53.89203015155931,IN_SHELTER,0.0,MANUAL_INTERVAL
1546,53.926911724472944,IN_SHELTER,0.0,MANUAL_INTERVAL
1547,53.96179329738658,IN_SHELTER,0.0,MANUAL_INTERVAL
1548,53.996674870300204,IN_SHELTER,0.0,MANUAL_INTERVAL
1549,54.03155644321384,IN_SHELTER,0.0,MANUAL_INTERVAL
1550,54.066438016127464,IN_SHELTER,0.0,MANUAL_INTERVAL
1551,54.1013195890411,IN_SHELTER,0.0,MANUAL_INTERVAL
1552,54.13620116195473,IN_SHELTER,0.0,MANUAL_INTERVAL
1553,54.17108273486836,IN_SHELTER,0.0,MANUAL_INTERVAL
1554,54.20596430778199,IN_SHELTER,0.0,MANUAL_INTERVAL
1555,54.24084588069562,IN_SHELTER,0.0,MANUAL_INTERVAL
1556,54.27572745360925,IN_SHELTER,0.0,MANUAL_INTERVAL
1557,54.31060902652288,IN_SHELTER,0.0,MANUAL_INTERVAL
1558,54.34549059943651,IN_SHELTER,0.0,MANUAL_INTERVAL
1559,54.38037217235014,IN_SHELTER,0.0,MANUAL_INTERVAL
1560,54.415253745263776,IN_SHELTER,0.0,MANUAL_INTERVAL
1561,54.4501353181774,IN_SHELTER,0.0,MANUAL_INTERVAL
1562,54.485016891091036,IN_SHELTER,0.0,MANUAL_INTERVAL
1563,54.51989846400466,IN_SHELTER,0.0,MANUAL_INTERVAL
1564,54.554780036918295,IN_SHELTER,0.0,MANUAL_INTERVAL
1565,54.58966160983193,IN_SHELTER,0.0,MANUAL_INTERVAL
1566,54.624543182745555,IN_SHELTER,0.0,MANUAL_INTERVAL
1567,54.65942475565919,IN_SHELTER,0.0,MANUAL_INTERVAL
1568,54.69430632857282,IN_SHELTER,0.0,MANUAL_INTERVAL
1569,54.72918790148645,IN_SHELTER,0.0,MANUAL_INTERVAL
1570,54.76406947440008,IN_SHELTER,0.0,MANUAL_INTERVAL
1571,54.79895104731371,IN_SHELTER,0.0,MANUAL_INTERVAL
1572,54.83383262022734,IN_SHELTER,0.0,MANUAL_INTERVAL
1573,54.868714193140974,IN_SHELTER,0.0,MANUAL_INTERVAL
1574,54.9035957660546,IN_SHELTER,0.0,MANUAL_INTERVAL
1575,54.938477338968234,IN_SHELTER,0.0,MANUAL_INTERVAL
1576,54.97335891188186,IN_SHELTER,0.0,MANUAL_INTERVAL
1577,55.00824048479549,IN_SHELTER,0.0,MANUAL_INTERVAL
1578,55.04312205770913,IN_SHELTER,0.0,MANUAL_INTERVAL
1579,55.07800363062275,IN_SHELTER,0.0,MANUAL_INTERVAL
1580,55.112885203536386,IN_SHELTER,0.0,MANUAL_INTERVAL
1581,55.14776677645002,IN_SHELTER,0.0,MANUAL_INTERVAL
1582,55.182648349363646,IN_SHELTER,0.0,MANUAL_INTERVAL
1583,55.21752992227728,IN_SHELTER,0.0,MANUAL_INTERVAL
1584,55.252411495190906,IN_SHELTER,0.0,MANUAL_INTERVAL
1585,55.28729306810454,IN_SHELTER,0.0,MANUAL_INTERVAL
1586,55.32217464101817,IN_SHELTER,0.0,MANUAL_INTERVAL
1587,55.3570562139318,IN_SHELTER,0.0,MANUAL_INTERVAL
1588,55.39193778684543,IN_SHELTER,0.0,MANUAL_INTERVAL
1589,55.42681935975906,IN_SHELTER,0.0,MANUAL_INTERVAL
1590,55.46170093267269,IN_SHELTER,0.0,MANUAL_INTERVAL
1591,55.496582505586325,IN_SHELTER,0.0,MANUAL_INTERVAL
1592,55.53146407849995,IN_SHELTER,0.0,MANUAL_INTERVAL
1593,55.566345651413585,IN_SHELTER,0.0,MANUAL_INTERVAL
1594,55.60122722432721,IN_SHELTER,0.0,MANUAL_INTERVAL
1595,55.636108797240844,IN_SHELTER,0.0,MANUAL_INTERVAL
1596,55.67099037015448,IN_SHELTER,0.0,MANUAL_INTERVAL
1597,55.705871943068104,IN_SHELTER,0.0,MANUAL_INTERVAL
1598,55.74075351598174,IN_SHELTER,0.0,MANUAL_INTERVAL
1599,55.77563508889537,IN_SHELTER,0.0,MANUAL_INTERVAL
1600,55.810516661809,IN_SHELTER,0.0,MANUAL_INTERVAL
1601,55.84539823472263,IN_SHELTER,0.0,MANUAL_INTERVAL
1602,55.880279807636256,IN_SHELTER,0.0,MANUAL_INTERVAL
1603,55.91516138054989,IN_SHELTER,0.0,MANUAL_INTERVAL
1604,55.95004295346352,IN_SHELTER,0.0,MANUAL_INTERVAL
1605,55.98492452637715,IN_SHELTER,0.0,MANUAL_INTERVAL
1606,56.01980609929078,IN_SHELTER,0.0,MANUAL_INTERVAL
1607,56.05468767220441,IN_SHELTER,0.0,MANUAL_INTERVAL
1608,56.08956924511804,IN_SHELTER,0.0,MANUAL_INTERVAL
1609,56.124450818031676,IN_SHELTER,0.0,MANUAL_INTERVAL
1610,56.1593323909453,IN_SHELTER,0.0,MANUAL_INTERVAL
1611,56.194213963858935,IN_SHELTER,0.0,MANUAL_INTERVAL
1612,56.22909553677257,IN_SHELTER,0.0,MANUAL_INTERVAL
1613,56.263977109686195,IN_SHELTER,0.0,MANUAL_INTERVAL
1614,56.29885868259983,IN_SHELTER,0.0,MANUAL_INTERVAL
1615,56.333740255513455,IN_SHELTER,0.0,MANUAL_INTERVAL
1616,56.36862182842709,IN_SHELTER,0.0,MANUAL_INTERVAL
1617,56.40350340134072,IN_SHELTER,0.0,MANUAL_INTERVAL
1618,56.43838497425435,IN_SHELTER,0.0,MANUAL_INTERVAL
1619,56.47326654716798,IN_SHELTER,0.0,MANUAL_INTERVAL
1620,56.50814812008161,IN_SHELTER,0.0,MANUAL_INTERVAL
1621,56.54302969299524,IN_SHELTER,0.0,MANUAL_INTERVAL
1622,56.577911265908874,IN_SHELTER,0.0,MANUAL_INTERVAL
1623,56.6127928388225,IN_SHELTER,0.0,MANUAL_INTERVAL
1624,56.64767441173613,IN_SHELTER,0.0,MANUAL_INTERVAL
1625,56.68255598464977,IN_SHELTER,0.0,MANUAL_INTERVAL
1626,56.71743755756339,IN_SHELTER,0.0,MANUAL_INTERVAL
1627,56.75231913047703,IN_SHELTER,0.0,MANUAL_INTERVAL
1628,56.78720070339065,IN_SHELTER,0.0,MANUAL_INTERVAL
1629,56.822082276304286,IN_SHELTER,0.0,MANUAL_INTERVAL
1630,56.85696384921792,IN_SHELTER,0.0,MANUAL_INTERVAL
1631,56.891845422131546,IN_SHELTER,0.0,MANUAL_INTERVAL
1632,56.92672699504518,IN_SHELTER,0.0,MANUAL_INTERVAL
1633,56.961608567958805,IN_SHELTER,0.0,MANUAL_INTERVAL
1634,56.99649014087244,IN_SHELTER,0.0,MANUAL_INTERVAL
1635,57.03137171378607,IN_SHELTER,0.0,MANUAL_INTERVAL
1636,57.0662532866997,IN_SHELTER,0.0,MANUAL_INTERVAL
1637,57.10113485961333,IN_SHELTER,0.0,MANUAL_INTERVAL
1638,57.136016432526965,IN_SHELTER,0.0,MANUAL_INTERVAL
1639,57.17089800544059,IN_SHELTER,0.0,MANUAL_INTERVAL
1640,57.205779578354225,IN_SHELTER,0.0,MANUAL_INTERVAL
1641,57.24066115126785,IN_SHELTER,0.0,MANUAL_INTERVAL
1642,57.275542724181484,IN_SHELTER,0.0,MANUAL_INTERVAL
1643,57.31042429709512,IN_SHELTER,0.0,MANUAL_INTERVAL
1644,57.345305870008744,IN_SHELTER,0.0,MANUAL_INTERVAL
1645,57.38018744292238,IN_SHELTER,0.0,MANUAL_INTERVAL
1646,57.415069015836,IN_SHELTER,0.0,MANUAL_INTERVAL
1647,57.44995058874964,IN_SHELTER,0.0,MANUAL_INTERVAL
1648,57.48483216166327,IN_SHELTER,0.0,MANUAL_INTERVAL
1649,57.5197137345769,IN_SHELTER,0.0,MANUAL_INTERVAL
1650,57.55459530749053,IN_SHELTER,0.0,MANUAL_INTERVAL
1651,57.58947688040416,IN_SHELTER,0.0,MANUAL_INTERVAL
1652,57.62435845331779,IN_SHELTER,0.0,MANUAL_INTERVAL
1653,57.65924002623142,IN_SHELTER,0.0,MANUAL_INTERVAL
1654,57.69412159914505,IN_SHELTER,0.0,MANUAL_INTERVAL
1655,57.72900317205868,IN_SHELTER,0.0,MANUAL_INTERVAL
1656,57.763884744972316,IN_SHELTER,0.0,MANUAL_INTERVAL
1657,57.79876631788594,IN_SHELTER,0.0,MANUAL_INTERVAL
1658,57.833647890799575,IN_SHELTER,0.0,MANUAL_INTERVAL
1659,57.8685294637132,IN_SHELTER,0.0,MANUAL_INTERVAL
1660,57.903411036626835,IN_SHELTER,0.0,MANUAL_INTERVAL
1661,57.93829260954047,IN_SHELTER,0.0,MANUAL_INTERVAL
1662,57.973174182454095,IN_SHELTER,0.0,MANUAL_INTERVAL
1663,58.00805575536773,IN_SHELTER,0.0,MANUAL_INTERVAL
1664,58.04293732828136,IN_SHELTER,0.0,MANUAL_INTERVAL
1665,58.07781890119499,IN_SHELTER,0.0,MANUAL_INTERVAL
1666,58.11270047410862,IN_SHELTER,0.0,MANUAL_INTERVAL
1667,58.14758204702225,IN_SHELTER,0.0,MANUAL_INTERVAL
1668,58.18246361993588,IN_SHELTER,0.0,MANUAL_INTERVAL
1669,58.217345192849514,IN_SHELTER,0.0,MANUAL_INTERVAL
1670,58.25222676576314,IN_SHELTER,0.0,MANUAL_INTERVAL
1671,58.287108338676774,IN_SHELTER,0.0,MANUAL_INTERVAL
1672,58.3219899115904,IN_SHELTER,0.0,MANUAL_INTERVAL
1673,58.35687148450403,IN_SHELTER,0.0,MANUAL_INTERVAL
1674,58.39175305741767,IN_SHELTER,0.0,MANUAL_INTERVAL
1675,58.42663463033129,IN_SHELTER,0.0,MANUAL_INTERVAL
1676,58.461516203244926,IN_SHELTER,0.0,MANUAL_INTERVAL
1677,58.49639777615855,IN_SHELTER,0.0,MANUAL_INTERVAL
1678,58.531279349072186,IN_SHELTER,0.0,MANUAL_INTERVAL
1679,58.56616092198582,IN_SHELTER,0.0,MANUAL_INTERVAL
1680,58.601042494899446,IN_SHELTER,0.0,MANUAL_INTERVAL
1681,58.63592406781308,IN_SHELTER,0.0,MANUAL_INTERVAL
1682,58.67080564072671,IN_SHELTER,0.0,MANUAL_INTERVAL
1683,58.70568721364034,IN_SHELTER,0.0,MANUAL_INTERVAL
1684,58.74056878655397,IN_SHELTER,0.0,MANUAL_INTERVAL
1685,58.7754503594676,IN_SHELTER,0.0,MANUAL_INTERVAL
1686,58.81033193238123,IN_SHELTER,0.0,MANUAL_INTERVAL
1687,58.845213505294865,IN_SHELTER,0.0,MANUAL_INTERVAL
1688,58.88009507820849,IN_SHELTER,0.0,MANUAL_INTERVAL
1689,58.914976651122124,IN_SHELTER,0.0,MANUAL_INTERVAL
1690,58.94985822403575,IN_SHELTER,0.0,MANUAL_INTERVAL
1691,58.984739796949384,IN_SHELTER,0.0,MANUAL_INTERVAL
1692,59.01962136986302,IN_SHELTER,0.0,MANUAL_INTERVAL
1693,59.054502942776644,IN_SHELTER,0.0,MANUAL_INTERVAL
1694,59.08938451569028,IN_SHELTER,0.0,MANUAL_INTERVAL
1695,59.12426608860391,IN_SHELTER,0.0,MANUAL_INTERVAL
1696,59.15914766151754,IN_SHELTER,0.0,MANUAL_INTERVAL
1697,59.19402923443117,IN_SHELTER,0.0,MANUAL_INTERVAL
1698,59.228910807344796,IN_SHELTER,0.0,MANUAL_INTERVAL
1699,59.26379238025843,IN_SHELTER,0.0,MANUAL_INTERVAL
1700,59.29867395317206,IN_SHELTER,0.0,MANUAL_INTERVAL
1701,59.33355552608569,IN_SHELTER,0.0,MANUAL_INTERVAL
1702,59.36843709899932,IN_SHELTER,0.0,MANUAL_INTERVAL
1703,59.40331867191295,IN_SHELTER,0.0,MANUAL_INTERVAL
1704,59.43820024482658,IN_SHELTER,0.0,MANUAL_INTERVAL
1705,59.473081817740216,IN_SHELTER,0.0,MANUAL_INTERVAL
1706,59.50796339065384,IN_SHELTER,0.0,MANUAL_INTERVAL
1707,59.542844963567475,IN_SHELTER,0.0,MANUAL_INTERVAL
1708,59.57772653648111,IN_SHELTER,0.0,MANUAL_INTERVAL
1709,59.612608109394735,IN_SHELTER,0.0,MANUAL_INTERVAL
1710,59.64748968230837,IN_SHELTER,0.0,MANUAL_INTERVAL
1711,59.682371255221994,IN_SHELTER,0.0,MANUAL_INTERVAL
1712,59.71725282813563,IN_SHELTER,0.0,MANUAL_INTERVAL
1713,59.75213440104926,IN_SHELTER,0.0,MANUAL_INTERVAL
1714,59.78701597396289,IN_SHELTER,0.0,MANUAL_INTERVAL
1715,59.82189754687652,IN_SHELTER,0.0,MANUAL_INTERVAL
1716,59.85677911979015,IN_SHELTER,0.0,MANUAL_INTERVAL
1717,59.89166069270378,IN_SHELTER,0.0,MANUAL_INTERVAL
1718,59.926542265617414,IN_SHELTER,0.0,MANUAL_INTERVAL
1719,59.96142383853104,IN_SHELTER,0.0,MANUAL_INTERVAL
1720,59.99630541144467,IN_SHELTER,0.0,MANUAL_INTERVAL
1721,60.03118698435831,IN_SHELTER,0.0,MANUAL_INTERVAL
1722,60.06606855727193,IN_SHELTER,0.0,MANUAL_INTERVAL
1723,60.100950130185566,IN_SHELTER,0.0,MANUAL_INTERVAL
1724,60.13583170309919,IN_SHELTER,0.0,MANUAL_INTERVAL
1725,60.170713276012826,IN_SHELTER,0.0,MANUAL_INTERVAL
1726,60.20559484892646,IN_SHELTER,0.0,MANUAL_INTERVAL
1727,60.240476421840086,IN_SHELTER,0.0,MANUAL_INTERVAL
1728,60.27535799475372,IN_SHELTER,0.0,MANUAL_INTERVAL
1729,60.310239567667345,IN_SHELTER,0.0,MANUAL_INTERVAL
1730,60.34512114058098,IN_SHELTER,0.0,MANUAL_INTERVAL
1731,60.38000271349461,IN_SHELTER,0.0,MANUAL_INTERVAL
1732,60.41488428640824,IN_SHELTER,0.0,MANUAL_INTERVAL
1733,60.44976585932187,IN_SHELTER,0.0,MANUAL_INTERVAL
1734,60.484647432235505,IN_SHELTER,0.0,MANUAL_INTERVAL
1735,60.51952900514913,IN_SHELTER,0.0,MANUAL_INTERVAL
1736,60.554410578062765,IN_SHELTER,0.0,MANUAL_INTERVAL
1737,60.58929215097639,IN_SHELTER,0.0,MANUAL_INTERVAL
1738,60.624173723890024,IN_SHELTER,0.0,MANUAL_INTERVAL
1739,60.65905529680366,IN_SHELTER,0.0,MANUAL_INTERVAL
1740,60.693936869717284,IN_SHELTER,0.0,MANUAL_INTERVAL
1741,60.72881844263092,IN_SHELTER,0.0,MANUAL_INTERVAL
1742,60.76370001554454,IN_SHELTER,0.0,MANUAL_INTERVAL
1743,60.79858158845818,IN_SHELTER,0.0,MANUAL_INTERVAL
1744,60.83346316137181,IN_SHELTER,0.0,MANUAL_INTERVAL
1745,60.86834473428544,IN_SHELTER,0.0,MANUAL_INTERVAL
1746,60.90322630719907,IN_SHELTER,0.0,MANUAL_INTERVAL
1747,60.9381078801127,IN_SHELTER,0.0,MANUAL_INTERVAL
1748,60.97298945302633,IN_SHELTER,0.0,MANUAL_INTERVAL
1749,61.00787102593996,IN_SHELTER,0.0,MANUAL_INTERVAL
1750,61.04275259885359,IN_SHELTER,0.0,MANUAL_INTERVAL
1751,61.07763417176722,IN_SHELTER,0.0,MANUAL_INTERVAL
1752,61.112515744680856,IN_SHELTER,0.0,MANUAL_INTERVAL
1753,61.14739731759448,IN_SHELTER,0.0,MANUAL_INTERVAL
1754,61.182278890508115,IN_SHELTER,0.0,MANUAL_INTERVAL
1755,61.21716046342174,IN_SHELTER,0.0,MANUAL_INTERVAL
1756,61.252042036335375,IN_SHELTER,0.0,MANUAL_INTERVAL
1757,61.28692360924901,IN_SHELTER,0.0,MANUAL_INTERVAL
1758,61.321805182162635,IN_SHELTER,0.0,MANUAL_INTERVAL
1759,61.35668675507627,IN_SHELTER,0.0,MANUAL_INTERVAL
1760,61.391568327989894,IN_SHELTER,0.0,MANUAL_INTERVAL
1761,61.42644990090353,IN_SHELTER,0.0,MANUAL_INTERVAL
1762,61.46133147381716,IN_SHELTER,0.0,MANUAL_INTERVAL
1763,61.49621304673079,IN_SHELTER,0.0,MANUAL_INTERVAL
1764,61.53109461964442,IN_SHELTER,0.0,MANUAL_INTERVAL
1765,61.565976192558054,IN_SHELTER,0.0,MANUAL_INTERVAL
1766,61.60085776547168,IN_SHELTER,0.0,MANUAL_INTERVAL
1767,61.635739338385314,IN_SHELTER,0.0,MANUAL_INTERVAL
1768,61.67062091129894,IN_SHELTER,0.0,MANUAL_INTERVAL
1769,61.70550248421257,IN_SHELTER,0.0,MANUAL_INTERVAL
1770,61.74038405712621,IN_SHELTER,0.0,MANUAL_INTERVAL
1771,61.77526563003983,IN_SHELTER,0.0,MANUAL_INTERVAL
1772,61.810147202953466,IN_SHELTER,0.0,MANUAL_INTERVAL
1773,61.84502877586709,IN_SHELTER,0.0,MANUAL_INTERVAL
1774,61.879910348780726,IN_SHELTER,0.0,MANUAL_INTERVAL
1775,61.91479192169436,IN_SHELTER,0.0,MANUAL_INTERVAL
1776,61.949673494607985,IN_SHELTER,0.0,MANUAL_INTERVAL
1777,61.98455506752162,IN_SHELTER,0.0,MANUAL_INTERVAL
1778,62.01943664043525,IN_SHELTER,0.0,MANUAL_INTERVAL
1779,62.05431821334888,IN_SHELTER,0.0,MANUAL_INTERVAL
1780,62.08919978626251,IN_SHELTER,0.0,MANUAL_INTERVAL
1781,62.12408135917614,IN_SHELTER,0.0,MANUAL_INTERVAL
1782,62.15896293208977,IN_SHELTER,0.0,MANUAL_INTERVAL
1783,62.193844505003405,IN_SHELTER,0.0,MANUAL_INTERVAL
1784,62.22872607791703,IN_SHELTER,0.0,MANUAL_INTERVAL
1785,62.263607650830664,IN_SHELTER,0.0,MANUAL_INTERVAL
1786,62.29848922374429,IN_SHELTER,0.0,MANUAL_INTERVAL
1787,62.333370796657924,IN_SHELTER,0.0,MANUAL_INTERVAL
1788,62.36825236957156,IN_SHELTER,0.0,MANUAL_INTERVAL
1789,62.403133942485184,IN_SHELTER,0.0,MANUAL_INTERVAL
1790,62.43801551539882,IN_SHELTER,0.0,MANUAL_INTERVAL
1791,62.47289708831245,IN_SHELTER,0.0,MANUAL_INTERVAL
1792,62.50777866122608,IN_SHELTER,0.0,MANUAL_INTERVAL
1793,62.54266023413971,IN_SHELTER,0.0,MANUAL_INTERVAL
1794,62.577541807053336,IN_SHELTER,0.0,MANUAL_INTERVAL
1795,62.61242337996697,IN_SHELTER,0.0,MANUAL_INTERVAL
1796,62.6473049528806,IN_SHELTER,0.0,MANUAL_INTERVAL
1797,62.68218652579423,IN_SHELTER,0.0,MANUAL_INTERVAL
1798,62.71706809870786,IN_SHELTER,0.0,MANUAL_INTERVAL
1799,62.75194967162149,IN_SHELTER,0.0,MANUAL_INTERVAL
1800,62.78683124453512,IN_SHELTER,0.0,MANUAL_INTERVAL
1801,62.821712817448756,IN_SHELTER,0.0,MANUAL_INTERVAL
1802,62.85659439036238,IN_SHELTER,0.0,MANUAL_INTERVAL
1803,62.891475963276015,IN_SHELTER,0.0,MANUAL_INTERVAL
1804,62.92635753618965,IN_SHELTER,0.0,MANUAL_INTERVAL
1805,62.961239109103275,IN_SHELTER,0.0,MANUAL_INTERVAL
1806,62.99612068201691,IN_SHELTER,0.0,MANUAL_INTERVAL
1807,63.031002254930534,IN_SHELTER,0.0,MANUAL_INTERVAL
1808,63.06588382784417,IN_SHELTER,0.0,MANUAL_INTERVAL
1809,63.1007654007578,IN_SHELTER,0.0,MANUAL_INTERVAL
1810,63.13564697367143,IN_SHELTER,0.0,MANUAL_INTERVAL
1811,63.17052854658506,IN_SHELTER,0.0,MANUAL_INTERVAL
1812,63.20541011949869,IN_SHELTER,0.0,MANUAL_INTERVAL
1813,63.24029169241232,IN_SHELTER,0.0,MANUAL_INTERVAL
1814,63.275173265325954,IN_SHELTER,0.0,MANUAL_INTERVAL
1815,63.31005483823958,IN_SHELTER,0.0,MANUAL_INTERVAL
1816,63.34493641115321,IN_SHELTER,0.0,MANUAL_INTERVAL
1817,63.37981798406685,IN_SHELTER,0.0,MANUAL_INTERVAL
1818,63.41469955698047,IN_SHELTER,0.0,MANUAL_INTERVAL
1819,63.449581129894106,IN_SHELTER,0.0,MANUAL_INTERVAL
1820,63.48446270280773,IN_SHELTER,0.0,MANUAL_INTERVAL
1821,63.519344275721366,IN_SHELTER,0.0,MANUAL_INTERVAL
1822,63.554225848635,IN_SHELTER,0.0,MANUAL_INTERVAL
1823,63.589107421548626,IN_SHELTER,0.0,MANUAL_INTERVAL
1824,63.62398899446226,IN_SHELTER,0.0,MANUAL_INTERVAL
1825,63.658870567375885,IN_SHELTER,0.0,MANUAL_INTERVAL
1826,63.69375214028952,IN_SHELTER,0.0,MANUAL_INTERVAL
1827,63.72863371320315,IN_SHELTER,0.0,MANUAL_INTERVAL
1828,63.76351528611678,IN_SHELTER,0.0,MANUAL_INTERVAL
1829,63.79839685903041,IN_SHELTER,0.0,MANUAL_INTERVAL
1830,63.833278431944045,IN_SHELTER,0.0,MANUAL_INTERVAL
1831,63.86816000485767,IN_SHELTER,0.0,MANUAL_INTERVAL
1832,63.903041577771305,IN_SHELTER,0.0,MANUAL_INTERVAL
1833,63.93792315068493,IN_SHELTER,0.0,MANUAL_INTERVAL
1834,63.972804723598564,IN_SHELTER,0.0,MANUAL_INTERVAL
1835,64.00768629651219,IN_SHELTER,0.0,MANUAL_INTERVAL
1836,64.04256786942582,IN_SHELTER,0.0,MANUAL_INTERVAL
1837,64.07744944233946,IN_SHELTER,0.0,MANUAL_INTERVAL
1838,64.11233101525309,IN_SHELTER,0.0,MANUAL_INTERVAL
1839,64.14721258816672,IN_SHELTER,0.0,MANUAL_INTERVAL
1840,64.18209416108034,IN_SHELTER,0.0,MANUAL_INTERVAL
1841,64.21697573399398,IN_SHELTER,0.0,MANUAL_INTERVAL
1842,64.25185730690761,IN_SHELTER,0.0,MANUAL_INTERVAL
1843,64.28673887982124,IN_SHELTER,0.0,MANUAL_INTERVAL
1844,64.32162045273488,IN_SHELTER,0.0,MANUAL_INTERVAL
1845,64.3565020256485,IN_SHELTER,0.0,MANUAL_INTERVAL
1846,64.39138359856213,IN_SHELTER,0.0,MANUAL_INTERVAL
1847,64.42626517147576,IN_SHELTER,0.0,MANUAL_INTERVAL
1848,64.4611467443894,IN_SHELTER,0.0,MANUAL_INTERVAL
1849,64.49602831730303,IN_SHELTER,0.0,MANUAL_INTERVAL
1850,64.53090989021665,IN_SHELTER,0.0,MANUAL_INTERVAL
1851,64.56579146313028,IN_SHELTER,0.0,MANUAL_INTERVAL
1852,64.60067303604391,IN_SHELTER,0.0,MANUAL_INTERVAL
1853,64.63555460895755,IN_SHELTER,0.0,MANUAL_INTERVAL
1854,64.67043618187118,IN_SHELTER,0.0,MANUAL_INTERVAL
1855,64.7053177547848,IN_SHELTER,0.0,MANUAL_INTERVAL
1856,64.74019932769843,IN_SHELTER,0.0,MANUAL_INTERVAL
1857,64.77508090061207,IN_SHELTER,0.0,MANUAL_INTERVAL
1858,64.8099624735257,IN_SHELTER,0.0,MANUAL_INTERVAL
1859,64.84484404643933,IN_SHELTER,0.0,MANUAL_INTERVAL
1860,64.87972561935295,IN_SHELTER,0.0,MANUAL_INTERVAL
1861,64.91460719226659,IN_SHELTER,0.0,MANUAL_INTERVAL
1862,64.94948876518022,IN_SHELTER,0.0,MANUAL_INTERVAL
1863,64.98437033809385,IN_SHELTER,0.0,MANUAL_INTERVAL
1864,65.01925191100749,IN_SHELTER,0.0,MANUAL_INTERVAL
1865,65.05413348392112,IN_SHELTER,0.0,MANUAL_INTERVAL
1866,65.08901505683474,IN_SHELTER,0.0,MANUAL_INTERVAL
1867,65.12389662974837,IN_SHELTER,0.0,MANUAL_INTERVAL
1868,65.158778202662,IN_SHELTER,0.0,MANUAL_INTERVAL
1869,65.19365977557564,IN_SHELTER,0.0,MANUAL_INTERVAL
1870,65.22854134848927,IN_SHELTER,0.0,MANUAL_INTERVAL
1871,65.26342292140289,IN_SHELTER,0.0,MANUAL_INTERVAL
1872,65.29830449431653,IN_SHELTER,0.0,MANUAL_INTERVAL
1873,65.33318606723016,IN_SHELTER,0.0,MANUAL_INTERVAL
1874,65.36806764014379,IN_SHELTER,0.0,MANUAL_INTERVAL
1875,65.40294921305743,IN_SHELTER,0.0,MANUAL_INTERVAL
1876,65.43783078597104,IN_SHELTER,0.0,MANUAL_INTERVAL
1877,65.47271235888468,IN_SHELTER,0.0,MANUAL_INTERVAL
1878,65.50759393179831,IN_SHELTER,0.0,MANUAL_INTERVAL
1879,65.54247550471194,IN_SHELTER,0.0,MANUAL_INTERVAL
1880,65.57735707762558,IN_SHELTER,0.0,MANUAL_INTERVAL
1881,65.6122386505392,IN_SHELTER,0.0,MANUAL_INTERVAL
1882,65.64712022345283,IN_SHELTER,0.0,MANUAL_INTERVAL
1883,65.68200179636646,IN_SHELTER,0.0,MANUAL_INTERVAL
1884,65.7168833692801,IN_SHELTER,0.0,MANUAL_INTERVAL
1885,65.75176494219373,IN_SHELTER,0.0,MANUAL_INTERVAL
1886,65.78664651510735,IN_SHELTER,0.0,MANUAL_INTERVAL
1887,65.82152808802098,IN_SHELTER,0.0,MANUAL_INTERVAL
1888,65.85640966093462,IN_SHELTER,0.0,MANUAL_INTERVAL
1889,65.89129123384825,IN_SHELTER,0.0,MANUAL_INTERVAL
1890,65.92617280676188,IN_SHELTER,0.0,MANUAL_INTERVAL
1891,65.9610543796755,IN_SHELTER,0.0,MANUAL_INTERVAL
1892,65.99593595258914,IN_SHELTER,0.0,MANUAL_INTERVAL
1893,66.03081752550277,IN_SHELTER,0.0,MANUAL_INTERVAL
1894,66.0656990984164,IN_SHELTER,0.0,MANUAL_INTERVAL
1895,66.10058067133004,IN_SHELTER,0.0,MANUAL_INTERVAL
1896,66.13546224424367,IN_SHELTER,0.0,MANUAL_INTERVAL
1897,66.17034381715729,IN_SHELTER,0.0,MANUAL_INTERVAL
1898,66.20522539007092,IN_SHELTER,0.0,MANUAL_INTERVAL
1899,66.24010696298456,IN_SHELTER,0.0,MANUAL_INTERVAL
1900,66.27498853589819,IN_SHELTER,0.0,MANUAL_INTERVAL
1901,66.30987010881182,IN_SHELTER,0.0,MANUAL_INTERVAL
1902,66.34475168172544,IN_SHELTER,0.0,MANUAL_INTERVAL
1903,66.37963325463907,IN_SHELTER,0.0,MANUAL_INTERVAL
1904,66.41451482755271,IN_SHELTER,0.0,MANUAL_INTERVAL
1905,66.44939640046634,IN_SHELTER,0.0,MANUAL_INTERVAL
1906,66.48427797337997,IN_SHELTER,0.0,MANUAL_INTERVAL
1907,66.5191595462936,IN_SHELTER,0.0,MANUAL_INTERVAL
1908,66.55404111920723,IN_SHELTER,0.0,MANUAL_INTERVAL
1909,66.58892269212086,IN_SHELTER,0.0,MANUAL_INTERVAL
1910,66.6238042650345,IN_SHELTER,0.0,MANUAL_INTERVAL
1911,66.65868583794813,IN_SHELTER,0.0,MANUAL_INTERVAL
1912,66.69356741086175,IN_SHELTER,0.0,MANUAL_INTERVAL
1913,66.72844898377538,IN_SHELTER,0.0,MANUAL_INTERVAL
1914,66.76333055668901,IN_SHELTER,0.0,MANUAL_INTERVAL
1915,66.79821212960265,IN_SHELTER,0.0,MANUAL_INTERVAL
1916,66.83309370251628,IN_SHELTER,0.0,MANUAL_INTERVAL
1917,66.8679752754299,IN_SHELTER,0.0,MANUAL_INTERVAL
1918,66.90285684834353,IN_SHELTER,0.0,MANUAL_INTERVAL
1919,66.93773842125717,IN_SHELTER,0.0,MANUAL_INTERVAL
1920,66.9726199941708,IN_SHELTER,0.0,MANUAL_INTERVAL
1921,67.00750156708443,IN_SHELTER,0.0,MANUAL_INTERVAL
1922,67.04238313999807,IN_SHELTER,0.0,MANUAL_INTERVAL
1923,67.07726471291168,IN_SHELTER,0.0,MANUAL_INTERVAL
1924,67.11214628582532,IN_SHELTER,0.0,MANUAL_INTERVAL
1925,67.14702785873895,IN_SHELTER,0.0,MANUAL_INTERVAL
1926,67.18190943165258,IN_SHELTER,0.0,MANUAL_INTERVAL
1927,67.21679100456622,IN_SHELTER,0.0,MANUAL_INTERVAL
1928,67.25167257747984,IN_SHELTER,0.0,MANUAL_INTERVAL
1929,67.28655415039347,IN_SHELTER,0.0,MANUAL_INTERVAL
1930,67.3214357233071,IN_SHELTER,0.0,MANUAL_INTERVAL
1931,67.35631729622074,IN_SHELTER,0.0,MANUAL_INTERVAL
1932,67.39119886913437,IN_SHELTER,0.0,MANUAL_INTERVAL
1933,67.42608044204799,IN_SHELTER,0.0,MANUAL_INTERVAL
1934,67.46096201496162,IN_SHELTER,0.0,MANUAL_INTERVAL
1935,67.49584358787526,IN_SHELTER,0.0,MANUAL_INTERVAL
1936,67.53072516078889,IN_SHELTER,0.0,MANUAL_INTERVAL
1937,67.56560673370252,IN_SHELTER,0.0,MANUAL_INTERVAL
1938,67.60048830661614,IN_SHELTER,0.0,MANUAL_INTERVAL
1939,67.63536987952978,IN_SHELTER,0.0,MANUAL_INTERVAL
1940,67.67025145244341,IN_SHELTER,0.0,MANUAL_INTERVAL
1941,67.70513302535704,IN_SHELTER,0.0,MANUAL_INTERVAL
1942,67.74001459827068,IN_SHELTER,0.0,MANUAL_INTERVAL
1943,67.7748961711843,IN_SHELTER,0.0,MANUAL_INTERVAL
1944,67.80977774409793,IN_SHELTER,0.0,MANUAL_INTERVAL
1945,67.84465931701156,IN_SHELTER,0.0,MANUAL_INTERVAL
1946,67.8795408899252,IN_SHELTER,0.0,MANUAL_INTERVAL
1947,67.91442246283883,IN_SHELTER,0.0,MANUAL_INTERVAL
1948,67.94930403575246,IN_SHELTER,0.0,MANUAL_INTERVAL
1949,67.98418560866608,IN_SHELTER,0.0,MANUAL_INTERVAL
1950,68.01906718157971,IN_SHELTER,0.0,MANUAL_INTERVAL
1951,68.05394875449335,IN_SHELTER,0.0,MANUAL_INTERVAL
1952,68.08883032740698,IN_SHELTER,0.0,MANUAL_INTERVAL
1953,68.12371190032061,IN_SHELTER,0.0,MANUAL_INTERVAL
1954,68.15859347323423,IN_SHELTER,0.0,MANUAL_INTERVAL
1955,68.19347504614787,IN_SHELTER,0.0,MANUAL_INTERVAL
1956,68.2283566190615,IN_SHELTER,0.0,MANUAL_INTERVAL
1957,68.26323819197513,IN_SHELTER,0.0,MANUAL_INTERVAL
1958,68.29811976488877,IN_SHELTER,0.0,MANUAL_INTERVAL
1959,68.33300133780239,IN_SHELTER,0.0,MANUAL_INTERVAL
1960,68.36788291071602,IN_SHELTER,0.0,MANUAL_INTERVAL
1961,68.40276448362965,IN_SHELTER,0.0,MANUAL_INTERVAL
1962,68.43764605654329,IN_SHELTER,0.0,MANUAL_INTERVAL
1963,68.47252762945692,IN_SHELTER,0.0,MANUAL_INTERVAL
1964,68.50740920237054,IN_SHELTER,0.0,MANUAL_INTERVAL
1965,68.54229077528417,IN_SHELTER,0.0,MANUAL_INTERVAL
1966,68.5771723481978,IN_SHELTER,0.0,MANUAL_INTERVAL
1967,68.61205392111144,IN_SHELTER,0.0,MANUAL_INTERVAL
1968,68.64693549402507,IN_SHELTER,0.0,MANUAL_INTERVAL
1969,68.68181706693869,IN_SHELTER,0.0,MANUAL_INTERVAL
1970,68.71669863985232,IN_SHELTER,0.0,MANUAL_INTERVAL
1971,68.75158021276596,IN_SHELTER,0.0,MANUAL_INTERVAL
1972,68.78646178567959,IN_SHELTER,0.0,MANUAL_INTERVAL
1973,68.82134335859323,IN_SHELTER,0.0,MANUAL_INTERVAL
1974,68.85622493150684,IN_SHELTER,0.0,MANUAL_INTERVAL
1975,68.89110650442048,IN_SHELTER,0.0,MANUAL_INTERVAL
1976,68.92598807733411,IN_SHELTER,0.0,MANUAL_INTERVAL
1977,68.96086965024774,IN_SHELTER,0.0,MANUAL_INTERVAL
1978,68.99575122316138,IN_SHELTER,0.0,MANUAL_INTERVAL
1979,69.03063279607501,IN_SHELTER,0.0,MANUAL_INTERVAL
1980,69.06551436898863,IN_SHELTER,0.0,MANUAL_INTERVAL
1981,69.10039594190226,IN_SHELTER,0.0,MANUAL_INTERVAL
1982,69.1352775148159,IN_SHELTER,0.0,MANUAL_INTERVAL
1983,69.17015908772953,IN_SHELTER,0.0,MANUAL_INTERVAL
1984,69.20504066064316,IN_SHELTER,0.0,MANUAL_INTERVAL
1985,69.23992223355678,IN_SHELTER,0.0,MANUAL_INTERVAL
1986,69.27480380647042,IN_SHELTER,0.0,MANUAL_INTERVAL
1987,69.30968537938405,IN_SHELTER,0.0,MANUAL_INTERVAL
1988,69.34456695229768,IN_SHELTER,0.0,MANUAL_INTERVAL
1989,69.37944852521132,IN_SHELTER,0.0,MANUAL_INTERVAL
1990,69.41433009812494,IN_SHELTER,0.0,MANUAL_INTERVAL
1991,69.44921167103857,IN_SHELTER,0.0,MANUAL_INTERVAL
1992,69.4840932439522,IN_SHELTER,0.0,MANUAL_INTERVAL
1993,69.51897481686584,IN_SHELTER,0.0,MANUAL_INTERVAL
1994,69.55385638977947,IN_SHELTER,0.0,MANUAL_INTERVAL
1995,69.58873796269309,IN_SHELTER,0.0,MANUAL_INTERVAL
1996,69.62361953560672,IN_SHELTER,0.0,MANUAL_INTERVAL
1997,69.65850110852035,IN_SHELTER,0.0,MANUAL_INTERVAL
1998,69.69338268143399,IN_SHELTER,0.0,MANUAL_INTERVAL
1999,69.72826425434762,IN_SHELTER,0.0,MANUAL_INTERVAL
2000,69.76314582726124,IN_SHELTER,0.0,MANUAL_INTERVAL
2001,69.79802740017487,IN_SHELTER,0.0,MANUAL_INTERVAL
2002,69.83290897308851,IN_SHELTER,0.0,MANUAL_INTERVAL
2003,69.86779054600214,IN_SHELTER,0.0,MANUAL_INTERVAL
2004,69.90267211891577,IN_SHELTER,0.0,MANUAL_INTERVAL
2005,69.93755369182941,IN_SHELTER,0.0,MANUAL_INTERVAL
2006,69.97243526474303,IN_SHELTER,0.0,MANUAL_INTERVAL
2007,70.00731683765666,IN_SHELTER,0.0,MANUAL_INTERVAL
2008,70.0421984105703,IN_SHELTER,0.0,MANUAL_INTERVAL
2009,70.07707998348393,IN_SHELTER,0.0,MANUAL_INTERVAL
2010,70.11196155639756,IN_SHELTER,0.0,MANUAL_INTERVAL
2011,70.14684312931118,IN_SHELTER,0.0,MANUAL_INTERVAL
2012,70.18172470222481,IN_SHELTER,0.0,MANUAL_INTERVAL
2013,70.21660627513845,IN_SHELTER,0.0,MANUAL_INTERVAL
2014,70.25148784805208,IN_SHELTER,0.0,MANUAL_INTERVAL
2015,70.28636942096571,IN_SHELTER,0.0,MANUAL_INTERVAL
2016,70.32125099387933,IN_SHELTER,0.0,MANUAL_INTERVAL
2017,70.35613256679297,IN_SHELTER,0.0,MANUAL_INTERVAL
2018,70.3910141397066,IN_SHELTER,0.0,MANUAL_INTERVAL
2019,70.42589571262023,IN_SHELTER,0.0,MANUAL_INTERVAL
2020,70.46077728553387,IN_SHELTER,0.0,MANUAL_INTERVAL
2021,70.49565885844748,VISIBLE,1.0,MANUAL_INTERVAL
2022,70.53054043136112,VISIBLE,1.0,MANUAL_INTERVAL
2023,70.56542200427475,VISIBLE,1.0,MANUAL_INTERVAL
2024,70.60030357718838,VISIBLE,1.0,MANUAL_INTERVAL
2025,70.63518515010202,VISIBLE,1.0,MANUAL_INTERVAL
2026,70.67006672301564,VISIBLE,1.0,MANUAL_INTERVAL
2027,70.70494829592927,VISIBLE,1.0,MANUAL_INTERVAL
2028,70.7398298688429,VISIBLE,1.0,MANUAL_INTERVAL
2029,70.77471144175654,VISIBLE,1.0,MANUAL_INTERVAL
2030,70.80959301467017,VISIBLE,1.0,MANUAL_INTERVAL
2031,70.8444745875838,VISIBLE,1.0,MANUAL_INTERVAL
2032,70.87935616049742,VISIBLE,1.0,MANUAL_INTERVAL
2033,70.91423773341106,VISIBLE,1.0,MANUAL_INTERVAL
2034,70.94911930632469,VISIBLE,1.0,MANUAL_INTERVAL
2035,70.98400087923832,VISIBLE,1.0,MANUAL_INTERVAL
2036,71.01888245215196,VISIBLE,1.0,MANUAL_INTERVAL
2037,71.05376402506558,VISIBLE,1.0,MANUAL_INTERVAL
2038,71.08864559797921,VISIBLE,1.0,MANUAL_INTERVAL
2039,71.12352717089284,VISIBLE,1.0,MANUAL_INTERVAL
2040,71.15840874380648,VISIBLE,1.0,MANUAL_INTERVAL
2041,71.19329031672011,VISIBLE,1.0,MANUAL_INTERVAL
2042,71.22817188963373,VISIBLE,1.0,MANUAL_INTERVAL
2043,71.26305346254736,VISIBLE,1.0,MANUAL_INTERVAL
2044,71.297935035461,VISIBLE,1.0,MANUAL_INTERVAL
2045,71.33281660837463,VISIBLE,1.0,MANUAL_INTERVAL
2046,71.36769818128826,VISIBLE,1.0,MANUAL_INTERVAL
2047,71.40257975420188,VISIBLE,1.0,MANUAL_INTERVAL
2048,71.43746132711551,VISIBLE,1.0,MANUAL_INTERVAL
2049,71.47234290002915,VISIBLE,1.0,MANUAL_INTERVAL
2050,71.50722447294278,VISIBLE,1.0,MANUAL_INTERVAL
2051,71.54210604585641,VISIBLE,1.0,MANUAL_INTERVAL
2052,71.57698761877003,VISIBLE,1.0,MANUAL_INTERVAL
2053,71.61186919168367,VISIBLE,1.0,MANUAL_INTERVAL
2054,71.6467507645973,VISIBLE,1.0,MANUAL_INTERVAL
2055,71.68163233751093,VISIBLE,1.0,MANUAL_INTERVAL
2056,71.71651391042457,VISIBLE,1.0,MANUAL_INTERVAL
2057,71.75139548333819,VISIBLE,1.0,MANUAL_INTERVAL
2058,71.78627705625182,VISIBLE,1.0,MANUAL_INTERVAL
2059,71.82115862916545,VISIBLE,1.0,MANUAL_INTERVAL
2060,71.85604020207909,VISIBLE,1.0,MANUAL_INTERVAL
2061,71.89092177499272,VISIBLE,1.0,MANUAL_INTERVAL
2062,71.92580334790635,VISIBLE,1.0,MANUAL_INTERVAL
2063,71.96068492081997,VISIBLE,1.0,MANUAL_INTERVAL
2064,71.9955664937336,VISIBLE,1.0,MANUAL_INTERVAL
2065,72.03044806664724,VISIBLE,1.0,MANUAL_INTERVAL
2066,72.06532963956087,VISIBLE,1.0,MANUAL_INTERVAL
2067,72.1002112124745,VISIBLE,1.0,MANUAL_INTERVAL
2068,72.13509278538812,VISIBLE,1.0,MANUAL_INTERVAL
2069,72.16997435830176,VISIBLE,1.0,MANUAL_INTERVAL
2070,72.20485593121539,VISIBLE,1.0,MANUAL_INTERVAL
2071,72.23973750412902,VISIBLE,1.0,MANUAL_INTERVAL
2072,72.27461907704266,VISIBLE,1.0,MANUAL_INTERVAL
2073,72.30950064995628,VISIBLE,1.0,MANUAL_INTERVAL
2074,72.34438222286991,VISIBLE,1.0,MANUAL_INTERVAL
2075,72.37926379578354,VISIBLE,1.0,MANUAL_INTERVAL
2076,72.41414536869718,VISIBLE,1.0,MANUAL_INTERVAL
2077,72.44902694161081,VISIBLE,1.0,MANUAL_INTERVAL
2078,72.48390851452443,VISIBLE,1.0,MANUAL_INTERVAL
2079,72.51879008743806,VISIBLE,1.0,MANUAL_INTERVAL
2080,72.5536716603517,VISIBLE,1.0,MANUAL_INTERVAL
2081,72.58855323326533,VISIBLE,1.0,MANUAL_INTERVAL
2082,72.62343480617896,VISIBLE,1.0,MANUAL_INTERVAL
2083,72.65831637909258,VISIBLE,1.0,MANUAL_INTERVAL
2084,72.69319795200622,VISIBLE,1.0,MANUAL_INTERVAL
2085,72.72807952491985,VISIBLE,1.0,MANUAL_INTERVAL
2086,72.76296109783348,VISIBLE,1.0,MANUAL_INTERVAL
2087,72.79784267074712,VISIBLE,1.0,MANUAL_INTERVAL
2088,72.83272424366075,VISIBLE,1.0,MANUAL_INTERVAL
2089,72.86760581657437,VISIBLE,1.0,MANUAL_INTERVAL
2090,72.902487389488,VISIBLE,1.0,MANUAL_INTERVAL
2091,72.93736896240164,VISIBLE,1.0,MANUAL_INTERVAL
2092,72.97225053531527,VISIBLE,1.0,MANUAL_INTERVAL
2093,73.0071321082289,VISIBLE,1.0,MANUAL_INTERVAL
2094,73.04201368114252,VISIBLE,1.0,MANUAL_INTERVAL
2095,73.07689525405615,VISIBLE,1.0,MANUAL_INTERVAL
2096,73.11177682696979,VISIBLE,1.0,MANUAL_INTERVAL
2097,73.14665839988342,VISIBLE,1.0,MANUAL_INTERVAL
2098,73.18153997279705,VISIBLE,1.0,MANUAL_INTERVAL
2099,73.21642154571067,VISIBLE,1.0,MANUAL_INTERVAL
2100,73.2513031186243,VISIBLE,1.0,MANUAL_INTERVAL
2101,73.28618469153794,VISIBLE,1.0,MANUAL_INTERVAL
2102,73.32106626445157,VISIBLE,1.0,MANUAL_INTERVAL
2103,73.3559478373652,VISIBLE,1.0,MANUAL_INTERVAL
2104,73.39082941027883,VISIBLE,1.0,MANUAL_INTERVAL
2105,73.42571098319246,VISIBLE,1.0,MANUAL_INTERVAL
2106,73.46059255610609,VISIBLE,1.0,MANUAL_INTERVAL
2107,73.49547412901973,VISIBLE,1.0,MANUAL_INTERVAL
2108,73.53035570193336,VISIBLE,1.0,MANUAL_INTERVAL
2109,73.56523727484698,VISIBLE,1.0,MANUAL_INTERVAL
2110,73.60011884776061,VISIBLE,1.0,MANUAL_INTERVAL
2111,73.63500042067425,VISIBLE,1.0,MANUAL_INTERVAL
2112,73.66988199358788,VISIBLE,1.0,MANUAL_INTERVAL
2113,73.70476356650151,VISIBLE,1.0,MANUAL_INTERVAL
2114,73.73964513941515,VISIBLE,1.0,MANUAL_INTERVAL
2115,73.77452671232876,VISIBLE,1.0,MANUAL_INTERVAL
2116,73.8094082852424,VISIBLE,1.0,MANUAL_INTERVAL
2117,73.84428985815603,VISIBLE,1.0,MANUAL_INTERVAL
2118,73.87917143106966,VISIBLE,1.0,MANUAL_INTERVAL
2119,73.9140530039833,VISIBLE,1.0,MANUAL_INTERVAL
2120,73.94893457689692,VISIBLE,1.0,MANUAL_INTERVAL
2121,73.98381614981055,VISIBLE,1.0,MANUAL_INTERVAL
2122,74.01869772272418,VISIBLE,1.0,MANUAL_INTERVAL
2123,74.05357929563782,VISIBLE,1.0,MANUAL_INTERVAL
2124,74.08846086855145,VISIBLE,1.0,MANUAL_INTERVAL
2125,74.12334244146507,VISIBLE,1.0,MANUAL_INTERVAL
2126,74.1582240143787,VISIBLE,1.0,MANUAL_INTERVAL
2127,74.19310558729234,VISIBLE,1.0,MANUAL_INTERVAL
2128,74.22798716020597,VISIBLE,1.0,MANUAL_INTERVAL
2129,74.2628687331196,VISIBLE,1.0,MANUAL_INTERVAL
2130,74.29775030603322,VISIBLE,1.0,MANUAL_INTERVAL
2131,74.33263187894686,VISIBLE,1.0,MANUAL_INTERVAL
2132,74.36751345186049,VISIBLE,1.0,MANUAL_INTERVAL
2133,74.40239502477412,VISIBLE,1.0,MANUAL_INTERVAL
2134,74.43727659768776,VISIBLE,1.0,MANUAL_INTERVAL
2135,74.47215817060138,VISIBLE,1.0,MANUAL_INTERVAL
2136,74.50703974351501,VISIBLE,1.0,MANUAL_INTERVAL
2137,74.54192131642864,VISIBLE,1.0,MANUAL_INTERVAL
2138,74.57680288934228,VISIBLE,1.0,MANUAL_INTERVAL
2139,74.61168446225591,VISIBLE,1.0,MANUAL_INTERVAL
2140,74.64656603516953,VISIBLE,1.0,MANUAL_INTERVAL
2141,74.68144760808316,VISIBLE,1.0,MANUAL_INTERVAL
2142,74.7163291809968,VISIBLE,1.0,MANUAL_INTERVAL
2143,74.75121075391043,VISIBLE,1.0,MANUAL_INTERVAL
2144,74.78609232682406,VISIBLE,1.0,MANUAL_INTERVAL
2145,74.8209738997377,VISIBLE,1.0,MANUAL_INTERVAL
2146,74.85585547265131,VISIBLE,1.0,MANUAL_INTERVAL
2147,74.89073704556495,VISIBLE,1.0,MANUAL_INTERVAL
2148,74.92561861847858,VISIBLE,1.0,MANUAL_INTERVAL
2149,74.96050019139221,VISIBLE,1.0,MANUAL_INTERVAL
2150,74.99538176430585,VISIBLE,1.0,MANUAL_INTERVAL
2151,75.03026333721947,VISIBLE,1.0,MANUAL_INTERVAL
2152,75.0651449101331,VISIBLE,1.0,MANUAL_INTERVAL
2153,75.10002648304673,VISIBLE,1.0,MANUAL_INTERVAL
2154,75.13490805596037,VISIBLE,1.0,MANUAL_INTERVAL
2155,75.169789628874,VISIBLE,1.0,MANUAL_INTERVAL
2156,75.20467120178762,VISIBLE,1.0,MANUAL_INTERVAL
2157,75.23955277470125,VISIBLE,1.0,MANUAL_INTERVAL
2158,75.27443434761489,VISIBLE,1.0,MANUAL_INTERVAL
2159,75.30931592052852,VISIBLE,1.0,MANUAL_INTERVAL
2160,75.34419749344215,VISIBLE,1.0,MANUAL_INTERVAL
2161,75.37907906635577,VISIBLE,1.0,MANUAL_INTERVAL
2162,75.4139606392694,VISIBLE,1.0,MANUAL_INTERVAL
2163,75.44884221218304,VISIBLE,1.0,MANUAL_INTERVAL
2164,75.48372378509667,VISIBLE,1.0,MANUAL_INTERVAL
2165,75.5186053580103,VISIBLE,1.0,MANUAL_INTERVAL
2166,75.55348693092392,VISIBLE,1.0,MANUAL_INTERVAL
2167,75.58836850383756,VISIBLE,1.0,MANUAL_INTERVAL
2168,75.62325007675119,VISIBLE,1.0,MANUAL_INTERVAL
2169,75.65813164966482,VISIBLE,1.0,MANUAL_INTERVAL
2170,75.69301322257846,VISIBLE,1.0,MANUAL_INTERVAL
2171,75.72789479549209,VISIBLE,1.0,MANUAL_INTERVAL
2172,75.76277636840571,VISIBLE,1.0,MANUAL_INTERVAL
2173,75.79765794131934,VISIBLE,1.0,MANUAL_INTERVAL
2174,75.83253951423298,VISIBLE,1.0,MANUAL_INTERVAL
2175,75.86742108714661,VISIBLE,1.0,MANUAL_INTERVAL
2176,75.90230266006024,VISIBLE,1.0,MANUAL_INTERVAL
2177,75.93718423297386,VISIBLE,1.0,MANUAL_INTERVAL
2178,75.9720658058875,VISIBLE,1.0,MANUAL_INTERVAL
2179,76.00694737880113,PARTIALLY_VISIBLE,,MANUAL_SHORT_RUN_REVIEW
2180,76.04182895171476,VISIBLE,1.0,MANUAL_INTERVAL
2181,76.0767105246284,VISIBLE,1.0,MANUAL_INTERVAL
2182,76.11159209754202,VISIBLE,1.0,MANUAL_INTERVAL
2183,76.14647367045565,VISIBLE,1.0,MANUAL_INTERVAL
2184,76.18135524336928,VISIBLE,1.0,MANUAL_INTERVAL
2185,76.21623681628292,VISIBLE,1.0,MANUAL_INTERVAL
2186,76.25111838919655,VISIBLE,1.0,MANUAL_INTERVAL
2187,76.28599996211017,VISIBLE,1.0,MANUAL_INTERVAL
2188,76.3208815350238,VISIBLE,1.0,MANUAL_INTERVAL
2189,76.35576310793743,PARTIALLY_VISIBLE,,MANUAL_SHORT_RUN_REVIEW
2190,76.39064468085107,PARTIALLY_VISIBLE,,MANUAL_SHORT_RUN_REVIEW
2191,76.4255262537647,VISIBLE,1.0,MANUAL_INTERVAL
2192,76.46040782667832,PARTIALLY_VISIBLE,,MANUAL_SHORT_RUN_REVIEW
2193,76.49528939959195,PARTIALLY_VISIBLE,,MANUAL_SHORT_RUN_REVIEW
2194,76.53017097250559,VISIBLE,1.0,MANUAL_INTERVAL
2195,76.56505254541922,VISIBLE,1.0,MANUAL_INTERVAL
2196,76.59993411833285,PARTIALLY_VISIBLE,,MANUAL_SHORT_RUN_REVIEW
2197,76.63481569124649,VISIBLE,1.0,MANUAL_INTERVAL
2198,76.6696972641601,PARTIALLY_VISIBLE,,MANUAL_SHORT_RUN_REVIEW
2199,76.70457883707374,VISIBLE,1.0,MANUAL_INTERVAL
2200,76.73946040998737,VISIBLE,1.0,MANUAL_INTERVAL
2201,76.774341982901,VISIBLE,1.0,MANUAL_INTERVAL
2202,76.80922355581464,VISIBLE,1.0,MANUAL_INTERVAL
2203,76.84410512872826,VISIBLE,1.0,MANUAL_INTERVAL
2204,76.87898670164189,VISIBLE,1.0,MANUAL_INTERVAL
2205,76.91386827455553,VISIBLE,1.0,MANUAL_INTERVAL
2206,76.94874984746916,VISIBLE,1.0,MANUAL_INTERVAL
2207,76.98363142038279,VISIBLE,1.0,MANUAL_INTERVAL
2208,77.01851299329641,VISIBLE,1.0,MANUAL_INTERVAL
2209,77.05339456621005,VISIBLE,1.0,MANUAL_INTERVAL
2210,77.08827613912368,VISIBLE,1.0,MANUAL_INTERVAL
2211,77.12315771203731,VISIBLE,1.0,MANUAL_INTERVAL
2212,77.15803928495095,VISIBLE,1.0,MANUAL_INTERVAL
2213,77.19292085786456,VISIBLE,1.0,MANUAL_INTERVAL
2214,77.2278024307782,VISIBLE,1.0,MANUAL_INTERVAL
2215,77.26268400369183,PARTIALLY_VISIBLE,,MANUAL_SHORT_RUN_REVIEW
2216,77.29756557660546,VISIBLE,1.0,MANUAL_INTERVAL
2217,77.3324471495191,VISIBLE,1.0,MANUAL_INTERVAL
2218,77.36732872243272,VISIBLE,1.0,MANUAL_INTERVAL
2219,77.40221029534635,VISIBLE,1.0,MANUAL_INTERVAL
2220,77.43709186825998,VISIBLE,1.0,MANUAL_INTERVAL
2221,77.47197344117362,VISIBLE,1.0,MANUAL_INTERVAL
2222,77.50685501408725,VISIBLE,1.0,MANUAL_INTERVAL
2223,77.54173658700087,VISIBLE,1.0,MANUAL_INTERVAL
2224,77.5766181599145,VISIBLE,1.0,MANUAL_INTERVAL
2225,77.61149973282814,VISIBLE,1.0,MANUAL_INTERVAL
2226,77.64638130574177,VISIBLE,1.0,MANUAL_INTERVAL
2227,77.6812628786554,VISIBLE,1.0,MANUAL_INTERVAL
2228,77.71614445156904,VISIBLE,1.0,MANUAL_INTERVAL
2229,77.75102602448266,VISIBLE,1.0,MANUAL_INTERVAL
2230,77.78590759739629,VISIBLE,1.0,MANUAL_INTERVAL
2231,77.82078917030992,VISIBLE,1.0,MANUAL_INTERVAL
2232,77.85567074322356,VISIBLE,1.0,MANUAL_INTERVAL
2233,77.89055231613719,VISIBLE,1.0,MANUAL_INTERVAL
2234,77.92543388905081,VISIBLE,1.0,MANUAL_INTERVAL
2235,77.96031546196444,VISIBLE,1.0,MANUAL_INTERVAL
2236,77.99519703487807,VISIBLE,1.0,MANUAL_INTERVAL
2237,78.03007860779171,VISIBLE,1.0,MANUAL_INTERVAL
2238,78.06496018070534,VISIBLE,1.0,MANUAL_INTERVAL
2239,78.09984175361896,VISIBLE,1.0,MANUAL_INTERVAL
2240,78.1347233265326,VISIBLE,1.0,MANUAL_INTERVAL
2241,78.16960489944623,VISIBLE,1.0,MANUAL_INTERVAL
2242,78.20448647235986,VISIBLE,1.0,MANUAL_INTERVAL
2243,78.2393680452735,VISIBLE,1.0,MANUAL_INTERVAL
2244,78.27424961818711,VISIBLE,1.0,MANUAL_INTERVAL
2245,78.30913119110075,VISIBLE,1.0,MANUAL_INTERVAL
2246,78.34401276401438,VISIBLE,1.0,MANUAL_INTERVAL
2247,78.37889433692801,VISIBLE,1.0,MANUAL_INTERVAL
2248,78.41377590984165,VISIBLE,1.0,MANUAL_INTERVAL
2249,78.44865748275527,VISIBLE,1.0,MANUAL_INTERVAL
2250,78.4835390556689,VISIBLE,1.0,MANUAL_INTERVAL
2251,78.51842062858253,VISIBLE,1.0,MANUAL_INTERVAL
2252,78.55330220149617,VISIBLE,1.0,MANUAL_INTERVAL
2253,78.5881837744098,VISIBLE,1.0,MANUAL_INTERVAL
2254,78.62306534732343,VISIBLE,1.0,MANUAL_INTERVAL
2255,78.65794692023705,VISIBLE,1.0,MANUAL_INTERVAL
2256,78.69282849315069,VISIBLE,1.0,MANUAL_INTERVAL
2257,78.72771006606432,VISIBLE,1.0,MANUAL_INTERVAL
2258,78.76259163897795,VISIBLE,1.0,MANUAL_INTERVAL
2259,78.79747321189159,VISIBLE,1.0,MANUAL_INTERVAL
2260,78.8323547848052,VISIBLE,1.0,MANUAL_INTERVAL
2261,78.86723635771884,VISIBLE,1.0,MANUAL_INTERVAL
2262,78.90211793063247,VISIBLE,1.0,MANUAL_INTERVAL
2263,78.9369995035461,VISIBLE,1.0,MANUAL_INTERVAL
2264,78.97188107645974,VISIBLE,1.0,MANUAL_INTERVAL
2265,79.00676264937336,VISIBLE,1.0,MANUAL_INTERVAL
2266,79.04164422228699,VISIBLE,1.0,MANUAL_INTERVAL
2267,79.07652579520062,VISIBLE,1.0,MANUAL_INTERVAL
2268,79.11140736811426,VISIBLE,1.0,MANUAL_INTERVAL
2269,79.14628894102789,VISIBLE,1.0,MANUAL_INTERVAL
2270,79.18117051394151,VISIBLE,1.0,MANUAL_INTERVAL
2271,79.21605208685514,VISIBLE,1.0,MANUAL_INTERVAL
2272,79.25093365976878,VISIBLE,1.0,MANUAL_INTERVAL
2273,79.28581523268241,VISIBLE,1.0,MANUAL_INTERVAL
2274,79.32069680559604,VISIBLE,1.0,MANUAL_INTERVAL
2275,79.35557837850966,VISIBLE,1.0,MANUAL_INTERVAL
2276,79.3904599514233,VISIBLE,1.0,MANUAL_INTERVAL
2277,79.42534152433693,VISIBLE,1.0,MANUAL_INTERVAL
2278,79.46022309725056,VISIBLE,1.0,MANUAL_INTERVAL
2279,79.4951046701642,VISIBLE,1.0,MANUAL_INTERVAL
2280,79.52998624307783,VISIBLE,1.0,MANUAL_INTERVAL
2281,79.56486781599145,VISIBLE,1.0,MANUAL_INTERVAL
2282,79.59974938890508,VISIBLE,1.0,MANUAL_INTERVAL
2283,79.63463096181871,VISIBLE,1.0,MANUAL_INTERVAL
2284,79.66951253473235,VISIBLE,1.0,MANUAL_INTERVAL
2285,79.70439410764598,VISIBLE,1.0,MANUAL_INTERVAL
2286,79.7392756805596,VISIBLE,1.0,MANUAL_INTERVAL
2287,79.77415725347323,VISIBLE,1.0,MANUAL_INTERVAL
2288,79.80903882638687,VISIBLE,1.0,MANUAL_INTERVAL
2289,79.8439203993005,VISIBLE,1.0,MANUAL_INTERVAL
2290,79.87880197221413,VISIBLE,1.0,MANUAL_INTERVAL
2291,79.91368354512775,VISIBLE,1.0,MANUAL_INTERVAL
2292,79.94856511804139,VISIBLE,1.0,MANUAL_INTERVAL
2293,79.98344669095502,VISIBLE,1.0,MANUAL_INTERVAL
2294,80.01832826386865,VISIBLE,1.0,MANUAL_INTERVAL
2295,80.05320983678229,VISIBLE,1.0,MANUAL_INTERVAL
2296,80.0880914096959,VISIBLE,1.0,MANUAL_INTERVAL
2297,80.12297298260954,VISIBLE,1.0,MANUAL_INTERVAL
2298,80.15785455552317,VISIBLE,1.0,MANUAL_INTERVAL
2299,80.1927361284368,VISIBLE,1.0,MANUAL_INTERVAL
2300,80.22761770135044,VISIBLE,1.0,MANUAL_INTERVAL
2301,80.26249927426406,VISIBLE,1.0,MANUAL_INTERVAL
2302,80.29738084717769,VISIBLE,1.0,MANUAL_INTERVAL
2303,80.33226242009133,VISIBLE,1.0,MANUAL_INTERVAL
2304,80.36714399300496,VISIBLE,1.0,MANUAL_INTERVAL
2305,80.40202556591859,VISIBLE,1.0,MANUAL_INTERVAL
2306,80.43690713883223,VISIBLE,1.0,MANUAL_INTERVAL
2307,80.47178871174584,VISIBLE,1.0,MANUAL_INTERVAL
2308,80.50667028465948,VISIBLE,1.0,MANUAL_INTERVAL
2309,80.54155185757311,VISIBLE,1.0,MANUAL_INTERVAL
2310,80.57643343048674,VISIBLE,1.0,MANUAL_INTERVAL
2311,80.61131500340038,VISIBLE,1.0,MANUAL_INTERVAL
2312,80.646196576314,VISIBLE,1.0,MANUAL_INTERVAL
2313,80.68107814922763,VISIBLE,1.0,MANUAL_INTERVAL
2314,80.71595972214126,VISIBLE,1.0,MANUAL_INTERVAL
2315,80.7508412950549,VISIBLE,1.0,MANUAL_INTERVAL
2316,80.78572286796853,VISIBLE,1.0,MANUAL_INTERVAL
2317,80.82060444088215,VISIBLE,1.0,MANUAL_INTERVAL
2318,80.85548601379578,VISIBLE,1.0,MANUAL_INTERVAL
2319,80.89036758670942,VISIBLE,1.0,MANUAL_INTERVAL
2320,80.92524915962305,VISIBLE,1.0,MANUAL_INTERVAL
2321,80.96013073253668,VISIBLE,1.0,MANUAL_INTERVAL
2322,80.9950123054503,VISIBLE,1.0,MANUAL_INTERVAL
2323,81.02989387836394,VISIBLE,1.0,MANUAL_INTERVAL
2324,81.06477545127757,VISIBLE,1.0,MANUAL_INTERVAL
2325,81.0996570241912,VISIBLE,1.0,MANUAL_INTERVAL
2326,81.13453859710484,VISIBLE,1.0,MANUAL_INTERVAL
2327,81.16942017001845,VISIBLE,1.0,MANUAL_INTERVAL
2328,81.20430174293209,VISIBLE,1.0,MANUAL_INTERVAL
2329,81.23918331584572,VISIBLE,1.0,MANUAL_INTERVAL
2330,81.27406488875936,VISIBLE,1.0,MANUAL_INTERVAL
2331,81.30894646167299,VISIBLE,1.0,MANUAL_INTERVAL
2332,81.34382803458661,VISIBLE,1.0,MANUAL_INTERVAL
2333,81.37870960750024,VISIBLE,1.0,MANUAL_INTERVAL
2334,81.41359118041387,VISIBLE,1.0,MANUAL_INTERVAL
2335,81.44847275332751,VISIBLE,1.0,MANUAL_INTERVAL
2336,81.48335432624114,VISIBLE,1.0,MANUAL_INTERVAL
2337,81.51823589915477,VISIBLE,1.0,MANUAL_INTERVAL
2338,81.5531174720684,VISIBLE,1.0,MANUAL_INTERVAL
2339,81.58799904498203,VISIBLE,1.0,MANUAL_INTERVAL
2340,81.62288061789566,VISIBLE,1.0,MANUAL_INTERVAL
2341,81.6577621908093,VISIBLE,1.0,MANUAL_INTERVAL
2342,81.69264376372293,VISIBLE,1.0,MANUAL_INTERVAL
2343,81.72752533663655,VISIBLE,1.0,MANUAL_INTERVAL
2344,81.76240690955018,VISIBLE,1.0,MANUAL_INTERVAL
2345,81.79728848246381,VISIBLE,1.0,MANUAL_INTERVAL
2346,81.83217005537745,VISIBLE,1.0,MANUAL_INTERVAL
2347,81.86705162829108,VISIBLE,1.0,MANUAL_INTERVAL
2348,81.9019332012047,VISIBLE,1.0,MANUAL_INTERVAL
2349,81.93681477411833,VISIBLE,1.0,MANUAL_INTERVAL
2350,81.97169634703197,VISIBLE,1.0,MANUAL_INTERVAL
2351,82.0065779199456,VISIBLE,1.0,MANUAL_INTERVAL
2352,82.04145949285923,VISIBLE,1.0,MANUAL_INTERVAL
2353,82.07634106577285,VISIBLE,1.0,MANUAL_INTERVAL
2354,82.11122263868648,VISIBLE,1.0,MANUAL_INTERVAL
2355,82.14610421160012,VISIBLE,1.0,MANUAL_INTERVAL
2356,82.18098578451375,VISIBLE,1.0,MANUAL_INTERVAL
2357,82.21586735742738,VISIBLE,1.0,MANUAL_INTERVAL
2358,82.250748930341,VISIBLE,1.0,MANUAL_INTERVAL
2359,82.28563050325464,VISIBLE,1.0,MANUAL_INTERVAL
2360,82.32051207616827,VISIBLE,1.0,MANUAL_INTERVAL
2361,82.3553936490819,VISIBLE,1.0,MANUAL_INTERVAL
2362,82.39027522199554,VISIBLE,1.0,MANUAL_INTERVAL
2363,82.42515679490917,VISIBLE,1.0,MANUAL_INTERVAL
2364,82.46003836782279,VISIBLE,1.0,MANUAL_INTERVAL
2365,82.49491994073642,VISIBLE,1.0,MANUAL_INTERVAL
2366,82.52980151365006,VISIBLE,1.0,MANUAL_INTERVAL
2367,82.56468308656369,VISIBLE,1.0,MANUAL_INTERVAL
2368,82.59956465947732,VISIBLE,1.0,MANUAL_INTERVAL
2369,82.63444623239094,VISIBLE,1.0,MANUAL_INTERVAL
2370,82.66932780530458,VISIBLE,1.0,MANUAL_INTERVAL
2371,82.70420937821821,VISIBLE,1.0,MANUAL_INTERVAL
2372,82.73909095113184,VISIBLE,1.0,MANUAL_INTERVAL
2373,82.77397252404548,VISIBLE,1.0,MANUAL_INTERVAL
2374,82.8088540969591,VISIBLE,1.0,MANUAL_INTERVAL
2375,82.84373566987273,VISIBLE,1.0,MANUAL_INTERVAL
2376,82.87861724278636,VISIBLE,1.0,MANUAL_INTERVAL
2377,82.9134988157,VISIBLE,1.0,MANUAL_INTERVAL
2378,82.94838038861363,VISIBLE,1.0,MANUAL_INTERVAL
2379,82.98326196152725,VISIBLE,1.0,MANUAL_INTERVAL
2380,83.01814353444088,VISIBLE,1.0,MANUAL_INTERVAL
2381,83.05302510735451,VISIBLE,1.0,MANUAL_INTERVAL
2382,83.08790668026815,VISIBLE,1.0,MANUAL_INTERVAL
2383,83.12278825318178,VISIBLE,1.0,MANUAL_INTERVAL
2384,83.1576698260954,VISIBLE,1.0,MANUAL_INTERVAL
2385,83.19255139900903,VISIBLE,1.0,MANUAL_INTERVAL
2386,83.22743297192267,VISIBLE,1.0,MANUAL_INTERVAL
2387,83.2623145448363,VISIBLE,1.0,MANUAL_INTERVAL
2388,83.29719611774993,VISIBLE,1.0,MANUAL_INTERVAL
2389,83.33207769066357,VISIBLE,1.0,MANUAL_INTERVAL
2390,83.36695926357719,VISIBLE,1.0,MANUAL_INTERVAL
2391,83.40184083649082,VISIBLE,1.0,MANUAL_INTERVAL
2392,83.43672240940445,VISIBLE,1.0,MANUAL_INTERVAL
2393,83.47160398231809,VISIBLE,1.0,MANUAL_INTERVAL
2394,83.50648555523172,VISIBLE,1.0,MANUAL_INTERVAL
2395,83.54136712814534,VISIBLE,1.0,MANUAL_INTERVAL
2396,83.57624870105897,VISIBLE,1.0,MANUAL_INTERVAL
2397,83.6111302739726,VISIBLE,1.0,MANUAL_INTERVAL
2398,83.64601184688624,VISIBLE,1.0,MANUAL_INTERVAL
2399,83.68089341979987,VISIBLE,1.0,MANUAL_INTERVAL
2400,83.71577499271349,VISIBLE,1.0,MANUAL_INTERVAL
2401,83.75065656562712,VISIBLE,1.0,MANUAL_INTERVAL
2402,83.78553813854076,VISIBLE,1.0,MANUAL_INTERVAL
2403,83.82041971145439,VISIBLE,1.0,MANUAL_INTERVAL
2404,83.85530128436802,VISIBLE,1.0,MANUAL_INTERVAL
2405,83.89018285728164,VISIBLE,1.0,MANUAL_INTERVAL
2406,83.92506443019528,VISIBLE,1.0,MANUAL_INTERVAL
2407,83.95994600310891,VISIBLE,1.0,MANUAL_INTERVAL
2408,83.99482757602254,VISIBLE,1.0,MANUAL_INTERVAL
2409,84.02970914893618,VISIBLE,1.0,MANUAL_INTERVAL
2410,84.0645907218498,VISIBLE,1.0,MANUAL_INTERVAL
2411,84.09947229476343,VISIBLE,1.0,MANUAL_INTERVAL
2412,84.13435386767706,VISIBLE,1.0,MANUAL_INTERVAL
2413,84.1692354405907,VISIBLE,1.0,MANUAL_INTERVAL
2414,84.20411701350433,VISIBLE,1.0,MANUAL_INTERVAL
2415,84.23899858641795,VISIBLE,1.0,MANUAL_INTERVAL
2416,84.27388015933158,VISIBLE,1.0,MANUAL_INTERVAL
2417,84.30876173224522,VISIBLE,1.0,MANUAL_INTERVAL
2418,84.34364330515885,VISIBLE,1.0,MANUAL_INTERVAL
2419,84.37852487807248,VISIBLE,1.0,MANUAL_INTERVAL
2420,84.41340645098612,VISIBLE,1.0,MANUAL_INTERVAL
2421,84.44828802389974,VISIBLE,1.0,MANUAL_INTERVAL
2422,84.48316959681337,VISIBLE,1.0,MANUAL_INTERVAL
2423,84.518051169727,VISIBLE,1.0,MANUAL_INTERVAL
2424,84.55293274264064,VISIBLE,1.0,MANUAL_INTERVAL
2425,84.58781431555427,VISIBLE,1.0,MANUAL_INTERVAL
2426,84.62269588846789,VISIBLE,1.0,MANUAL_INTERVAL
2427,84.65757746138152,VISIBLE,1.0,MANUAL_INTERVAL
2428,84.69245903429515,VISIBLE,1.0,MANUAL_INTERVAL
2429,84.72734060720879,VISIBLE,1.0,MANUAL_INTERVAL
2430,84.76222218012242,VISIBLE,1.0,MANUAL_INTERVAL
2431,84.79710375303604,VISIBLE,1.0,MANUAL_INTERVAL
2432,84.83198532594967,VISIBLE,1.0,MANUAL_INTERVAL
2433,84.86686689886331,VISIBLE,1.0,MANUAL_INTERVAL
2434,84.90174847177694,VISIBLE,1.0,MANUAL_INTERVAL
2435,84.93663004469057,VISIBLE,1.0,MANUAL_INTERVAL
2436,84.9715116176042,VISIBLE,1.0,MANUAL_INTERVAL
2437,85.00639319051783,VISIBLE,1.0,MANUAL_INTERVAL
2438,85.04127476343146,VISIBLE,1.0,MANUAL_INTERVAL
2439,85.0761563363451,VISIBLE,1.0,MANUAL_INTERVAL
2440,85.11103790925873,VISIBLE,1.0,MANUAL_INTERVAL
2441,85.14591948217235,VISIBLE,1.0,MANUAL_INTERVAL
2442,85.18080105508598,VISIBLE,1.0,MANUAL_INTERVAL
2443,85.21568262799961,VISIBLE,1.0,MANUAL_INTERVAL
2444,85.25056420091325,VISIBLE,1.0,MANUAL_INTERVAL
2445,85.28544577382688,VISIBLE,1.0,MANUAL_INTERVAL
2446,85.32032734674051,VISIBLE,1.0,MANUAL_INTERVAL
2447,85.35520891965413,VISIBLE,1.0,MANUAL_INTERVAL
2448,85.39009049256777,VISIBLE,1.0,MANUAL_INTERVAL
2449,85.4249720654814,VISIBLE,1.0,MANUAL_INTERVAL
2450,85.45985363839503,VISIBLE,1.0,MANUAL_INTERVAL
2451,85.49473521130867,VISIBLE,1.0,MANUAL_INTERVAL
2452,85.52961678422228,VISIBLE,1.0,MANUAL_INTERVAL
2453,85.56449835713592,VISIBLE,1.0,MANUAL_INTERVAL
2454,85.59937993004955,VISIBLE,1.0,MANUAL_INTERVAL
2455,85.63426150296318,VISIBLE,1.0,MANUAL_INTERVAL
2456,85.66914307587682,VISIBLE,1.0,MANUAL_INTERVAL
2457,85.70402464879044,VISIBLE,1.0,MANUAL_INTERVAL
2458,85.73890622170407,VISIBLE,1.0,MANUAL_INTERVAL
2459,85.7737877946177,VISIBLE,1.0,MANUAL_INTERVAL
2460,85.80866936753134,VISIBLE,1.0,MANUAL_INTERVAL
2461,85.84355094044497,VISIBLE,1.0,MANUAL_INTERVAL
2462,85.87843251335859,VISIBLE,1.0,MANUAL_INTERVAL
2463,85.91331408627222,VISIBLE,1.0,MANUAL_INTERVAL
2464,85.94819565918586,VISIBLE,1.0,MANUAL_INTERVAL
2465,85.98307723209949,VISIBLE,1.0,MANUAL_INTERVAL
2466,86.01795880501312,VISIBLE,1.0,MANUAL_INTERVAL
2467,86.05284037792674,VISIBLE,1.0,MANUAL_INTERVAL
2468,86.08772195084038,VISIBLE,1.0,MANUAL_INTERVAL
2469,86.12260352375401,VISIBLE,1.0,MANUAL_INTERVAL
2470,86.15748509666764,VISIBLE,1.0,MANUAL_INTERVAL
2471,86.19236666958128,VISIBLE,1.0,MANUAL_INTERVAL
2472,86.22724824249491,VISIBLE,1.0,MANUAL_INTERVAL
2473,86.26212981540853,VISIBLE,1.0,MANUAL_INTERVAL
2474,86.29701138832216,VISIBLE,1.0,MANUAL_INTERVAL
2475,86.3318929612358,VISIBLE,1.0,MANUAL_INTERVAL
2476,86.36677453414943,VISIBLE,1.0,MANUAL_INTERVAL
2477,86.40165610706306,VISIBLE,1.0,MANUAL_INTERVAL
2478,86.43653767997668,VISIBLE,1.0,MANUAL_INTERVAL
2479,86.47141925289031,VISIBLE,1.0,MANUAL_INTERVAL
2480,86.50630082580395,VISIBLE,1.0,MANUAL_INTERVAL
2481,86.54118239871758,VISIBLE,1.0,MANUAL_INTERVAL
2482,86.57606397163121,VISIBLE,1.0,MANUAL_INTERVAL
2483,86.61094554454483,VISIBLE,1.0,MANUAL_INTERVAL
2484,86.64582711745847,VISIBLE,1.0,MANUAL_INTERVAL
2485,86.6807086903721,VISIBLE,1.0,MANUAL_INTERVAL
2486,86.71559026328573,VISIBLE,1.0,MANUAL_INTERVAL
2487,86.75047183619937,VISIBLE,1.0,MANUAL_INTERVAL
2488,86.78535340911299,VISIBLE,1.0,MANUAL_INTERVAL
2489,86.82023498202662,VISIBLE,1.0,MANUAL_INTERVAL
2490,86.85511655494025,VISIBLE,1.0,MANUAL_INTERVAL
2491,86.88999812785389,VISIBLE,1.0,MANUAL_INTERVAL
2492,86.92487970076752,VISIBLE,1.0,MANUAL_INTERVAL
2493,86.95976127368114,VISIBLE,1.0,MANUAL_INTERVAL
2494,86.99464284659477,VISIBLE,1.0,MANUAL_INTERVAL
2495,87.0295244195084,VISIBLE,1.0,MANUAL_INTERVAL
2496,87.06440599242204,VISIBLE,1.0,MANUAL_INTERVAL
2497,87.09928756533567,VISIBLE,1.0,MANUAL_INTERVAL
2498,87.13416913824929,VISIBLE,1.0,MANUAL_INTERVAL
2499,87.16905071116292,VISIBLE,1.0,MANUAL_INTERVAL
2500,87.20393228407656,VISIBLE,1.0,MANUAL_INTERVAL
2501,87.23881385699019,VISIBLE,1.0,MANUAL_INTERVAL
2502,87.27369542990382,VISIBLE,1.0,MANUAL_INTERVAL
2503,87.30857700281746,VISIBLE,1.0,MANUAL_INTERVAL
2504,87.34345857573108,VISIBLE,1.0,MANUAL_INTERVAL
2505,87.37834014864471,VISIBLE,1.0,MANUAL_INTERVAL
2506,87.41322172155834,VISIBLE,1.0,MANUAL_INTERVAL
2507,87.44810329447198,VISIBLE,1.0,MANUAL_INTERVAL
2508,87.48298486738561,VISIBLE,1.0,MANUAL_INTERVAL
2509,87.51786644029923,VISIBLE,1.0,MANUAL_INTERVAL
2510,87.55274801321286,VISIBLE,1.0,MANUAL_INTERVAL
2511,87.5876295861265,VISIBLE,1.0,MANUAL_INTERVAL
2512,87.62251115904013,VISIBLE,1.0,MANUAL_INTERVAL
2513,87.65739273195376,VISIBLE,1.0,MANUAL_INTERVAL
2514,87.69227430486738,VISIBLE,1.0,MANUAL_INTERVAL
2515,87.72715587778102,VISIBLE,1.0,MANUAL_INTERVAL
2516,87.76203745069465,VISIBLE,1.0,MANUAL_INTERVAL
2517,87.79691902360828,VISIBLE,1.0,MANUAL_INTERVAL
2518,87.83180059652192,VISIBLE,1.0,MANUAL_INTERVAL
2519,87.86668216943553,VISIBLE,1.0,MANUAL_INTERVAL
2520,87.90156374234917,VISIBLE,1.0,MANUAL_INTERVAL
2521,87.9364453152628,VISIBLE,1.0,MANUAL_INTERVAL
2522,87.97132688817643,VISIBLE,1.0,MANUAL_INTERVAL
2523,88.00620846109007,VISIBLE,1.0,MANUAL_INTERVAL
2524,88.04109003400369,VISIBLE,1.0,MANUAL_INTERVAL
2525,88.07597160691732,VISIBLE,1.0,MANUAL_INTERVAL
2526,88.11085317983095,VISIBLE,1.0,MANUAL_INTERVAL
2527,88.14573475274459,VISIBLE,1.0,MANUAL_INTERVAL
2528,88.18061632565822,VISIBLE,1.0,MANUAL_INTERVAL
2529,88.21549789857185,VISIBLE,1.0,MANUAL_INTERVAL
2530,88.25037947148547,VISIBLE,1.0,MANUAL_INTERVAL
2531,88.2852610443991,VISIBLE,1.0,MANUAL_INTERVAL
2532,88.32014261731274,VISIBLE,1.0,MANUAL_INTERVAL
2533,88.35502419022637,VISIBLE,1.0,MANUAL_INTERVAL
2534,88.38990576314,VISIBLE,1.0,MANUAL_INTERVAL
2535,88.42478733605363,VISIBLE,1.0,MANUAL_INTERVAL
2536,88.45966890896726,VISIBLE,1.0,MANUAL_INTERVAL
2537,88.49455048188089,VISIBLE,1.0,MANUAL_INTERVAL
2538,88.52943205479453,VISIBLE,1.0,MANUAL_INTERVAL
2539,88.56431362770816,VISIBLE,1.0,MANUAL_INTERVAL
2540,88.59919520062178,VISIBLE,1.0,MANUAL_INTERVAL
2541,88.63407677353541,VISIBLE,1.0,MANUAL_INTERVAL
2542,88.66895834644905,VISIBLE,1.0,MANUAL_INTERVAL
2543,88.70383991936268,VISIBLE,1.0,MANUAL_INTERVAL
2544,88.73872149227631,VISIBLE,1.0,MANUAL_INTERVAL
2545,88.77360306518993,VISIBLE,1.0,MANUAL_INTERVAL
2546,88.80848463810356,VISIBLE,1.0,MANUAL_INTERVAL
2547,88.8433662110172,VISIBLE,1.0,MANUAL_INTERVAL
2548,88.87824778393083,VISIBLE,1.0,MANUAL_INTERVAL
2549,88.91312935684446,VISIBLE,1.0,MANUAL_INTERVAL
2550,88.94801092975808,VISIBLE,1.0,MANUAL_INTERVAL
2551,88.98289250267172,VISIBLE,1.0,MANUAL_INTERVAL
2552,89.01777407558535,VISIBLE,1.0,MANUAL_INTERVAL
2553,89.05265564849898,VISIBLE,1.0,MANUAL_INTERVAL
2554,89.08753722141262,VISIBLE,1.0,MANUAL_INTERVAL
2555,89.12241879432625,VISIBLE,1.0,MANUAL_INTERVAL
2556,89.15730036723987,VISIBLE,1.0,MANUAL_INTERVAL
2557,89.1921819401535,VISIBLE,1.0,MANUAL_INTERVAL
2558,89.22706351306714,VISIBLE,1.0,MANUAL_INTERVAL
2559,89.26194508598077,VISIBLE,1.0,MANUAL_INTERVAL
2560,89.2968266588944,VISIBLE,1.0,MANUAL_INTERVAL
2561,89.33170823180802,VISIBLE,1.0,MANUAL_INTERVAL
2562,89.36658980472166,VISIBLE,1.0,MANUAL_INTERVAL
2563,89.40147137763529,VISIBLE,1.0,MANUAL_INTERVAL
2564,89.43635295054892,VISIBLE,1.0,MANUAL_INTERVAL
2565,89.47123452346256,VISIBLE,1.0,MANUAL_INTERVAL
2566,89.50611609637618,VISIBLE,1.0,MANUAL_INTERVAL
2567,89.54099766928981,VISIBLE,1.0,MANUAL_INTERVAL
2568,89.57587924220344,VISIBLE,1.0,MANUAL_INTERVAL
2569,89.61076081511708,VISIBLE,1.0,MANUAL_INTERVAL
2570,89.64564238803071,VISIBLE,1.0,MANUAL_INTERVAL
2571,89.68052396094433,VISIBLE,1.0,MANUAL_INTERVAL
2572,89.71540553385796,VISIBLE,1.0,MANUAL_INTERVAL
2573,89.7502871067716,VISIBLE,1.0,MANUAL_INTERVAL
2574,89.78516867968523,VISIBLE,1.0,MANUAL_INTERVAL
2575,89.82005025259886,VISIBLE,1.0,MANUAL_INTERVAL
2576,89.85493182551248,VISIBLE,1.0,MANUAL_INTERVAL
2577,89.88981339842611,VISIBLE,1.0,MANUAL_INTERVAL
2578,89.92469497133975,VISIBLE,1.0,MANUAL_INTERVAL
2579,89.95957654425338,VISIBLE,1.0,MANUAL_INTERVAL
2580,89.99445811716701,VISIBLE,1.0,MANUAL_INTERVAL
2581,90.02933969008063,VISIBLE,1.0,MANUAL_INTERVAL
2582,90.06422126299427,VISIBLE,1.0,MANUAL_INTERVAL
2583,90.0991028359079,VISIBLE,1.0,MANUAL_INTERVAL
2584,90.13398440882153,VISIBLE,1.0,MANUAL_INTERVAL
2585,90.16886598173517,VISIBLE,1.0,MANUAL_INTERVAL
2586,90.2037475546488,VISIBLE,1.0,MANUAL_INTERVAL
2587,90.23862912756242,VISIBLE,1.0,MANUAL_INTERVAL
2588,90.27351070047605,PARTIALLY_VISIBLE,,MANUAL_SHORT_RUN_REVIEW
2589,90.30839227338969,VISIBLE,1.0,MANUAL_INTERVAL
2590,90.34327384630332,PARTIALLY_VISIBLE,,MANUAL_SHORT_RUN_REVIEW
2591,90.37815541921695,VISIBLE,1.0,MANUAL_INTERVAL
2592,90.41303699213057,VISIBLE,1.0,MANUAL_INTERVAL
2593,90.4479185650442,VISIBLE,1.0,MANUAL_INTERVAL
2594,90.48280013795784,PARTIALLY_VISIBLE,,MANUAL_SHORT_RUN_REVIEW
2595,90.51768171087147,VISIBLE,1.0,MANUAL_INTERVAL
2596,90.5525632837851,VISIBLE,1.0,MANUAL_INTERVAL
2597,90.58744485669872,PARTIALLY_VISIBLE,,MANUAL_SHORT_RUN_REVIEW
2598,90.62232642961236,PARTIALLY_VISIBLE,,MANUAL_SHORT_RUN_REVIEW
2599,90.65720800252599,VISIBLE,1.0,MANUAL_INTERVAL
2600,90.69208957543962,PARTIALLY_VISIBLE,,MANUAL_INTERVAL
2601,90.72697114835326,PARTIALLY_VISIBLE,,MANUAL_INTERVAL
2602,90.76185272126688,PARTIALLY_VISIBLE,,MANUAL_INTERVAL
2603,90.79673429418051,PARTIALLY_VISIBLE,,MANUAL_INTERVAL
2604,90.83161586709414,PARTIALLY_VISIBLE,,MANUAL_INTERVAL
2605,90.86649744000778,PARTIALLY_VISIBLE,,MANUAL_INTERVAL
2606,90.90137901292141,PARTIALLY_VISIBLE,,MANUAL_INTERVAL
2607,90.93626058583503,PARTIALLY_VISIBLE,,MANUAL_INTERVAL
2608,90.97114215874866,PARTIALLY_VISIBLE,,MANUAL_INTERVAL
2609,91.0060237316623,PARTIALLY_VISIBLE,,MANUAL_INTERVAL
2610,91.04090530457593,PARTIALLY_VISIBLE,,MANUAL_INTERVAL
2611,91.07578687748956,PARTIALLY_VISIBLE,,MANUAL_INTERVAL
2612,91.1106684504032,PARTIALLY_VISIBLE,,MANUAL_INTERVAL
2613,91.14555002331682,PARTIALLY_VISIBLE,,MANUAL_INTERVAL
2614,91.18043159623045,PARTIALLY_VISIBLE,,MANUAL_INTERVAL
2615,91.21531316914408,PARTIALLY_VISIBLE,,MANUAL_INTERVAL
2616,91.25019474205772,PARTIALLY_VISIBLE,,MANUAL_INTERVAL
2617,91.28507631497135,VISIBLE,1.0,MANUAL_INTERVAL
2618,91.31995788788497,VISIBLE,1.0,MANUAL_INTERVAL
2619,91.3548394607986,VISIBLE,1.0,MANUAL_INTERVAL
2620,91.38972103371223,VISIBLE,1.0,MANUAL_INTERVAL
2621,91.42460260662587,VISIBLE,1.0,MANUAL_INTERVAL
2622,91.4594841795395,VISIBLE,1.0,MANUAL_INTERVAL
2623,91.49436575245312,VISIBLE,1.0,MANUAL_INTERVAL
2624,91.52924732536675,VISIBLE,1.0,MANUAL_INTERVAL
2625,91.56412889828039,VISIBLE,1.0,MANUAL_INTERVAL
2626,91.59901047119402,VISIBLE,1.0,MANUAL_INTERVAL
2627,91.63389204410765,VISIBLE,1.0,MANUAL_INTERVAL
2628,91.66877361702127,VISIBLE,1.0,MANUAL_INTERVAL
2629,91.7036551899349,VISIBLE,1.0,MANUAL_INTERVAL
2630,91.73853676284854,VISIBLE,1.0,MANUAL_INTERVAL
2631,91.77341833576217,VISIBLE,1.0,MANUAL_INTERVAL
2632,91.8082999086758,VISIBLE,1.0,MANUAL_INTERVAL
2633,91.84318148158943,VISIBLE,1.0,MANUAL_INTERVAL
2634,91.87806305450306,VISIBLE,1.0,MANUAL_INTERVAL
2635,91.91294462741669,VISIBLE,1.0,MANUAL_INTERVAL
2636,91.94782620033033,VISIBLE,1.0,MANUAL_INTERVAL
2637,91.98270777324396,VISIBLE,1.0,MANUAL_INTERVAL
2638,92.01758934615759,VISIBLE,1.0,MANUAL_INTERVAL
2639,92.05247091907121,VISIBLE,1.0,MANUAL_INTERVAL
2640,92.08735249198484,VISIBLE,1.0,MANUAL_INTERVAL
2641,92.12223406489848,VISIBLE,1.0,MANUAL_INTERVAL
2642,92.15711563781211,VISIBLE,1.0,MANUAL_INTERVAL
2643,92.19199721072575,VISIBLE,1.0,MANUAL_INTERVAL
2644,92.22687878363936,VISIBLE,1.0,MANUAL_INTERVAL
2645,92.261760356553,VISIBLE,1.0,MANUAL_INTERVAL
2646,92.29664192946663,VISIBLE,1.0,MANUAL_INTERVAL
2647,92.33152350238026,VISIBLE,1.0,MANUAL_INTERVAL
2648,92.3664050752939,VISIBLE,1.0,MANUAL_INTERVAL
2649,92.40128664820752,VISIBLE,1.0,MANUAL_INTERVAL
2650,92.43616822112115,VISIBLE,1.0,MANUAL_INTERVAL
2651,92.47104979403478,VISIBLE,1.0,MANUAL_INTERVAL
2652,92.50593136694842,VISIBLE,1.0,MANUAL_INTERVAL
2653,92.54081293986205,VISIBLE,1.0,MANUAL_INTERVAL
2654,92.57569451277567,VISIBLE,1.0,MANUAL_INTERVAL
2655,92.6105760856893,VISIBLE,1.0,MANUAL_INTERVAL
2656,92.64545765860294,VISIBLE,1.0,MANUAL_INTERVAL
2657,92.68033923151657,VISIBLE,1.0,MANUAL_INTERVAL
2658,92.7152208044302,VISIBLE,1.0,MANUAL_INTERVAL
2659,92.75010237734382,VISIBLE,1.0,MANUAL_INTERVAL
2660,92.78498395025746,VISIBLE,1.0,MANUAL_INTERVAL
2661,92.81986552317109,VISIBLE,1.0,MANUAL_INTERVAL
2662,92.85474709608472,VISIBLE,1.0,MANUAL_INTERVAL
2663,92.88962866899836,VISIBLE,1.0,MANUAL_INTERVAL
2664,92.92451024191197,VISIBLE,1.0,MANUAL_INTERVAL
2665,92.95939181482561,VISIBLE,1.0,MANUAL_INTERVAL
2666,92.99427338773924,VISIBLE,1.0,MANUAL_INTERVAL
2667,93.02915496065287,VISIBLE,1.0,MANUAL_INTERVAL
2668,93.06403653356651,VISIBLE,1.0,MANUAL_INTERVAL
2669,93.09891810648014,VISIBLE,1.0,MANUAL_INTERVAL
2670,93.13379967939376,VISIBLE,1.0,MANUAL_INTERVAL
2671,93.1686812523074,VISIBLE,1.0,MANUAL_INTERVAL
2672,93.20356282522103,VISIBLE,1.0,MANUAL_INTERVAL
2673,93.23844439813466,VISIBLE,1.0,MANUAL_INTERVAL
2674,93.2733259710483,VISIBLE,1.0,MANUAL_INTERVAL
2675,93.30820754396191,VISIBLE,1.0,MANUAL_INTERVAL
2676,93.34308911687555,VISIBLE,1.0,MANUAL_INTERVAL
2677,93.37797068978918,VISIBLE,1.0,MANUAL_INTERVAL
2678,93.41285226270281,VISIBLE,1.0,MANUAL_INTERVAL
2679,93.44773383561645,VISIBLE,1.0,MANUAL_INTERVAL
2680,93.48261540853007,VISIBLE,1.0,MANUAL_INTERVAL
2681,93.5174969814437,VISIBLE,1.0,MANUAL_INTERVAL
2682,93.55237855435733,VISIBLE,1.0,MANUAL_INTERVAL
2683,93.58726012727097,VISIBLE,1.0,MANUAL_INTERVAL
2684,93.6221417001846,VISIBLE,1.0,MANUAL_INTERVAL
2685,93.65702327309822,VISIBLE,1.0,MANUAL_INTERVAL
2686,93.69190484601185,VISIBLE,1.0,MANUAL_INTERVAL
2687,93.72678641892549,VISIBLE,1.0,MANUAL_INTERVAL
2688,93.76166799183912,VISIBLE,1.0,MANUAL_INTERVAL
2689,93.79654956475275,VISIBLE,1.0,MANUAL_INTERVAL
2690,93.83143113766637,VISIBLE,1.0,MANUAL_INTERVAL
2691,93.86631271058,VISIBLE,1.0,MANUAL_INTERVAL
2692,93.90119428349364,VISIBLE,1.0,MANUAL_INTERVAL
2693,93.93607585640727,VISIBLE,1.0,MANUAL_INTERVAL
2694,93.9709574293209,VISIBLE,1.0,MANUAL_INTERVAL
2695,94.00583900223454,VISIBLE,1.0,MANUAL_INTERVAL
2696,94.04072057514816,VISIBLE,1.0,MANUAL_INTERVAL
2697,94.07560214806179,VISIBLE,1.0,MANUAL_INTERVAL
2698,94.11048372097542,VISIBLE,1.0,MANUAL_INTERVAL
2699,94.14536529388906,VISIBLE,1.0,MANUAL_INTERVAL
2700,94.18024686680269,VISIBLE,1.0,MANUAL_INTERVAL
2701,94.21512843971631,VISIBLE,1.0,MANUAL_INTERVAL
2702,94.25001001262994,VISIBLE,1.0,MANUAL_INTERVAL
2703,94.28489158554358,VISIBLE,1.0,MANUAL_INTERVAL
2704,94.31977315845721,VISIBLE,1.0,MANUAL_INTERVAL
2705,94.35465473137084,VISIBLE,1.0,MANUAL_INTERVAL
2706,94.38953630428446,VISIBLE,1.0,MANUAL_INTERVAL
2707,94.4244178771981,VISIBLE,1.0,MANUAL_INTERVAL
2708,94.45929945011173,VISIBLE,1.0,MANUAL_INTERVAL
2709,94.49418102302536,VISIBLE,1.0,MANUAL_INTERVAL
2710,94.529062595939,VISIBLE,1.0,MANUAL_INTERVAL
2711,94.56394416885261,VISIBLE,1.0,MANUAL_INTERVAL
2712,94.59882574176625,VISIBLE,1.0,MANUAL_INTERVAL
2713,94.63370731467988,VISIBLE,1.0,MANUAL_INTERVAL
2714,94.66858888759351,VISIBLE,1.0,MANUAL_INTERVAL
2715,94.70347046050715,VISIBLE,1.0,MANUAL_INTERVAL
2716,94.73835203342077,VISIBLE,1.0,MANUAL_INTERVAL
2717,94.7732336063344,VISIBLE,1.0,MANUAL_INTERVAL
2718,94.80811517924803,VISIBLE,1.0,MANUAL_INTERVAL
2719,94.84299675216167,VISIBLE,1.0,MANUAL_INTERVAL
2720,94.8778783250753,VISIBLE,1.0,MANUAL_INTERVAL
2721,94.91275989798893,VISIBLE,1.0,MANUAL_INTERVAL
2722,94.94764147090255,VISIBLE,1.0,MANUAL_INTERVAL
2723,94.98252304381619,VISIBLE,1.0,MANUAL_INTERVAL
2724,95.01740461672982,VISIBLE,1.0,MANUAL_INTERVAL
2725,95.05228618964345,VISIBLE,1.0,MANUAL_INTERVAL
2726,95.08716776255709,VISIBLE,1.0,MANUAL_INTERVAL
2727,95.1220493354707,VISIBLE,1.0,MANUAL_INTERVAL
2728,95.15693090838434,VISIBLE,1.0,MANUAL_INTERVAL
2729,95.19181248129797,VISIBLE,1.0,MANUAL_INTERVAL
2730,95.2266940542116,VISIBLE,1.0,MANUAL_INTERVAL
2731,95.26157562712524,VISIBLE,1.0,MANUAL_INTERVAL
2732,95.29645720003886,VISIBLE,1.0,MANUAL_INTERVAL
2733,95.33133877295249,VISIBLE,1.0,MANUAL_INTERVAL
2734,95.36622034586613,VISIBLE,1.0,MANUAL_INTERVAL
2735,95.40110191877976,VISIBLE,1.0,MANUAL_INTERVAL
2736,95.43598349169339,VISIBLE,1.0,MANUAL_INTERVAL
2737,95.47086506460701,VISIBLE,1.0,MANUAL_INTERVAL
2738,95.50574663752064,VISIBLE,1.0,MANUAL_INTERVAL
2739,95.54062821043428,VISIBLE,1.0,MANUAL_INTERVAL
2740,95.57550978334791,VISIBLE,1.0,MANUAL_INTERVAL
2741,95.61039135626154,VISIBLE,1.0,MANUAL_INTERVAL
2742,95.64527292917516,VISIBLE,1.0,MANUAL_INTERVAL
2743,95.6801545020888,VISIBLE,1.0,MANUAL_INTERVAL
2744,95.71503607500243,VISIBLE,1.0,MANUAL_INTERVAL
2745,95.74991764791606,VISIBLE,1.0,MANUAL_INTERVAL
2746,95.7847992208297,VISIBLE,1.0,MANUAL_INTERVAL
2747,95.81968079374332,VISIBLE,1.0,MANUAL_INTERVAL
2748,95.85456236665695,VISIBLE,1.0,MANUAL_INTERVAL
2749,95.88944393957058,VISIBLE,1.0,MANUAL_INTERVAL
2750,95.92432551248422,VISIBLE,1.0,MANUAL_INTERVAL
2751,95.95920708539785,VISIBLE,1.0,MANUAL_INTERVAL
2752,95.99408865831148,VISIBLE,1.0,MANUAL_INTERVAL
2753,96.0289702312251,VISIBLE,1.0,MANUAL_INTERVAL
2754,96.06385180413874,VISIBLE,1.0,MANUAL_INTERVAL
2755,96.09873337705237,VISIBLE,1.0,MANUAL_INTERVAL
2756,96.133614949966,VISIBLE,1.0,MANUAL_INTERVAL
2757,96.16849652287964,VISIBLE,1.0,MANUAL_INTERVAL
2758,96.20337809579325,VISIBLE,1.0,MANUAL_INTERVAL
2759,96.23825966870689,VISIBLE,1.0,MANUAL_INTERVAL
2760,96.27314124162052,VISIBLE,1.0,MANUAL_INTERVAL
2761,96.30802281453416,VISIBLE,1.0,MANUAL_INTERVAL
2762,96.34290438744779,VISIBLE,1.0,MANUAL_INTERVAL
2763,96.37778596036141,VISIBLE,1.0,MANUAL_INTERVAL
2764,96.41266753327504,VISIBLE,1.0,MANUAL_INTERVAL
2765,96.44754910618867,VISIBLE,1.0,MANUAL_INTERVAL
2766,96.48243067910231,VISIBLE,1.0,MANUAL_INTERVAL
2767,96.51731225201594,VISIBLE,1.0,MANUAL_INTERVAL
2768,96.55219382492956,VISIBLE,1.0,MANUAL_INTERVAL
2769,96.5870753978432,VISIBLE,1.0,MANUAL_INTERVAL
2770,96.62195697075683,VISIBLE,1.0,MANUAL_INTERVAL
2771,96.65683854367046,VISIBLE,1.0,MANUAL_INTERVAL
2772,96.6917201165841,VISIBLE,1.0,MANUAL_INTERVAL
2773,96.72660168949771,VISIBLE,1.0,MANUAL_INTERVAL
2774,96.76148326241135,VISIBLE,1.0,MANUAL_INTERVAL
2775,96.79636483532498,VISIBLE,1.0,MANUAL_INTERVAL
2776,96.83124640823861,VISIBLE,1.0,MANUAL_INTERVAL
2777,96.86612798115225,VISIBLE,1.0,MANUAL_INTERVAL
2778,96.90100955406588,VISIBLE,1.0,MANUAL_INTERVAL
2779,96.9358911269795,VISIBLE,1.0,MANUAL_INTERVAL
2780,96.97077269989313,VISIBLE,1.0,MANUAL_INTERVAL
2781,97.00565427280677,VISIBLE,1.0,MANUAL_INTERVAL
2782,97.0405358457204,VISIBLE,1.0,MANUAL_INTERVAL
2783,97.07541741863403,VISIBLE,1.0,MANUAL_INTERVAL
2784,97.11029899154765,VISIBLE,1.0,MANUAL_INTERVAL
2785,97.14518056446128,VISIBLE,1.0,MANUAL_INTERVAL
2786,97.18006213737492,VISIBLE,1.0,MANUAL_INTERVAL
2787,97.21494371028855,VISIBLE,1.0,MANUAL_INTERVAL
2788,97.24982528320218,VISIBLE,1.0,MANUAL_INTERVAL
2789,97.2847068561158,VISIBLE,1.0,MANUAL_INTERVAL
2790,97.31958842902944,VISIBLE,1.0,MANUAL_INTERVAL
2791,97.35447000194307,VISIBLE,1.0,MANUAL_INTERVAL
2792,97.3893515748567,VISIBLE,1.0,MANUAL_INTERVAL
2793,97.42423314777034,VISIBLE,1.0,MANUAL_INTERVAL
2794,97.45911472068396,VISIBLE,1.0,MANUAL_INTERVAL
2795,97.49399629359759,VISIBLE,1.0,MANUAL_INTERVAL
2796,97.52887786651122,VISIBLE,1.0,MANUAL_INTERVAL
2797,97.56375943942486,VISIBLE,1.0,MANUAL_INTERVAL
2798,97.59864101233849,VISIBLE,1.0,MANUAL_INTERVAL
2799,97.63352258525211,VISIBLE,1.0,MANUAL_INTERVAL
2800,97.66840415816574,VISIBLE,1.0,MANUAL_INTERVAL
2801,97.70328573107938,VISIBLE,1.0,MANUAL_INTERVAL
2802,97.73816730399301,VISIBLE,1.0,MANUAL_INTERVAL
2803,97.77304887690664,VISIBLE,1.0,MANUAL_INTERVAL
2804,97.80793044982028,VISIBLE,1.0,MANUAL_INTERVAL
2805,97.8428120227339,VISIBLE,1.0,MANUAL_INTERVAL
2806,97.87769359564753,VISIBLE,1.0,MANUAL_INTERVAL
2807,97.91257516856116,VISIBLE,1.0,MANUAL_INTERVAL
2808,97.9474567414748,VISIBLE,1.0,MANUAL_INTERVAL
2809,97.98233831438843,VISIBLE,1.0,MANUAL_INTERVAL
2810,98.01721988730205,VISIBLE,1.0,MANUAL_INTERVAL
2811,98.05210146021568,VISIBLE,1.0,MANUAL_INTERVAL
2812,98.08698303312931,VISIBLE,1.0,MANUAL_INTERVAL
2813,98.12186460604295,VISIBLE,1.0,MANUAL_INTERVAL
2814,98.15674617895658,VISIBLE,1.0,MANUAL_INTERVAL
2815,98.1916277518702,VISIBLE,1.0,MANUAL_INTERVAL
2816,98.22650932478383,VISIBLE,1.0,MANUAL_INTERVAL
2817,98.26139089769747,VISIBLE,1.0,MANUAL_INTERVAL
2818,98.2962724706111,VISIBLE,1.0,MANUAL_INTERVAL
2819,98.33115404352473,VISIBLE,1.0,MANUAL_INTERVAL
2820,98.36603561643835,VISIBLE,1.0,MANUAL_INTERVAL
2821,98.40091718935199,VISIBLE,1.0,MANUAL_INTERVAL
2822,98.43579876226562,VISIBLE,1.0,MANUAL_INTERVAL
2823,98.47068033517925,VISIBLE,1.0,MANUAL_INTERVAL
2824,98.50556190809289,VISIBLE,1.0,MANUAL_INTERVAL
2825,98.5404434810065,VISIBLE,1.0,MANUAL_INTERVAL
2826,98.57532505392014,VISIBLE,1.0,MANUAL_INTERVAL
2827,98.61020662683377,VISIBLE,1.0,MANUAL_INTERVAL
2828,98.6450881997474,VISIBLE,1.0,MANUAL_INTERVAL
2829,98.67996977266104,VISIBLE,1.0,MANUAL_INTERVAL
2830,98.71485134557466,VISIBLE,1.0,MANUAL_INTERVAL
2831,98.74973291848829,VISIBLE,1.0,MANUAL_INTERVAL
2832,98.78461449140192,VISIBLE,1.0,MANUAL_INTERVAL
2833,98.81949606431556,VISIBLE,1.0,MANUAL_INTERVAL
2834,98.85437763722919,PARTIALLY_VISIBLE,,MANUAL_SHORT_RUN_REVIEW
2835,98.88925921014282,VISIBLE,1.0,MANUAL_INTERVAL
2836,98.92414078305644,VISIBLE,1.0,MANUAL_INTERVAL
2837,98.95902235597008,VISIBLE,1.0,MANUAL_INTERVAL
2838,98.99390392888371,VISIBLE,1.0,MANUAL_INTERVAL
2839,99.02878550179734,VISIBLE,1.0,MANUAL_INTERVAL
2840,99.06366707471098,VISIBLE,1.0,MANUAL_INTERVAL
2841,99.0985486476246,VISIBLE,1.0,MANUAL_INTERVAL
2842,99.13343022053823,VISIBLE,1.0,MANUAL_INTERVAL
2843,99.16831179345186,VISIBLE,1.0,MANUAL_INTERVAL
2844,99.2031933663655,VISIBLE,1.0,MANUAL_INTERVAL
2845,99.23807493927913,VISIBLE,1.0,MANUAL_INTERVAL
2846,99.27295651219275,VISIBLE,1.0,MANUAL_INTERVAL
2847,99.30783808510638,VISIBLE,1.0,MANUAL_INTERVAL
2848,99.34271965802002,VISIBLE,1.0,MANUAL_INTERVAL
2849,99.37760123093365,VISIBLE,1.0,MANUAL_INTERVAL
2850,99.41248280384728,VISIBLE,1.0,MANUAL_INTERVAL
2851,99.4473643767609,VISIBLE,1.0,MANUAL_INTERVAL
2852,99.48224594967454,VISIBLE,1.0,MANUAL_INTERVAL
2853,99.51712752258817,VISIBLE,1.0,MANUAL_INTERVAL
2854,99.5520090955018,VISIBLE,1.0,MANUAL_INTERVAL
2855,99.58689066841544,VISIBLE,1.0,MANUAL_SHORT_RUN_REVIEW
2856,99.62177224132905,VISIBLE,1.0,MANUAL_SHORT_RUN_REVIEW
2857,99.65665381424269,VISIBLE,1.0,MANUAL_INTERVAL
2858,99.69153538715632,VISIBLE,1.0,MANUAL_INTERVAL
2859,99.72641696006995,VISIBLE,1.0,MANUAL_INTERVAL
2860,99.76129853298359,VISIBLE,1.0,MANUAL_INTERVAL
2861,99.79618010589722,VISIBLE,1.0,MANUAL_INTERVAL
2862,99.83106167881084,VISIBLE,1.0,MANUAL_INTERVAL
2863,99.86594325172447,VISIBLE,1.0,MANUAL_INTERVAL
2864,99.90082482463811,VISIBLE,1.0,MANUAL_INTERVAL
2865,99.93570639755174,VISIBLE,1.0,MANUAL_INTERVAL
2866,99.97058797046537,VISIBLE,1.0,MANUAL_INTERVAL
2867,100.005469543379,VISIBLE,1.0,MANUAL_INTERVAL
2868,100.04035111629263,VISIBLE,1.0,MANUAL_INTERVAL
2869,100.07523268920626,VISIBLE,1.0,MANUAL_INTERVAL
2870,100.1101142621199,VISIBLE,1.0,MANUAL_INTERVAL
2871,100.14499583503353,VISIBLE,1.0,MANUAL_INTERVAL
2872,100.17987740794715,VISIBLE,1.0,MANUAL_INTERVAL
2873,100.21475898086078,VISIBLE,1.0,MANUAL_INTERVAL
2874,100.24964055377441,VISIBLE,1.0,MANUAL_INTERVAL
2875,100.28452212668805,VISIBLE,1.0,MANUAL_INTERVAL
2876,100.31940369960168,VISIBLE,1.0,MANUAL_INTERVAL
2877,100.3542852725153,VISIBLE,1.0,MANUAL_INTERVAL
2878,100.38916684542893,VISIBLE,1.0,MANUAL_INTERVAL
2879,100.42404841834257,VISIBLE,1.0,MANUAL_INTERVAL
2880,100.4589299912562,VISIBLE,1.0,MANUAL_INTERVAL
2881,100.49381156416983,VISIBLE,1.0,MANUAL_INTERVAL
2882,100.52869313708345,VISIBLE,1.0,MANUAL_INTERVAL
2883,100.56357470999708,VISIBLE,1.0,MANUAL_INTERVAL
2884,100.59845628291072,VISIBLE,1.0,MANUAL_INTERVAL
2885,100.63333785582435,VISIBLE,1.0,MANUAL_INTERVAL
2886,100.66821942873798,VISIBLE,1.0,MANUAL_INTERVAL
2887,100.70310100165162,VISIBLE,1.0,MANUAL_INTERVAL
2888,100.73798257456524,VISIBLE,1.0,MANUAL_INTERVAL
2889,100.77286414747887,VISIBLE,1.0,MANUAL_SHORT_RUN_REVIEW
2890,100.8077457203925,VISIBLE,1.0,MANUAL_INTERVAL
2891,100.84262729330614,VISIBLE,1.0,MANUAL_INTERVAL
2892,100.87750886621977,VISIBLE,1.0,MANUAL_INTERVAL
2893,100.91239043913339,VISIBLE,1.0,MANUAL_INTERVAL
2894,100.94727201204702,VISIBLE,1.0,MANUAL_INTERVAL
2895,100.98215358496066,VISIBLE,1.0,MANUAL_INTERVAL
2896,101.01703515787429,VISIBLE,1.0,MANUAL_INTERVAL
2897,101.05191673078792,VISIBLE,1.0,MANUAL_INTERVAL
2898,101.08679830370154,VISIBLE,1.0,MANUAL_INTERVAL
2899,101.12167987661518,VISIBLE,1.0,MANUAL_INTERVAL
2900,101.15656144952881,VISIBLE,1.0,MANUAL_INTERVAL
2901,101.19144302244244,VISIBLE,1.0,MANUAL_INTERVAL
2902,101.22632459535608,VISIBLE,1.0,MANUAL_INTERVAL
2903,101.2612061682697,VISIBLE,1.0,MANUAL_INTERVAL
2904,101.29608774118333,VISIBLE,1.0,MANUAL_INTERVAL
2905,101.33096931409696,VISIBLE,1.0,MANUAL_INTERVAL
2906,101.3658508870106,VISIBLE,1.0,MANUAL_SHORT_RUN_REVIEW
2907,101.40073245992423,VISIBLE,1.0,MANUAL_SHORT_RUN_REVIEW
2908,101.43561403283785,VISIBLE,1.0,MANUAL_INTERVAL
2909,101.47049560575148,VISIBLE,1.0,MANUAL_INTERVAL
2910,101.50537717866511,VISIBLE,1.0,MANUAL_INTERVAL
2911,101.54025875157875,VISIBLE,1.0,MANUAL_INTERVAL
2912,101.57514032449238,VISIBLE,1.0,MANUAL_INTERVAL
2913,101.610021897406,VISIBLE,1.0,MANUAL_INTERVAL
2914,101.64490347031963,VISIBLE,1.0,MANUAL_INTERVAL
2915,101.67978504323327,VISIBLE,1.0,MANUAL_INTERVAL
2916,101.7146666161469,VISIBLE,1.0,MANUAL_INTERVAL
2917,101.74954818906053,VISIBLE,1.0,MANUAL_INTERVAL
2918,101.78442976197417,VISIBLE,1.0,MANUAL_INTERVAL
2919,101.81931133488779,VISIBLE,1.0,MANUAL_INTERVAL
2920,101.85419290780142,VISIBLE,1.0,MANUAL_INTERVAL
2921,101.88907448071505,VISIBLE,1.0,MANUAL_INTERVAL
2922,101.92395605362869,VISIBLE,1.0,MANUAL_INTERVAL
2923,101.95883762654232,VISIBLE,1.0,MANUAL_INTERVAL
2924,101.99371919945594,VISIBLE,1.0,MANUAL_INTERVAL
2925,102.02860077236957,VISIBLE,1.0,MANUAL_INTERVAL
2926,102.0634823452832,VISIBLE,1.0,MANUAL_INTERVAL
2927,102.09836391819684,VISIBLE,1.0,MANUAL_INTERVAL
2928,102.13324549111047,VISIBLE,1.0,MANUAL_INTERVAL
2929,102.16812706402409,VISIBLE,1.0,MANUAL_INTERVAL
2930,102.20300863693772,VISIBLE,1.0,MANUAL_INTERVAL
2931,102.23789020985136,VISIBLE,1.0,MANUAL_INTERVAL
2932,102.27277178276499,VISIBLE,1.0,MANUAL_INTERVAL
2933,102.30765335567862,VISIBLE,1.0,MANUAL_INTERVAL
2934,102.34253492859224,VISIBLE,1.0,MANUAL_INTERVAL
2935,102.37741650150588,VISIBLE,1.0,MANUAL_INTERVAL
2936,102.41229807441951,VISIBLE,1.0,MANUAL_INTERVAL
2937,102.44717964733314,VISIBLE,1.0,MANUAL_INTERVAL
2938,102.48206122024678,VISIBLE,1.0,MANUAL_INTERVAL
2939,102.5169427931604,VISIBLE,1.0,MANUAL_INTERVAL
2940,102.55182436607403,VISIBLE,1.0,MANUAL_INTERVAL
2941,102.58670593898766,VISIBLE,1.0,MANUAL_INTERVAL
2942,102.6215875119013,VISIBLE,1.0,MANUAL_INTERVAL
2943,102.65646908481493,VISIBLE,1.0,MANUAL_INTERVAL
2944,102.69135065772856,VISIBLE,1.0,MANUAL_INTERVAL
2945,102.72623223064218,VISIBLE,1.0,MANUAL_INTERVAL
2946,102.76111380355582,VISIBLE,1.0,MANUAL_INTERVAL
2947,102.79599537646945,VISIBLE,1.0,MANUAL_INTERVAL
2948,102.83087694938308,VISIBLE,1.0,MANUAL_INTERVAL
2949,102.86575852229672,VISIBLE,1.0,MANUAL_INTERVAL
2950,102.90064009521033,VISIBLE,1.0,MANUAL_SHORT_RUN_REVIEW
2951,102.93552166812397,VISIBLE,1.0,MANUAL_INTERVAL
2952,102.9704032410376,VISIBLE,1.0,MANUAL_INTERVAL
2953,103.00528481395123,VISIBLE,1.0,MANUAL_INTERVAL
2954,103.04016638686487,VISIBLE,1.0,MANUAL_INTERVAL
2955,103.07504795977849,VISIBLE,1.0,MANUAL_INTERVAL
2956,103.10992953269212,VISIBLE,1.0,MANUAL_INTERVAL
2957,103.14481110560575,VISIBLE,1.0,MANUAL_INTERVAL
2958,103.17969267851939,VISIBLE,1.0,MANUAL_INTERVAL
2959,103.21457425143302,VISIBLE,1.0,MANUAL_INTERVAL
2960,103.24945582434664,VISIBLE,1.0,MANUAL_INTERVAL
2961,103.28433739726027,VISIBLE,1.0,MANUAL_INTERVAL
2962,103.3192189701739,VISIBLE,1.0,MANUAL_INTERVAL
2963,103.35410054308754,VISIBLE,1.0,MANUAL_INTERVAL
2964,103.38898211600117,VISIBLE,1.0,MANUAL_INTERVAL
2965,103.42386368891479,VISIBLE,1.0,MANUAL_INTERVAL
2966,103.45874526182843,VISIBLE,1.0,MANUAL_INTERVAL
2967,103.49362683474206,VISIBLE,1.0,MANUAL_INTERVAL
2968,103.52850840765569,VISIBLE,1.0,MANUAL_INTERVAL
2969,103.56338998056933,VISIBLE,1.0,MANUAL_INTERVAL
2970,103.59827155348296,VISIBLE,1.0,MANUAL_INTERVAL
2971,103.63315312639658,VISIBLE,1.0,MANUAL_INTERVAL
2972,103.66803469931021,VISIBLE,1.0,MANUAL_INTERVAL
2973,103.70291627222385,VISIBLE,1.0,MANUAL_INTERVAL
2974,103.73779784513748,VISIBLE,1.0,MANUAL_INTERVAL
2975,103.77267941805111,VISIBLE,1.0,MANUAL_INTERVAL
2976,103.80756099096473,VISIBLE,1.0,MANUAL_INTERVAL
2977,103.84244256387836,VISIBLE,1.0,MANUAL_INTERVAL
2978,103.877324136792,VISIBLE,1.0,MANUAL_INTERVAL
2979,103.91220570970563,VISIBLE,1.0,MANUAL_INTERVAL
2980,103.94708728261926,VISIBLE,1.0,MANUAL_INTERVAL
2981,103.98196885553288,VISIBLE,1.0,MANUAL_INTERVAL
2982,104.01685042844652,VISIBLE,1.0,MANUAL_INTERVAL
2983,104.05173200136015,VISIBLE,1.0,MANUAL_INTERVAL
2984,104.08661357427378,VISIBLE,1.0,MANUAL_INTERVAL
2985,104.12149514718742,VISIBLE,1.0,MANUAL_INTERVAL
2986,104.15637672010104,VISIBLE,1.0,MANUAL_INTERVAL
2987,104.19125829301467,VISIBLE,1.0,MANUAL_INTERVAL
2988,104.2261398659283,VISIBLE,1.0,MANUAL_INTERVAL
2989,104.26102143884194,VISIBLE,1.0,MANUAL_INTERVAL
2990,104.29590301175557,VISIBLE,1.0,MANUAL_INTERVAL
2991,104.33078458466919,VISIBLE,1.0,MANUAL_INTERVAL
2992,104.36566615758282,VISIBLE,1.0,MANUAL_INTERVAL
2993,104.40054773049646,VISIBLE,1.0,MANUAL_INTERVAL
2994,104.43542930341009,VISIBLE,1.0,MANUAL_INTERVAL
2995,104.47031087632372,VISIBLE,1.0,MANUAL_INTERVAL
2996,104.50519244923734,VISIBLE,1.0,MANUAL_INTERVAL
2997,104.54007402215097,VISIBLE,1.0,MANUAL_INTERVAL
2998,104.57495559506461,VISIBLE,1.0,MANUAL_INTERVAL
2999,104.60983716797824,VISIBLE,1.0,MANUAL_INTERVAL
3000,104.64471874089188,VISIBLE,1.0,MANUAL_INTERVAL
3001,104.67960031380551,VISIBLE,1.0,MANUAL_INTERVAL
3002,104.71448188671913,VISIBLE,1.0,MANUAL_INTERVAL
3003,104.74936345963276,VISIBLE,1.0,MANUAL_INTERVAL
3004,104.7842450325464,VISIBLE,1.0,MANUAL_INTERVAL
3005,104.81912660546003,VISIBLE,1.0,MANUAL_INTERVAL
3006,104.85400817837366,VISIBLE,1.0,MANUAL_INTERVAL
3007,104.88888975128728,VISIBLE,1.0,MANUAL_INTERVAL
3008,104.92377132420091,VISIBLE,1.0,MANUAL_INTERVAL
3009,104.95865289711455,VISIBLE,1.0,MANUAL_INTERVAL
3010,104.99353447002818,VISIBLE,1.0,MANUAL_INTERVAL
3011,105.02841604294181,VISIBLE,1.0,MANUAL_INTERVAL
3012,105.06329761585543,VISIBLE,1.0,MANUAL_INTERVAL
3013,105.09817918876907,VISIBLE,1.0,MANUAL_INTERVAL
3014,105.1330607616827,VISIBLE,1.0,MANUAL_INTERVAL
3015,105.16794233459633,VISIBLE,1.0,MANUAL_INTERVAL
3016,105.20282390750997,VISIBLE,1.0,MANUAL_INTERVAL
3017,105.23770548042359,VISIBLE,1.0,MANUAL_INTERVAL
3018,105.27258705333722,VISIBLE,1.0,MANUAL_INTERVAL
3019,105.30746862625085,VISIBLE,1.0,MANUAL_INTERVAL
3020,105.34235019916449,VISIBLE,1.0,MANUAL_INTERVAL
3021,105.37723177207812,VISIBLE,1.0,MANUAL_INTERVAL
3022,105.41211334499174,VISIBLE,1.0,MANUAL_INTERVAL
3023,105.44699491790537,VISIBLE,1.0,MANUAL_INTERVAL
3024,105.481876490819,VISIBLE,1.0,MANUAL_INTERVAL
3025,105.51675806373264,VISIBLE,1.0,MANUAL_INTERVAL
3026,105.55163963664627,VISIBLE,1.0,MANUAL_INTERVAL
3027,105.5865212095599,VISIBLE,1.0,MANUAL_INTERVAL
3028,105.62140278247352,VISIBLE,1.0,MANUAL_INTERVAL
3029,105.65628435538716,VISIBLE,1.0,MANUAL_INTERVAL
3030,105.69116592830079,VISIBLE,1.0,MANUAL_INTERVAL
3031,105.72604750121442,VISIBLE,1.0,MANUAL_INTERVAL
3032,105.76092907412806,VISIBLE,1.0,MANUAL_INTERVAL
3033,105.79581064704168,VISIBLE,1.0,MANUAL_INTERVAL
3034,105.83069221995531,VISIBLE,1.0,MANUAL_INTERVAL
3035,105.86557379286894,VISIBLE,1.0,MANUAL_INTERVAL
3036,105.90045536578258,VISIBLE,1.0,MANUAL_INTERVAL
3037,105.93533693869621,VISIBLE,1.0,MANUAL_INTERVAL
3038,105.97021851160983,VISIBLE,1.0,MANUAL_INTERVAL
3039,106.00510008452346,VISIBLE,1.0,MANUAL_INTERVAL
3040,106.0399816574371,VISIBLE,1.0,MANUAL_INTERVAL
3041,106.07486323035073,VISIBLE,1.0,MANUAL_INTERVAL
3042,106.10974480326436,VISIBLE,1.0,MANUAL_INTERVAL
3043,106.14462637617798,VISIBLE,1.0,MANUAL_INTERVAL
3044,106.17950794909162,VISIBLE,1.0,MANUAL_INTERVAL
3045,106.21438952200525,VISIBLE,1.0,MANUAL_INTERVAL
3046,106.24927109491888,VISIBLE,1.0,MANUAL_INTERVAL
3047,106.28415266783252,VISIBLE,1.0,MANUAL_INTERVAL
3048,106.31903424074613,VISIBLE,1.0,MANUAL_INTERVAL
3049,106.35391581365977,VISIBLE,1.0,MANUAL_INTERVAL
3050,106.3887973865734,VISIBLE,1.0,MANUAL_INTERVAL
3051,106.42367895948703,VISIBLE,1.0,MANUAL_INTERVAL
3052,106.45856053240067,VISIBLE,1.0,MANUAL_INTERVAL
3053,106.4934421053143,VISIBLE,1.0,MANUAL_INTERVAL
3054,106.52832367822792,VISIBLE,1.0,MANUAL_INTERVAL
3055,106.56320525114155,VISIBLE,1.0,MANUAL_INTERVAL
3056,106.59808682405519,VISIBLE,1.0,MANUAL_INTERVAL
3057,106.63296839696882,VISIBLE,1.0,MANUAL_INTERVAL
3058,106.66784996988245,VISIBLE,1.0,MANUAL_INTERVAL
3059,106.70273154279607,VISIBLE,1.0,MANUAL_INTERVAL
3060,106.7376131157097,VISIBLE,1.0,MANUAL_INTERVAL
3061,106.77249468862334,VISIBLE,1.0,MANUAL_INTERVAL
3062,106.80737626153697,VISIBLE,1.0,MANUAL_INTERVAL
3063,106.8422578344506,VISIBLE,1.0,MANUAL_INTERVAL
3064,106.87713940736423,VISIBLE,1.0,MANUAL_INTERVAL
3065,106.91202098027786,VISIBLE,1.0,MANUAL_INTERVAL
3066,106.94690255319149,VISIBLE,1.0,MANUAL_INTERVAL
3067,106.98178412610513,VISIBLE,1.0,MANUAL_INTERVAL
3068,107.01666569901876,VISIBLE,1.0,MANUAL_INTERVAL
3069,107.05154727193238,VISIBLE,1.0,MANUAL_INTERVAL
3070,107.08642884484601,VISIBLE,1.0,MANUAL_INTERVAL
3071,107.12131041775964,VISIBLE,1.0,MANUAL_INTERVAL
3072,107.15619199067328,VISIBLE,1.0,MANUAL_INTERVAL
3073,107.19107356358691,VISIBLE,1.0,MANUAL_INTERVAL
3074,107.22595513650053,VISIBLE,1.0,MANUAL_INTERVAL
3075,107.26083670941416,VISIBLE,1.0,MANUAL_INTERVAL
3076,107.2957182823278,VISIBLE,1.0,MANUAL_INTERVAL
3077,107.33059985524143,VISIBLE,1.0,MANUAL_INTERVAL
3078,107.36548142815506,VISIBLE,1.0,MANUAL_INTERVAL
3079,107.40036300106868,VISIBLE,1.0,MANUAL_INTERVAL
3080,107.43524457398232,VISIBLE,1.0,MANUAL_INTERVAL
3081,107.47012614689595,VISIBLE,1.0,MANUAL_INTERVAL
3082,107.50500771980958,VISIBLE,1.0,MANUAL_INTERVAL
3083,107.53988929272322,VISIBLE,1.0,MANUAL_INTERVAL
3084,107.57477086563685,VISIBLE,1.0,MANUAL_INTERVAL
3085,107.60965243855047,VISIBLE,1.0,MANUAL_INTERVAL
3086,107.6445340114641,VISIBLE,1.0,MANUAL_INTERVAL
3087,107.67941558437774,VISIBLE,1.0,MANUAL_INTERVAL
3088,107.71429715729137,VISIBLE,1.0,MANUAL_INTERVAL
3089,107.749178730205,VISIBLE,1.0,MANUAL_INTERVAL
3090,107.78406030311862,VISIBLE,1.0,MANUAL_INTERVAL
3091,107.81894187603226,VISIBLE,1.0,MANUAL_INTERVAL
3092,107.85382344894589,VISIBLE,1.0,MANUAL_INTERVAL
3093,107.88870502185952,VISIBLE,1.0,MANUAL_INTERVAL
3094,107.92358659477316,VISIBLE,1.0,MANUAL_INTERVAL
3095,107.95846816768677,VISIBLE,1.0,MANUAL_INTERVAL
3096,107.99334974060041,VISIBLE,1.0,MANUAL_INTERVAL
3097,108.02823131351404,VISIBLE,1.0,MANUAL_INTERVAL
3098,108.06311288642767,VISIBLE,1.0,MANUAL_INTERVAL
3099,108.09799445934131,VISIBLE,1.0,MANUAL_INTERVAL
3100,108.13287603225493,VISIBLE,1.0,MANUAL_INTERVAL
3101,108.16775760516856,VISIBLE,1.0,MANUAL_INTERVAL
3102,108.2026391780822,VISIBLE,1.0,MANUAL_INTERVAL
3103,108.23752075099583,VISIBLE,1.0,MANUAL_INTERVAL
3104,108.27240232390946,VISIBLE,1.0,MANUAL_INTERVAL
3105,108.30728389682308,VISIBLE,1.0,MANUAL_INTERVAL
3106,108.34216546973671,VISIBLE,1.0,MANUAL_INTERVAL
3107,108.37704704265035,VISIBLE,1.0,MANUAL_INTERVAL
3108,108.41192861556398,VISIBLE,1.0,MANUAL_INTERVAL
3109,108.44681018847761,VISIBLE,1.0,MANUAL_INTERVAL
3110,108.48169176139125,VISIBLE,1.0,MANUAL_INTERVAL
3111,108.51657333430487,VISIBLE,1.0,MANUAL_INTERVAL
3112,108.5514549072185,VISIBLE,1.0,MANUAL_INTERVAL
3113,108.58633648013213,VISIBLE,1.0,MANUAL_INTERVAL
3114,108.62121805304577,VISIBLE,1.0,MANUAL_INTERVAL
3115,108.6560996259594,VISIBLE,1.0,MANUAL_INTERVAL
3116,108.69098119887302,VISIBLE,1.0,MANUAL_INTERVAL
3117,108.72586277178665,VISIBLE,1.0,MANUAL_INTERVAL
3118,108.76074434470029,VISIBLE,1.0,MANUAL_INTERVAL
3119,108.79562591761392,VISIBLE,1.0,MANUAL_INTERVAL
3120,108.83050749052755,VISIBLE,1.0,MANUAL_INTERVAL
3121,108.86538906344117,VISIBLE,1.0,MANUAL_INTERVAL
3122,108.9002706363548,VISIBLE,1.0,MANUAL_INTERVAL
3123,108.93515220926844,VISIBLE,1.0,MANUAL_INTERVAL
3124,108.97003378218207,VISIBLE,1.0,MANUAL_INTERVAL
3125,109.0049153550957,VISIBLE,1.0,MANUAL_INTERVAL
3126,109.03979692800932,VISIBLE,1.0,MANUAL_INTERVAL
3127,109.07467850092296,VISIBLE,1.0,MANUAL_INTERVAL
3128,109.10956007383659,VISIBLE,1.0,MANUAL_INTERVAL
3129,109.14444164675022,VISIBLE,1.0,MANUAL_INTERVAL
3130,109.17932321966386,VISIBLE,1.0,MANUAL_INTERVAL
3131,109.21420479257748,VISIBLE,1.0,MANUAL_INTERVAL
3132,109.24908636549111,VISIBLE,1.0,MANUAL_INTERVAL
3133,109.28396793840474,VISIBLE,1.0,MANUAL_INTERVAL
3134,109.31884951131838,VISIBLE,1.0,MANUAL_INTERVAL
3135,109.35373108423201,VISIBLE,1.0,MANUAL_INTERVAL
3136,109.38861265714564,VISIBLE,1.0,MANUAL_INTERVAL
3137,109.42349423005926,VISIBLE,1.0,MANUAL_INTERVAL
3138,109.4583758029729,VISIBLE,1.0,MANUAL_INTERVAL
3139,109.49325737588653,VISIBLE,1.0,MANUAL_INTERVAL
3140,109.52813894880016,VISIBLE,1.0,MANUAL_INTERVAL
3141,109.5630205217138,VISIBLE,1.0,MANUAL_INTERVAL
3142,109.59790209462741,VISIBLE,1.0,MANUAL_INTERVAL
3143,109.63278366754105,VISIBLE,1.0,MANUAL_INTERVAL
3144,109.66766524045468,VISIBLE,1.0,MANUAL_INTERVAL
3145,109.70254681336831,VISIBLE,1.0,MANUAL_INTERVAL
3146,109.73742838628195,VISIBLE,1.0,MANUAL_INTERVAL
3147,109.77230995919557,VISIBLE,1.0,MANUAL_INTERVAL
3148,109.8071915321092,VISIBLE,1.0,MANUAL_INTERVAL
3149,109.84207310502283,VISIBLE,1.0,MANUAL_INTERVAL
3150,109.87695467793647,VISIBLE,1.0,MANUAL_INTERVAL
3151,109.9118362508501,VISIBLE,1.0,MANUAL_INTERVAL
3152,109.94671782376372,VISIBLE,1.0,MANUAL_INTERVAL
3153,109.98159939667735,VISIBLE,1.0,MANUAL_INTERVAL
3154,110.01648096959099,VISIBLE,1.0,MANUAL_INTERVAL
3155,110.05136254250462,VISIBLE,1.0,MANUAL_INTERVAL
3156,110.08624411541825,VISIBLE,1.0,MANUAL_INTERVAL
3157,110.12112568833187,VISIBLE,1.0,MANUAL_INTERVAL
3158,110.1560072612455,VISIBLE,1.0,MANUAL_INTERVAL
3159,110.19088883415914,VISIBLE,1.0,MANUAL_INTERVAL
3160,110.22577040707277,VISIBLE,1.0,MANUAL_INTERVAL
3161,110.2606519799864,VISIBLE,1.0,MANUAL_INTERVAL
3162,110.29553355290004,VISIBLE,1.0,MANUAL_INTERVAL
3163,110.33041512581366,VISIBLE,1.0,MANUAL_INTERVAL
3164,110.36529669872729,VISIBLE,1.0,MANUAL_INTERVAL
3165,110.40017827164093,VISIBLE,1.0,MANUAL_INTERVAL
3166,110.43505984455456,VISIBLE,1.0,MANUAL_INTERVAL
3167,110.46994141746819,VISIBLE,1.0,MANUAL_INTERVAL
3168,110.50482299038181,VISIBLE,1.0,MANUAL_INTERVAL
3169,110.53970456329544,VISIBLE,1.0,MANUAL_INTERVAL
3170,110.57458613620908,VISIBLE,1.0,MANUAL_INTERVAL
3171,110.60946770912271,VISIBLE,1.0,MANUAL_INTERVAL
3172,110.64434928203634,VISIBLE,1.0,MANUAL_INTERVAL
3173,110.67923085494996,VISIBLE,1.0,MANUAL_INTERVAL
3174,110.7141124278636,VISIBLE,1.0,MANUAL_INTERVAL
3175,110.74899400077723,VISIBLE,1.0,MANUAL_INTERVAL
3176,110.78387557369086,VISIBLE,1.0,MANUAL_INTERVAL
3177,110.8187571466045,VISIBLE,1.0,MANUAL_INTERVAL
3178,110.85363871951812,VISIBLE,1.0,MANUAL_INTERVAL
3179,110.88852029243175,VISIBLE,1.0,MANUAL_INTERVAL
3180,110.92340186534538,VISIBLE,1.0,MANUAL_INTERVAL
3181,110.95828343825902,VISIBLE,1.0,MANUAL_INTERVAL
3182,110.99316501117265,VISIBLE,1.0,MANUAL_INTERVAL
3183,111.02804658408627,VISIBLE,1.0,MANUAL_INTERVAL
3184,111.0629281569999,VISIBLE,1.0,MANUAL_INTERVAL
3185,111.09780972991354,VISIBLE,1.0,MANUAL_INTERVAL
3186,111.13269130282717,VISIBLE,1.0,MANUAL_INTERVAL
3187,111.1675728757408,VISIBLE,1.0,MANUAL_INTERVAL
3188,111.20245444865442,VISIBLE,1.0,MANUAL_INTERVAL
3189,111.23733602156805,VISIBLE,1.0,MANUAL_INTERVAL
3190,111.27221759448169,VISIBLE,1.0,MANUAL_INTERVAL
3191,111.30709916739532,VISIBLE,1.0,MANUAL_INTERVAL
3192,111.34198074030895,VISIBLE,1.0,MANUAL_INTERVAL
3193,111.37686231322259,VISIBLE,1.0,MANUAL_INTERVAL
3194,111.41174388613621,VISIBLE,1.0,MANUAL_INTERVAL
3195,111.44662545904984,VISIBLE,1.0,MANUAL_INTERVAL
3196,111.48150703196347,VISIBLE,1.0,MANUAL_INTERVAL
3197,111.51638860487711,VISIBLE,1.0,MANUAL_INTERVAL
3198,111.55127017779074,VISIBLE,1.0,MANUAL_INTERVAL
3199,111.58615175070436,VISIBLE,1.0,MANUAL_INTERVAL
3200,111.621033323618,VISIBLE,1.0,MANUAL_INTERVAL
3201,111.65591489653163,VISIBLE,1.0,MANUAL_INTERVAL
3202,111.69079646944526,VISIBLE,1.0,MANUAL_INTERVAL
3203,111.7256780423589,VISIBLE,1.0,MANUAL_INTERVAL
3204,111.76055961527251,VISIBLE,1.0,MANUAL_INTERVAL
3205,111.79544118818615,VISIBLE,1.0,MANUAL_INTERVAL
3206,111.83032276109978,VISIBLE,1.0,MANUAL_INTERVAL
3207,111.86520433401341,VISIBLE,1.0,MANUAL_INTERVAL
3208,111.90008590692705,VISIBLE,1.0,MANUAL_INTERVAL
3209,111.93496747984067,VISIBLE,1.0,MANUAL_INTERVAL
3210,111.9698490527543,VISIBLE,1.0,MANUAL_INTERVAL
3211,112.00473062566793,VISIBLE,1.0,MANUAL_INTERVAL
3212,112.03961219858157,VISIBLE,1.0,MANUAL_INTERVAL
3213,112.0744937714952,VISIBLE,1.0,MANUAL_INTERVAL
3214,112.10937534440882,VISIBLE,1.0,MANUAL_INTERVAL
3215,112.14425691732245,VISIBLE,1.0,MANUAL_INTERVAL
3216,112.17913849023608,VISIBLE,1.0,MANUAL_INTERVAL
3217,112.21402006314972,VISIBLE,1.0,MANUAL_INTERVAL
3218,112.24890163606335,VISIBLE,1.0,MANUAL_INTERVAL
3219,112.28378320897698,VISIBLE,1.0,MANUAL_INTERVAL
3220,112.3186647818906,VISIBLE,1.0,MANUAL_INTERVAL
3221,112.35354635480424,VISIBLE,1.0,MANUAL_INTERVAL
3222,112.38842792771787,VISIBLE,1.0,MANUAL_INTERVAL
3223,112.4233095006315,VISIBLE,1.0,MANUAL_INTERVAL
3224,112.45819107354514,VISIBLE,1.0,MANUAL_INTERVAL
3225,112.49307264645876,VISIBLE,1.0,MANUAL_INTERVAL
3226,112.52795421937239,VISIBLE,1.0,MANUAL_INTERVAL
3227,112.56283579228602,VISIBLE,1.0,MANUAL_INTERVAL
3228,112.59771736519966,VISIBLE,1.0,MANUAL_INTERVAL
3229,112.63259893811329,VISIBLE,1.0,MANUAL_INTERVAL
3230,112.66748051102691,VISIBLE,1.0,MANUAL_INTERVAL
3231,112.70236208394054,VISIBLE,1.0,MANUAL_INTERVAL
3232,112.73724365685418,VISIBLE,1.0,MANUAL_INTERVAL
3233,112.77212522976781,VISIBLE,1.0,MANUAL_INTERVAL
3234,112.80700680268144,VISIBLE,1.0,MANUAL_INTERVAL
3235,112.84188837559506,VISIBLE,1.0,MANUAL_INTERVAL
3236,112.8767699485087,VISIBLE,1.0,MANUAL_INTERVAL
3237,112.91165152142233,VISIBLE,1.0,MANUAL_INTERVAL
3238,112.94653309433596,VISIBLE,1.0,MANUAL_INTERVAL
3239,112.9814146672496,VISIBLE,1.0,MANUAL_INTERVAL
3240,113.01629624016321,VISIBLE,1.0,MANUAL_INTERVAL
3241,113.05117781307685,VISIBLE,1.0,MANUAL_INTERVAL
3242,113.08605938599048,VISIBLE,1.0,MANUAL_INTERVAL
3243,113.12094095890411,VISIBLE,1.0,MANUAL_INTERVAL
3244,113.15582253181775,VISIBLE,1.0,MANUAL_INTERVAL
3245,113.19070410473138,VISIBLE,1.0,MANUAL_INTERVAL
3246,113.225585677645,VISIBLE,1.0,MANUAL_INTERVAL
3247,113.26046725055863,VISIBLE,1.0,MANUAL_INTERVAL
3248,113.29534882347227,VISIBLE,1.0,MANUAL_INTERVAL
3249,113.3302303963859,VISIBLE,1.0,MANUAL_INTERVAL
3250,113.36511196929953,VISIBLE,1.0,MANUAL_INTERVAL
3251,113.39999354221315,VISIBLE,1.0,MANUAL_INTERVAL
3252,113.43487511512679,VISIBLE,1.0,MANUAL_INTERVAL
3253,113.46975668804042,VISIBLE,1.0,MANUAL_INTERVAL
3254,113.50463826095405,VISIBLE,1.0,MANUAL_INTERVAL
3255,113.53951983386769,VISIBLE,1.0,MANUAL_INTERVAL
3256,113.5744014067813,VISIBLE,1.0,MANUAL_INTERVAL
3257,113.60928297969494,VISIBLE,1.0,MANUAL_INTERVAL
3258,113.64416455260857,VISIBLE,1.0,MANUAL_INTERVAL
3259,113.6790461255222,VISIBLE,1.0,MANUAL_INTERVAL
3260,113.71392769843584,VISIBLE,1.0,MANUAL_INTERVAL
3261,113.74880927134946,VISIBLE,1.0,MANUAL_INTERVAL
3262,113.78369084426309,VISIBLE,1.0,MANUAL_INTERVAL
3263,113.81857241717672,VISIBLE,1.0,MANUAL_INTERVAL
3264,113.85345399009036,VISIBLE,1.0,MANUAL_INTERVAL
3265,113.88833556300399,VISIBLE,1.0,MANUAL_INTERVAL
3266,113.92321713591761,VISIBLE,1.0,MANUAL_INTERVAL
3267,113.95809870883124,VISIBLE,1.0,MANUAL_INTERVAL
3268,113.99298028174488,VISIBLE,1.0,MANUAL_INTERVAL
3269,114.02786185465851,VISIBLE,1.0,MANUAL_INTERVAL
3270,114.06274342757214,VISIBLE,1.0,MANUAL_INTERVAL
3271,114.09762500048576,VISIBLE,1.0,MANUAL_INTERVAL
3272,114.1325065733994,VISIBLE,1.0,MANUAL_INTERVAL
3273,114.16738814631303,VISIBLE,1.0,MANUAL_INTERVAL
3274,114.20226971922666,VISIBLE,1.0,MANUAL_INTERVAL
3275,114.2371512921403,VISIBLE,1.0,MANUAL_INTERVAL
3276,114.27203286505393,VISIBLE,1.0,MANUAL_INTERVAL
3277,114.30691443796755,VISIBLE,1.0,MANUAL_INTERVAL
3278,114.34179601088118,VISIBLE,1.0,MANUAL_INTERVAL
3279,114.37667758379482,VISIBLE,1.0,MANUAL_INTERVAL
3280,114.41155915670845,VISIBLE,1.0,MANUAL_INTERVAL
3281,114.44644072962208,VISIBLE,1.0,MANUAL_INTERVAL
3282,114.4813223025357,VISIBLE,1.0,MANUAL_INTERVAL
3283,114.51620387544934,VISIBLE,1.0,MANUAL_INTERVAL
3284,114.55108544836297,VISIBLE,1.0,MANUAL_INTERVAL
3285,114.5859670212766,VISIBLE,1.0,MANUAL_INTERVAL
3286,114.62084859419024,VISIBLE,1.0,MANUAL_INTERVAL
3287,114.65573016710385,VISIBLE,1.0,MANUAL_INTERVAL
3288,114.69061174001749,VISIBLE,1.0,MANUAL_INTERVAL
3289,114.72549331293112,VISIBLE,1.0,MANUAL_INTERVAL
3290,114.76037488584475,VISIBLE,1.0,MANUAL_INTERVAL
3291,114.79525645875839,VISIBLE,1.0,MANUAL_INTERVAL
3292,114.830138031672,VISIBLE,1.0,MANUAL_INTERVAL
3293,114.86501960458564,VISIBLE,1.0,MANUAL_INTERVAL
3294,114.89990117749927,VISIBLE,1.0,MANUAL_INTERVAL
3295,114.93478275041291,VISIBLE,1.0,MANUAL_INTERVAL
3296,114.96966432332654,VISIBLE,1.0,MANUAL_INTERVAL
3297,115.00454589624016,VISIBLE,1.0,MANUAL_INTERVAL
3298,115.0394274691538,VISIBLE,1.0,MANUAL_INTERVAL
3299,115.07430904206743,VISIBLE,1.0,MANUAL_INTERVAL
3300,115.10919061498106,VISIBLE,1.0,MANUAL_INTERVAL
3301,115.1440721878947,VISIBLE,1.0,MANUAL_INTERVAL
3302,115.17895376080833,VISIBLE,1.0,MANUAL_INTERVAL
3303,115.21383533372195,VISIBLE,1.0,MANUAL_INTERVAL
3304,115.24871690663558,VISIBLE,1.0,MANUAL_INTERVAL
3305,115.28359847954921,VISIBLE,1.0,MANUAL_INTERVAL
3306,115.31848005246285,VISIBLE,1.0,MANUAL_INTERVAL
3307,115.35336162537648,VISIBLE,1.0,MANUAL_INTERVAL
3308,115.3882431982901,VISIBLE,1.0,MANUAL_INTERVAL
3309,115.42312477120373,VISIBLE,1.0,MANUAL_INTERVAL
3310,115.45800634411736,VISIBLE,1.0,MANUAL_INTERVAL
3311,115.492887917031,VISIBLE,1.0,MANUAL_INTERVAL
3312,115.52776948994463,VISIBLE,1.0,MANUAL_INTERVAL
3313,115.56265106285825,VISIBLE,1.0,MANUAL_INTERVAL
3314,115.59753263577188,VISIBLE,1.0,MANUAL_INTERVAL
3315,115.63241420868552,VISIBLE,1.0,MANUAL_INTERVAL
3316,115.66729578159915,VISIBLE,1.0,MANUAL_INTERVAL
3317,115.70217735451278,VISIBLE,1.0,MANUAL_INTERVAL
3318,115.7370589274264,VISIBLE,1.0,MANUAL_INTERVAL
3319,115.77194050034004,VISIBLE,1.0,MANUAL_INTERVAL
3320,115.80682207325367,VISIBLE,1.0,MANUAL_INTERVAL
3321,115.8417036461673,VISIBLE,1.0,MANUAL_INTERVAL
3322,115.87658521908094,VISIBLE,1.0,MANUAL_INTERVAL
3323,115.91146679199456,VISIBLE,1.0,MANUAL_INTERVAL
3324,115.94634836490819,VISIBLE,1.0,MANUAL_INTERVAL
3325,115.98122993782182,VISIBLE,1.0,MANUAL_INTERVAL
3326,116.01611151073546,VISIBLE,1.0,MANUAL_INTERVAL
3327,116.05099308364909,VISIBLE,1.0,MANUAL_INTERVAL
3328,116.08587465656272,VISIBLE,1.0,MANUAL_INTERVAL
3329,116.12075622947634,VISIBLE,1.0,MANUAL_INTERVAL
3330,116.15563780238998,VISIBLE,1.0,MANUAL_INTERVAL
3331,116.19051937530361,VISIBLE,1.0,MANUAL_INTERVAL
3332,116.22540094821724,VISIBLE,1.0,MANUAL_INTERVAL
3333,116.26028252113088,VISIBLE,1.0,MANUAL_INTERVAL
3334,116.2951640940445,VISIBLE,1.0,MANUAL_INTERVAL
3335,116.33004566695813,VISIBLE,1.0,MANUAL_INTERVAL
3336,116.36492723987176,VISIBLE,1.0,MANUAL_INTERVAL
3337,116.3998088127854,VISIBLE,1.0,MANUAL_INTERVAL
3338,116.43469038569903,VISIBLE,1.0,MANUAL_INTERVAL
3339,116.46957195861265,VISIBLE,1.0,MANUAL_INTERVAL
3340,116.50445353152628,VISIBLE,1.0,MANUAL_INTERVAL
3341,116.53933510443991,VISIBLE,1.0,MANUAL_INTERVAL
3342,116.57421667735355,VISIBLE,1.0,MANUAL_INTERVAL
3343,116.60909825026718,VISIBLE,1.0,MANUAL_INTERVAL
3344,116.6439798231808,VISIBLE,1.0,MANUAL_INTERVAL
3345,116.67886139609443,VISIBLE,1.0,MANUAL_INTERVAL
3346,116.71374296900807,VISIBLE,1.0,MANUAL_INTERVAL
3347,116.7486245419217,VISIBLE,1.0,MANUAL_INTERVAL
3348,116.78350611483533,VISIBLE,1.0,MANUAL_INTERVAL
3349,116.81838768774895,VISIBLE,1.0,MANUAL_INTERVAL
3350,116.85326926066259,VISIBLE,1.0,MANUAL_INTERVAL
3351,116.88815083357622,VISIBLE,1.0,MANUAL_INTERVAL
3352,116.92303240648985,VISIBLE,1.0,MANUAL_INTERVAL
3353,116.95791397940349,VISIBLE,1.0,MANUAL_INTERVAL
3354,116.9927955523171,VISIBLE,1.0,MANUAL_INTERVAL
3355,117.02767712523074,VISIBLE,1.0,MANUAL_INTERVAL
3356,117.06255869814437,VISIBLE,1.0,MANUAL_INTERVAL
3357,117.097440271058,VISIBLE,1.0,MANUAL_INTERVAL
3358,117.13232184397164,VISIBLE,1.0,MANUAL_INTERVAL
3359,117.16720341688527,VISIBLE,1.0,MANUAL_INTERVAL
3360,117.20208498979889,VISIBLE,1.0,MANUAL_INTERVAL
3361,117.23696656271252,VISIBLE,1.0,MANUAL_INTERVAL
3362,117.27184813562616,VISIBLE,1.0,MANUAL_INTERVAL
3363,117.30672970853979,VISIBLE,1.0,MANUAL_INTERVAL
3364,117.34161128145342,VISIBLE,1.0,MANUAL_INTERVAL
3365,117.37649285436704,VISIBLE,1.0,MANUAL_INTERVAL
3366,117.41137442728068,VISIBLE,1.0,MANUAL_INTERVAL
3367,117.44625600019431,VISIBLE,1.0,MANUAL_INTERVAL
3368,117.48113757310794,VISIBLE,1.0,MANUAL_INTERVAL
3369,117.51601914602158,VISIBLE,1.0,MANUAL_INTERVAL
3370,117.5509007189352,VISIBLE,1.0,MANUAL_INTERVAL
3371,117.58578229184883,VISIBLE,1.0,MANUAL_INTERVAL
3372,117.62066386476246,VISIBLE,1.0,MANUAL_INTERVAL
3373,117.6555454376761,VISIBLE,1.0,MANUAL_INTERVAL
3374,117.69042701058973,VISIBLE,1.0,MANUAL_INTERVAL
3375,117.72530858350335,VISIBLE,1.0,MANUAL_INTERVAL
3376,117.76019015641698,VISIBLE,1.0,MANUAL_INTERVAL
3377,117.79507172933062,VISIBLE,1.0,MANUAL_INTERVAL
3378,117.82995330224425,VISIBLE,1.0,MANUAL_INTERVAL
3379,117.86483487515788,VISIBLE,1.0,MANUAL_INTERVAL
3380,117.8997164480715,VISIBLE,1.0,MANUAL_INTERVAL
3381,117.93459802098513,VISIBLE,1.0,MANUAL_INTERVAL
3382,117.96947959389877,VISIBLE,1.0,MANUAL_INTERVAL
3383,118.0043611668124,VISIBLE,1.0,MANUAL_INTERVAL
3384,118.03924273972603,VISIBLE,1.0,MANUAL_INTERVAL
3385,118.07412431263967,VISIBLE,1.0,MANUAL_INTERVAL
3386,118.10900588555329,VISIBLE,1.0,MANUAL_INTERVAL
3387,118.14388745846692,VISIBLE,1.0,MANUAL_INTERVAL
3388,118.17876903138055,VISIBLE,1.0,MANUAL_INTERVAL
3389,118.21365060429419,VISIBLE,1.0,MANUAL_INTERVAL
3390,118.24853217720782,VISIBLE,1.0,MANUAL_INTERVAL
3391,118.28341375012144,VISIBLE,1.0,MANUAL_INTERVAL
3392,118.31829532303507,VISIBLE,1.0,MANUAL_INTERVAL
3393,118.3531768959487,VISIBLE,1.0,MANUAL_INTERVAL
3394,118.38805846886234,VISIBLE,1.0,MANUAL_INTERVAL
3395,118.42294004177597,VISIBLE,1.0,MANUAL_INTERVAL
3396,118.45782161468959,VISIBLE,1.0,MANUAL_INTERVAL
3397,118.49270318760323,VISIBLE,1.0,MANUAL_INTERVAL
3398,118.52758476051686,VISIBLE,1.0,MANUAL_INTERVAL
3399,118.56246633343049,VISIBLE,1.0,MANUAL_INTERVAL
3400,118.59734790634413,VISIBLE,1.0,MANUAL_INTERVAL
3401,118.63222947925775,VISIBLE,1.0,MANUAL_INTERVAL
3402,118.66711105217138,VISIBLE,1.0,MANUAL_INTERVAL
3403,118.70199262508501,VISIBLE,1.0,MANUAL_INTERVAL
3404,118.73687419799865,VISIBLE,1.0,MANUAL_INTERVAL
3405,118.77175577091228,VISIBLE,1.0,MANUAL_INTERVAL
3406,118.8066373438259,VISIBLE,1.0,MANUAL_INTERVAL
3407,118.84151891673953,VISIBLE,1.0,MANUAL_INTERVAL
3408,118.87640048965316,VISIBLE,1.0,MANUAL_INTERVAL
3409,118.9112820625668,VISIBLE,1.0,MANUAL_INTERVAL
3410,118.94616363548043,VISIBLE,1.0,MANUAL_INTERVAL
3411,118.98104520839406,VISIBLE,1.0,MANUAL_INTERVAL
3412,119.01592678130768,VISIBLE,1.0,MANUAL_INTERVAL
3413,119.05080835422132,VISIBLE,1.0,MANUAL_INTERVAL
3414,119.08568992713495,VISIBLE,1.0,MANUAL_INTERVAL
3415,119.12057150004858,VISIBLE,1.0,MANUAL_INTERVAL
3416,119.15545307296222,VISIBLE,1.0,MANUAL_INTERVAL
3417,119.19033464587584,VISIBLE,1.0,MANUAL_INTERVAL
3418,119.22521621878947,VISIBLE,1.0,MANUAL_INTERVAL
3419,119.2600977917031,VISIBLE,1.0,MANUAL_INTERVAL
3420,119.29497936461674,VISIBLE,1.0,MANUAL_INTERVAL
3421,119.32986093753037,VISIBLE,1.0,MANUAL_INTERVAL
3422,119.36474251044399,VISIBLE,1.0,MANUAL_INTERVAL
3423,119.39962408335762,VISIBLE,1.0,MANUAL_INTERVAL
3424,119.43450565627126,VISIBLE,1.0,MANUAL_INTERVAL
3425,119.46938722918489,VISIBLE,1.0,MANUAL_INTERVAL
3426,119.50426880209852,VISIBLE,1.0,MANUAL_INTERVAL
3427,119.53915037501214,VISIBLE,1.0,MANUAL_INTERVAL
3428,119.57403194792577,VISIBLE,1.0,MANUAL_INTERVAL
3429,119.60891352083941,VISIBLE,1.0,MANUAL_INTERVAL
3430,119.64379509375304,VISIBLE,1.0,MANUAL_INTERVAL
