video_id,video_sha256,group,segment_id,scenario,frame_index,time_sec,gt_track_id,x1,y1,x2,y2,identity_certainty,visibility_note,annotation_note
V3_FEEDING,f123b08e6e9ef50e8d4873c4c3bf417083cd105af1a08696013af312cf8b7411,MULTI_FISH_FEEDING,F1_FEEDING_DENSE,FEEDING_DENSE,1184,41.62856762463343,1,44.0,481.0,225.0,610.0,CERTAIN,,
V3_FEEDING,f123b08e6e9ef50e8d4873c4c3bf417083cd105af1a08696013af312cf8b7411,MULTI_FISH_FEEDING,F1_FEEDING_DENSE,FEEDING_DENSE,1184,41.62856762463343,2,389.0,444.0,487.0,570.0,CERTAIN,,
V3_FEEDING,f123b08e6e9ef50e8d4873c4c3bf417083cd105af1a08696013af312cf8b7411,MULTI_FISH_FEEDING,F1_FEEDING_DENSE,FEEDING_DENSE,1184,41.62856762463343,3,589.0,346.0,701.0,497.0,CERTAIN,,
V3_FEEDING,f123b08e6e9ef50e8d4873c4c3bf417083cd105af1a08696013af312cf8b7411,MULTI_FISH_FEEDING,F1_FEEDING_DENSE,FEEDING_DENSE,1184,41.62856762463343,4,706.0,259.0,797.0,339.0,CERTAIN,,
V3_FEEDING,f123b08e6e9ef50e8d4873c4c3bf417083cd105af1a08696013af312cf8b7411,MULTI_FISH_FEEDING,F1_FEEDING_DENSE,FEEDING_DENSE,1184,41.62856762463343,5,795.0,234.0,873.0,358.0,CERTAIN,,
V3_FEEDING,f123b08e6e9ef50e8d4873c4c3bf417083cd105af1a08696013af312cf8b7411,MULTI_FISH_FEEDING,F1_FEEDING_DENSE,FEEDING_DENSE,1184,41.62856762463343,6,911.0,344.0,1048.0,476.0,CERTAIN,,
V3_FEEDING,f123b08e6e9ef50e8d4873c4c3bf417083cd105af1a08696013af312cf8b7411,MULTI_FISH_FEEDING,F1_FEEDING_DENSE,FEEDING_DENSE,1184,41.62856762463343,7,1018.0,134.0,1139.0,223.0,CERTAIN,,
V3_FEEDING,f123b08e6e9ef50e8d4873c4c3bf417083cd105af1a08696013af312cf8b7411,MULTI_FISH_FEEDING,F1_FEEDING_DENSE,FEEDING_DENSE,1184,41.62856762463343,8,955.0,732.0,1030.0,834.0,CERTAIN,,
V3_FEEDING,f123b08e6e9ef50e8d4873c4c3bf417083cd105af1a08696013af312cf8b7411,MULTI_FISH_FEEDING,F1_FEEDING_DENSE,FEEDING_DENSE,1185,41.66372688782991,1,51.0,487.0,204.0,597.0,CERTAIN,,
V3_FEEDING,f123b08e6e9ef50e8d4873c4c3bf417083cd105af1a08696013af312cf8b7411,MULTI_FISH_FEEDING,F1_FEEDING_DENSE,FEEDING_DENSE,1185,41.66372688782991,2,387.0,460.0,492.0,561.0,CERTAIN,,
V3_FEEDING,f123b08e6e9ef50e8d4873c4c3bf417083cd105af1a08696013af312cf8b7411,MULTI_FISH_FEEDING,F1_FEEDING_DENSE,FEEDING_DENSE,1185,41.66372688782991,3,590.0,351.0,699.0,474.0,CERTAIN,,
V3_FEEDING,f123b08e6e9ef50e8d4873c4c3bf417083cd105af1a08696013af312cf8b7411,MULTI_FISH_FEEDING,F1_FEEDING_DENSE,FEEDING_DENSE,1185,41.66372688782991,4,708.0,246.0,799.0,328.0,CERTAIN,,
V3_FEEDING,f123b08e6e9ef50e8d4873c4c3bf417083cd105af1a08696013af312cf8b7411,MULTI_FISH_FEEDING,F1_FEEDING_DENSE,FEEDING_DENSE,1185,41.66372688782991,5,802.0,236.0,872.0,353.0,CERTAIN,,
V3_FEEDING,f123b08e6e9ef50e8d4873c4c3bf417083cd105af1a08696013af312cf8b7411,MULTI_FISH_FEEDING,F1_FEEDING_DENSE,FEEDING_DENSE,1185,41.66372688782991,6,927.0,362.0,1048.0,455.0,CERTAIN,,
V3_FEEDING,f123b08e6e9ef50e8d4873c4c3bf417083cd105af1a08696013af312cf8b7411,MULTI_FISH_FEEDING,F1_FEEDING_DENSE,FEEDING_DENSE,1185,41.66372688782991,7,1012.0,116.0,1134.0,218.0,CERTAIN,,
V3_FEEDING,f123b08e6e9ef50e8d4873c4c3bf417083cd105af1a08696013af312cf8b7411,MULTI_FISH_FEEDING,F1_FEEDING_DENSE,FEEDING_DENSE,1185,41.66372688782991,8,943.0,743.0,1032.0,827.0,CERTAIN,,
V3_FEEDING,f123b08e6e9ef50e8d4873c4c3bf417083cd105af1a08696013af312cf8b7411,MULTI_FISH_FEEDING,F1_FEEDING_DENSE,FEEDING_DENSE,1186,41.69888615102639,1,68.0,497.0,220.0,608.0,CERTAIN,,
V3_FEEDING,f123b08e6e9ef50e8d4873c4c3bf417083cd105af1a08696013af312cf8b7411,MULTI_FISH_FEEDING,F1_FEEDING_DENSE,FEEDING_DENSE,1186,41.69888615102639,2,371.0,463.0,482.0,560.0,CERTAIN,,
V3_FEEDING,f123b08e6e9ef50e8d4873c4c3bf417083cd105af1a08696013af312cf8b7411,MULTI_FISH_FEEDING,F1_FEEDING_DENSE,FEEDING_DENSE,1186,41.69888615102639,3,589.0,344.0,683.0,453.0,CERTAIN,,
V3_FEEDING,f123b08e6e9ef50e8d4873c4c3bf417083cd105af1a08696013af312cf8b7411,MULTI_FISH_FEEDING,F1_FEEDING_DENSE,FEEDING_DENSE,1186,41.69888615102639,4,697.0,237.0,806.0,323.0,CERTAIN,,
V3_FEEDING,f123b08e6e9ef50e8d4873c4c3bf417083cd105af1a08696013af312cf8b7411,MULTI_FISH_FEEDING,F1_FEEDING_DENSE,FEEDING_DENSE,1186,41.69888615102639,5,790.0,241.0,861.0,323.0,CERTAIN,,
V3_FEEDING,f123b08e6e9ef50e8d4873c4c3bf417083cd105af1a08696013af312cf8b7411,MULTI_FISH_FEEDING,F1_FEEDING_DENSE,FEEDING_DENSE,1186,41.69888615102639,6,932.0,355.0,1046.0,456.0,CERTAIN,,
V3_FEEDING,f123b08e6e9ef50e8d4873c4c3bf417083cd105af1a08696013af312cf8b7411,MULTI_FISH_FEEDING,F1_FEEDING_DENSE,FEEDING_DENSE,1186,41.69888615102639,7,1018.0,120.0,1130.0,221.0,CERTAIN,,
V3_FEEDING,f123b08e6e9ef50e8d4873c4c3bf417083cd105af1a08696013af312cf8b7411,MULTI_FISH_FEEDING,F1_FEEDING_DENSE,FEEDING_DENSE,1187,41.73404541422288,1,67.0,487.0,213.0,601.0,CERTAIN,,
V3_FEEDING,f123b08e6e9ef50e8d4873c4c3bf417083cd105af1a08696013af312cf8b7411,MULTI_FISH_FEEDING,F1_FEEDING_DENSE,FEEDING_DENSE,1187,41.73404541422288,2,389.0,456.0,467.0,569.0,CERTAIN,,
V3_FEEDING,f123b08e6e9ef50e8d4873c4c3bf417083cd105af1a08696013af312cf8b7411,MULTI_FISH_FEEDING,F1_FEEDING_DENSE,FEEDING_DENSE,1187,41.73404541422288,3,594.0,344.0,701.0,471.0,CERTAIN,,
V3_FEEDING,f123b08e6e9ef50e8d4873c4c3bf417083cd105af1a08696013af312cf8b7411,MULTI_FISH_FEEDING,F1_FEEDING_DENSE,FEEDING_DENSE,1187,41.73404541422288,4,703.0,236.0,800.0,339.0,CERTAIN,,
V3_FEEDING,f123b08e6e9ef50e8d4873c4c3bf417083cd105af1a08696013af312cf8b7411,MULTI_FISH_FEEDING,F1_FEEDING_DENSE,FEEDING_DENSE,1187,41.73404541422288,5,792.0,227.0,847.0,344.0,CERTAIN,,
V3_FEEDING,f123b08e6e9ef50e8d4873c4c3bf417083cd105af1a08696013af312cf8b7411,MULTI_FISH_FEEDING,F1_FEEDING_DENSE,FEEDING_DENSE,1187,41.73404541422288,6,927.0,360.0,1036.0,469.0,CERTAIN,,
V3_FEEDING,f123b08e6e9ef50e8d4873c4c3bf417083cd105af1a08696013af312cf8b7411,MULTI_FISH_FEEDING,F1_FEEDING_DENSE,FEEDING_DENSE,1187,41.73404541422288,7,1018.0,129.0,1121.0,212.0,CERTAIN,,
V3_FEEDING,f123b08e6e9ef50e8d4873c4c3bf417083cd105af1a08696013af312cf8b7411,MULTI_FISH_FEEDING,F1_FEEDING_DENSE,FEEDING_DENSE,1187,41.73404541422288,8,966.0,724.0,1027.0,827.0,CERTAIN,,
V3_FEEDING,f123b08e6e9ef50e8d4873c4c3bf417083cd105af1a08696013af312cf8b7411,MULTI_FISH_FEEDING,F1_FEEDING_DENSE,FEEDING_DENSE,1188,41.76920467741935,1,83.0,472.0,211.0,577.0,CERTAIN,,
V3_FEEDING,f123b08e6e9ef50e8d4873c4c3bf417083cd105af1a08696013af312cf8b7411,MULTI_FISH_FEEDING,F1_FEEDING_DENSE,FEEDING_DENSE,1188,41.76920467741935,2,380.0,458.0,478.0,549.0,CERTAIN,,
V3_FEEDING,f123b08e6e9ef50e8d4873c4c3bf417083cd105af1a08696013af312cf8b7411,MULTI_FISH_FEEDING,F1_FEEDING_DENSE,FEEDING_DENSE,1188,41.76920467741935,3,583.0,353.0,699.0,492.0,CERTAIN,,
V3_FEEDING,f123b08e6e9ef50e8d4873c4c3bf417083cd105af1a08696013af312cf8b7411,MULTI_FISH_FEEDING,F1_FEEDING_DENSE,FEEDING_DENSE,1188,41.76920467741935,4,697.0,227.0,802.0,333.0,CERTAIN,,
V3_FEEDING,f123b08e6e9ef50e8d4873c4c3bf417083cd105af1a08696013af312cf8b7411,MULTI_FISH_FEEDING,F1_FEEDING_DENSE,FEEDING_DENSE,1188,41.76920467741935,5,786.0,228.0,836.0,328.0,CERTAIN,,
V3_FEEDING,f123b08e6e9ef50e8d4873c4c3bf417083cd105af1a08696013af312cf8b7411,MULTI_FISH_FEEDING,F1_FEEDING_DENSE,FEEDING_DENSE,1188,41.76920467741935,6,925.0,369.0,1041.0,460.0,CERTAIN,,
V3_FEEDING,f123b08e6e9ef50e8d4873c4c3bf417083cd105af1a08696013af312cf8b7411,MULTI_FISH_FEEDING,F1_FEEDING_DENSE,FEEDING_DENSE,1188,41.76920467741935,7,1002.0,130.0,1134.0,225.0,CERTAIN,,
V3_FEEDING,f123b08e6e9ef50e8d4873c4c3bf417083cd105af1a08696013af312cf8b7411,MULTI_FISH_FEEDING,F1_FEEDING_DENSE,FEEDING_DENSE,1188,41.76920467741935,8,952.0,734.0,1034.0,834.0,CERTAIN,,
V3_FEEDING,f123b08e6e9ef50e8d4873c4c3bf417083cd105af1a08696013af312cf8b7411,MULTI_FISH_FEEDING,F1_FEEDING_DENSE,FEEDING_DENSE,1189,41.80436394061584,1,86.0,478.0,198.0,592.0,CERTAIN,,
V3_FEEDING,f123b08e6e9ef50e8d4873c4c3bf417083cd105af1a08696013af312cf8b7411,MULTI_FISH_FEEDING,F1_FEEDING_DENSE,FEEDING_DENSE,1189,41.80436394061584,2,391.0,453.0,476.0,558.0,CERTAIN,,
V3_FEEDING,f123b08e6e9ef50e8d4873c4c3bf417083cd105af1a08696013af312cf8b7411,MULTI_FISH_FEEDING,F1_FEEDING_DENSE,FEEDING_DENSE,1189,41.80436394061584,3,589.0,344.0,688.0,465.0,CERTAIN,,
V3_FEEDING,f123b08e6e9ef50e8d4873c4c3bf417083cd105af1a08696013af312cf8b7411,MULTI_FISH_FEEDING,F1_FEEDING_DENSE,FEEDING_DENSE,1189,41.80436394061584,4,704.0,241.0,800.0,332.0,CERTAIN,,
V3_FEEDING,f123b08e6e9ef50e8d4873c4c3bf417083cd105af1a08696013af312cf8b7411,MULTI_FISH_FEEDING,F1_FEEDING_DENSE,FEEDING_DENSE,1189,41.80436394061584,5,800.0,219.0,854.0,305.0,CERTAIN,,
V3_FEEDING,f123b08e6e9ef50e8d4873c4c3bf417083cd105af1a08696013af312cf8b7411,MULTI_FISH_FEEDING,F1_FEEDING_DENSE,FEEDING_DENSE,1189,41.80436394061584,6,936.0,366.0,1046.0,458.0,CERTAIN,,
V3_FEEDING,f123b08e6e9ef50e8d4873c4c3bf417083cd105af1a08696013af312cf8b7411,MULTI_FISH_FEEDING,F1_FEEDING_DENSE,FEEDING_DENSE,1189,41.80436394061584,7,1021.0,107.0,1112.0,216.0,CERTAIN,,
V3_FEEDING,f123b08e6e9ef50e8d4873c4c3bf417083cd105af1a08696013af312cf8b7411,MULTI_FISH_FEEDING,F1_FEEDING_DENSE,FEEDING_DENSE,1189,41.80436394061584,8,963.0,734.0,1023.0,827.0,CERTAIN,,
V3_FEEDING,f123b08e6e9ef50e8d4873c4c3bf417083cd105af1a08696013af312cf8b7411,MULTI_FISH_FEEDING,F1_FEEDING_DENSE,FEEDING_DENSE,1191,41.8746824670088,1,93.0,481.0,225.0,570.0,CERTAIN,,
V3_FEEDING,f123b08e6e9ef50e8d4873c4c3bf417083cd105af1a08696013af312cf8b7411,MULTI_FISH_FEEDING,F1_FEEDING_DENSE,FEEDING_DENSE,1191,41.8746824670088,2,405.0,453.0,453.0,561.0,CERTAIN,,
V3_FEEDING,f123b08e6e9ef50e8d4873c4c3bf417083cd105af1a08696013af312cf8b7411,MULTI_FISH_FEEDING,F1_FEEDING_DENSE,FEEDING_DENSE,1191,41.8746824670088,3,585.0,326.0,678.0,453.0,CERTAIN,,
V3_FEEDING,f123b08e6e9ef50e8d4873c4c3bf417083cd105af1a08696013af312cf8b7411,MULTI_FISH_FEEDING,F1_FEEDING_DENSE,FEEDING_DENSE,1191,41.8746824670088,4,715.0,252.0,790.0,325.0,CERTAIN,,
V3_FEEDING,f123b08e6e9ef50e8d4873c4c3bf417083cd105af1a08696013af312cf8b7411,MULTI_FISH_FEEDING,F1_FEEDING_DENSE,FEEDING_DENSE,1191,41.8746824670088,5,795.0,212.0,854.0,332.0,CERTAIN,,
V3_FEEDING,f123b08e6e9ef50e8d4873c4c3bf417083cd105af1a08696013af312cf8b7411,MULTI_FISH_FEEDING,F1_FEEDING_DENSE,FEEDING_DENSE,1191,41.8746824670088,6,929.0,374.0,1052.0,463.0,CERTAIN,,
V3_FEEDING,f123b08e6e9ef50e8d4873c4c3bf417083cd105af1a08696013af312cf8b7411,MULTI_FISH_FEEDING,F1_FEEDING_DENSE,FEEDING_DENSE,1191,41.8746824670088,7,1011.0,132.0,1134.0,218.0,CERTAIN,,
V3_FEEDING,f123b08e6e9ef50e8d4873c4c3bf417083cd105af1a08696013af312cf8b7411,MULTI_FISH_FEEDING,F1_FEEDING_DENSE,FEEDING_DENSE,1191,41.8746824670088,8,968.0,732.0,1041.0,818.0,CERTAIN,,
V3_FEEDING,f123b08e6e9ef50e8d4873c4c3bf417083cd105af1a08696013af312cf8b7411,MULTI_FISH_FEEDING,F1_FEEDING_DENSE,FEEDING_DENSE,1192,41.90984173020528,1,95.0,487.0,220.0,599.0,CERTAIN,,
V3_FEEDING,f123b08e6e9ef50e8d4873c4c3bf417083cd105af1a08696013af312cf8b7411,MULTI_FISH_FEEDING,F1_FEEDING_DENSE,FEEDING_DENSE,1192,41.90984173020528,2,380.0,456.0,453.0,579.0,CERTAIN,,
V3_FEEDING,f123b08e6e9ef50e8d4873c4c3bf417083cd105af1a08696013af312cf8b7411,MULTI_FISH_FEEDING,F1_FEEDING_DENSE,FEEDING_DENSE,1192,41.90984173020528,3,587.0,323.0,681.0,437.0,CERTAIN,,
V3_FEEDING,f123b08e6e9ef50e8d4873c4c3bf417083cd105af1a08696013af312cf8b7411,MULTI_FISH_FEEDING,F1_FEEDING_DENSE,FEEDING_DENSE,1192,41.90984173020528,4,720.0,257.0,808.0,332.0,CERTAIN,,
V3_FEEDING,f123b08e6e9ef50e8d4873c4c3bf417083cd105af1a08696013af312cf8b7411,MULTI_FISH_FEEDING,F1_FEEDING_DENSE,FEEDING_DENSE,1192,41.90984173020528,5,811.0,211.0,856.0,307.0,CERTAIN,,
V3_FEEDING,f123b08e6e9ef50e8d4873c4c3bf417083cd105af1a08696013af312cf8b7411,MULTI_FISH_FEEDING,F1_FEEDING_DENSE,FEEDING_DENSE,1192,41.90984173020528,6,927.0,351.0,1052.0,476.0,CERTAIN,,
V3_FEEDING,f123b08e6e9ef50e8d4873c4c3bf417083cd105af1a08696013af312cf8b7411,MULTI_FISH_FEEDING,F1_FEEDING_DENSE,FEEDING_DENSE,1192,41.90984173020528,7,1004.0,107.0,1126.0,228.0,CERTAIN,,
V3_FEEDING,f123b08e6e9ef50e8d4873c4c3bf417083cd105af1a08696013af312cf8b7411,MULTI_FISH_FEEDING,F1_FEEDING_DENSE,FEEDING_DENSE,1192,41.90984173020528,8,957.0,715.0,1036.0,816.0,CERTAIN,,
V3_FEEDING,f123b08e6e9ef50e8d4873c4c3bf417083cd105af1a08696013af312cf8b7411,MULTI_FISH_FEEDING,F1_FEEDING_DENSE,FEEDING_DENSE,1193,41.94500099340176,1,101.0,480.0,243.0,588.0,CERTAIN,,
V3_FEEDING,f123b08e6e9ef50e8d4873c4c3bf417083cd105af1a08696013af312cf8b7411,MULTI_FISH_FEEDING,F1_FEEDING_DENSE,FEEDING_DENSE,1193,41.94500099340176,2,389.0,458.0,459.0,577.0,CERTAIN,,
V3_FEEDING,f123b08e6e9ef50e8d4873c4c3bf417083cd105af1a08696013af312cf8b7411,MULTI_FISH_FEEDING,F1_FEEDING_DENSE,FEEDING_DENSE,1193,41.94500099340176,3,581.0,316.0,670.0,458.0,CERTAIN,,
V3_FEEDING,f123b08e6e9ef50e8d4873c4c3bf417083cd105af1a08696013af312cf8b7411,MULTI_FISH_FEEDING,F1_FEEDING_DENSE,FEEDING_DENSE,1193,41.94500099340176,4,704.0,257.0,808.0,335.0,CERTAIN,,
V3_FEEDING,f123b08e6e9ef50e8d4873c4c3bf417083cd105af1a08696013af312cf8b7411,MULTI_FISH_FEEDING,F1_FEEDING_DENSE,FEEDING_DENSE,1193,41.94500099340176,5,802.0,202.0,849.0,301.0,CERTAIN,,
V3_FEEDING,f123b08e6e9ef50e8d4873c4c3bf417083cd105af1a08696013af312cf8b7411,MULTI_FISH_FEEDING,F1_FEEDING_DENSE,FEEDING_DENSE,1193,41.94500099340176,6,934.0,373.0,1027.0,471.0,CERTAIN,,
V3_FEEDING,f123b08e6e9ef50e8d4873c4c3bf417083cd105af1a08696013af312cf8b7411,MULTI_FISH_FEEDING,F1_FEEDING_DENSE,FEEDING_DENSE,1193,41.94500099340176,7,1000.0,143.0,1116.0,216.0,CERTAIN,,
V3_FEEDING,f123b08e6e9ef50e8d4873c4c3bf417083cd105af1a08696013af312cf8b7411,MULTI_FISH_FEEDING,F1_FEEDING_DENSE,FEEDING_DENSE,1193,41.94500099340176,8,966.0,734.0,1032.0,800.0,CERTAIN,,
V3_FEEDING,f123b08e6e9ef50e8d4873c4c3bf417083cd105af1a08696013af312cf8b7411,MULTI_FISH_FEEDING,F1_FEEDING_DENSE,FEEDING_DENSE,1194,41.98016025659824,1,106.0,469.0,232.0,590.0,CERTAIN,,
V3_FEEDING,f123b08e6e9ef50e8d4873c4c3bf417083cd105af1a08696013af312cf8b7411,MULTI_FISH_FEEDING,F1_FEEDING_DENSE,FEEDING_DENSE,1194,41.98016025659824,2,385.0,458.0,455.0,567.0,CERTAIN,,
V3_FEEDING,f123b08e6e9ef50e8d4873c4c3bf417083cd105af1a08696013af312cf8b7411,MULTI_FISH_FEEDING,F1_FEEDING_DENSE,FEEDING_DENSE,1194,41.98016025659824,3,576.0,305.0,690.0,453.0,CERTAIN,,
V3_FEEDING,f123b08e6e9ef50e8d4873c4c3bf417083cd105af1a08696013af312cf8b7411,MULTI_FISH_FEEDING,F1_FEEDING_DENSE,FEEDING_DENSE,1194,41.98016025659824,4,703.0,250.0,808.0,328.0,CERTAIN,,
V3_FEEDING,f123b08e6e9ef50e8d4873c4c3bf417083cd105af1a08696013af312cf8b7411,MULTI_FISH_FEEDING,F1_FEEDING_DENSE,FEEDING_DENSE,1194,41.98016025659824,5,800.0,191.0,861.0,296.0,CERTAIN,,
V3_FEEDING,f123b08e6e9ef50e8d4873c4c3bf417083cd105af1a08696013af312cf8b7411,MULTI_FISH_FEEDING,F1_FEEDING_DENSE,FEEDING_DENSE,1194,41.98016025659824,6,939.0,360.0,1032.0,460.0,CERTAIN,,
V3_FEEDING,f123b08e6e9ef50e8d4873c4c3bf417083cd105af1a08696013af312cf8b7411,MULTI_FISH_FEEDING,F1_FEEDING_DENSE,FEEDING_DENSE,1194,41.98016025659824,7,1012.0,127.0,1116.0,214.0,CERTAIN,,
V3_FEEDING,f123b08e6e9ef50e8d4873c4c3bf417083cd105af1a08696013af312cf8b7411,MULTI_FISH_FEEDING,F1_FEEDING_DENSE,FEEDING_DENSE,1194,41.98016025659824,8,961.0,718.0,1043.0,814.0,CERTAIN,,
V3_FEEDING,f123b08e6e9ef50e8d4873c4c3bf417083cd105af1a08696013af312cf8b7411,MULTI_FISH_FEEDING,F1_FEEDING_DENSE,FEEDING_DENSE,1195,42.01531951979472,1,106.0,476.0,225.0,581.0,CERTAIN,,
V3_FEEDING,f123b08e6e9ef50e8d4873c4c3bf417083cd105af1a08696013af312cf8b7411,MULTI_FISH_FEEDING,F1_FEEDING_DENSE,FEEDING_DENSE,1195,42.01531951979472,2,393.0,465.0,460.0,574.0,CERTAIN,,
V3_FEEDING,f123b08e6e9ef50e8d4873c4c3bf417083cd105af1a08696013af312cf8b7411,MULTI_FISH_FEEDING,F1_FEEDING_DENSE,FEEDING_DENSE,1195,42.01531951979472,3,583.0,321.0,690.0,446.0,CERTAIN,,
V3_FEEDING,f123b08e6e9ef50e8d4873c4c3bf417083cd105af1a08696013af312cf8b7411,MULTI_FISH_FEEDING,F1_FEEDING_DENSE,FEEDING_DENSE,1195,42.01531951979472,4,701.0,248.0,800.0,341.0,CERTAIN,,
V3_FEEDING,f123b08e6e9ef50e8d4873c4c3bf417083cd105af1a08696013af312cf8b7411,MULTI_FISH_FEEDING,F1_FEEDING_DENSE,FEEDING_DENSE,1195,42.01531951979472,5,808.0,189.0,861.0,296.0,CERTAIN,,
V3_FEEDING,f123b08e6e9ef50e8d4873c4c3bf417083cd105af1a08696013af312cf8b7411,MULTI_FISH_FEEDING,F1_FEEDING_DENSE,FEEDING_DENSE,1195,42.01531951979472,6,947.0,373.0,1034.0,460.0,CERTAIN,,
V3_FEEDING,f123b08e6e9ef50e8d4873c4c3bf417083cd105af1a08696013af312cf8b7411,MULTI_FISH_FEEDING,F1_FEEDING_DENSE,FEEDING_DENSE,1195,42.01531951979472,7,1014.0,113.0,1116.0,225.0,CERTAIN,,
V3_FEEDING,f123b08e6e9ef50e8d4873c4c3bf417083cd105af1a08696013af312cf8b7411,MULTI_FISH_FEEDING,F1_FEEDING_DENSE,FEEDING_DENSE,1195,42.01531951979472,8,961.0,720.0,1066.0,818.0,CERTAIN,,
V3_FEEDING,f123b08e6e9ef50e8d4873c4c3bf417083cd105af1a08696013af312cf8b7411,MULTI_FISH_FEEDING,F1_FEEDING_DENSE,FEEDING_DENSE,1196,42.0504787829912,1,129.0,471.0,236.0,588.0,CERTAIN,,
V3_FEEDING,f123b08e6e9ef50e8d4873c4c3bf417083cd105af1a08696013af312cf8b7411,MULTI_FISH_FEEDING,F1_FEEDING_DENSE,FEEDING_DENSE,1196,42.0504787829912,2,400.0,480.0,455.0,574.0,CERTAIN,,
V3_FEEDING,f123b08e6e9ef50e8d4873c4c3bf417083cd105af1a08696013af312cf8b7411,MULTI_FISH_FEEDING,F1_FEEDING_DENSE,FEEDING_DENSE,1196,42.0504787829912,3,578.0,319.0,685.0,421.0,CERTAIN,,
V3_FEEDING,f123b08e6e9ef50e8d4873c4c3bf417083cd105af1a08696013af312cf8b7411,MULTI_FISH_FEEDING,F1_FEEDING_DENSE,FEEDING_DENSE,1196,42.0504787829912,4,722.0,257.0,795.0,321.0,CERTAIN,,
V3_FEEDING,f123b08e6e9ef50e8d4873c4c3bf417083cd105af1a08696013af312cf8b7411,MULTI_FISH_FEEDING,F1_FEEDING_DENSE,FEEDING_DENSE,1196,42.0504787829912,5,813.0,180.0,873.0,296.0,CERTAIN,,
V3_FEEDING,f123b08e6e9ef50e8d4873c4c3bf417083cd105af1a08696013af312cf8b7411,MULTI_FISH_FEEDING,F1_FEEDING_DENSE,FEEDING_DENSE,1196,42.0504787829912,6,929.0,353.0,1034.0,467.0,CERTAIN,,
V3_FEEDING,f123b08e6e9ef50e8d4873c4c3bf417083cd105af1a08696013af312cf8b7411,MULTI_FISH_FEEDING,F1_FEEDING_DENSE,FEEDING_DENSE,1196,42.0504787829912,7,1011.0,120.0,1119.0,227.0,CERTAIN,,
V3_FEEDING,f123b08e6e9ef50e8d4873c4c3bf417083cd105af1a08696013af312cf8b7411,MULTI_FISH_FEEDING,F1_FEEDING_DENSE,FEEDING_DENSE,1196,42.0504787829912,8,977.0,702.0,1048.0,809.0,CERTAIN,,
V3_FEEDING,f123b08e6e9ef50e8d4873c4c3bf417083cd105af1a08696013af312cf8b7411,MULTI_FISH_FEEDING,F1_FEEDING_DENSE,FEEDING_DENSE,1197,42.08563804618768,1,129.0,471.0,236.0,588.0,CERTAIN,,
V3_FEEDING,f123b08e6e9ef50e8d4873c4c3bf417083cd105af1a08696013af312cf8b7411,MULTI_FISH_FEEDING,F1_FEEDING_DENSE,FEEDING_DENSE,1197,42.08563804618768,2,400.0,480.0,455.0,574.0,CERTAIN,,
V3_FEEDING,f123b08e6e9ef50e8d4873c4c3bf417083cd105af1a08696013af312cf8b7411,MULTI_FISH_FEEDING,F1_FEEDING_DENSE,FEEDING_DENSE,1197,42.08563804618768,3,578.0,319.0,685.0,421.0,CERTAIN,,
V3_FEEDING,f123b08e6e9ef50e8d4873c4c3bf417083cd105af1a08696013af312cf8b7411,MULTI_FISH_FEEDING,F1_FEEDING_DENSE,FEEDING_DENSE,1197,42.08563804618768,4,722.0,257.0,795.0,321.0,CERTAIN,,
V3_FEEDING,f123b08e6e9ef50e8d4873c4c3bf417083cd105af1a08696013af312cf8b7411,MULTI_FISH_FEEDING,F1_FEEDING_DENSE,FEEDING_DENSE,1197,42.08563804618768,5,813.0,180.0,873.0,296.0,CERTAIN,,
V3_FEEDING,f123b08e6e9ef50e8d4873c4c3bf417083cd105af1a08696013af312cf8b7411,MULTI_FISH_FEEDING,F1_FEEDING_DENSE,FEEDING_DENSE,1197,42.08563804618768,6,929.0,353.0,1034.0,467.0,CERTAIN,,
V3_FEEDING,f123b08e6e9ef50e8d4873c4c3bf417083cd105af1a08696013af312cf8b7411,MULTI_FISH_FEEDING,F1_FEEDING_DENSE,FEEDING_DENSE,1197,42.08563804618768,7,1011.0,120.0,1119.0,227.0,CERTAIN,,
V3_FEEDING,f123b08e6e9ef50e8d4873c4c3bf417083cd105af1a08696013af312cf8b7411,MULTI_FISH_FEEDING,F1_FEEDING_DENSE,FEEDING_DENSE,1197,42.08563804618768,8,977.0,702.0,1048.0,809.0,CERTAIN,,
V3_FEEDING,f123b08e6e9ef50e8d4873c4c3bf417083cd105af1a08696013af312cf8b7411,MULTI_FISH_FEEDING,F1_FEEDING_DENSE,FEEDING_DENSE,1198,42.120797309384166,1,129.0,471.0,236.0,588.0,CERTAIN,,
V3_FEEDING,f123b08e6e9ef50e8d4873c4c3bf417083cd105af1a08696013af312cf8b7411,MULTI_FISH_FEEDING,F1_FEEDING_DENSE,FEEDING_DENSE,1198,42.120797309384166,2,400.0,480.0,455.0,574.0,CERTAIN,,
V3_FEEDING,f123b08e6e9ef50e8d4873c4c3bf417083cd105af1a08696013af312cf8b7411,MULTI_FISH_FEEDING,F1_FEEDING_DENSE,FEEDING_DENSE,1198,42.120797309384166,3,578.0,319.0,685.0,421.0,CERTAIN,,
V3_FEEDING,f123b08e6e9ef50e8d4873c4c3bf417083cd105af1a08696013af312cf8b7411,MULTI_FISH_FEEDING,F1_FEEDING_DENSE,FEEDING_DENSE,1198,42.120797309384166,4,722.0,257.0,795.0,321.0,CERTAIN,,
V3_FEEDING,f123b08e6e9ef50e8d4873c4c3bf417083cd105af1a08696013af312cf8b7411,MULTI_FISH_FEEDING,F1_FEEDING_DENSE,FEEDING_DENSE,1198,42.120797309384166,5,813.0,180.0,873.0,296.0,CERTAIN,,
V3_FEEDING,f123b08e6e9ef50e8d4873c4c3bf417083cd105af1a08696013af312cf8b7411,MULTI_FISH_FEEDING,F1_FEEDING_DENSE,FEEDING_DENSE,1198,42.120797309384166,6,929.0,353.0,1034.0,467.0,CERTAIN,,
V3_FEEDING,f123b08e6e9ef50e8d4873c4c3bf417083cd105af1a08696013af312cf8b7411,MULTI_FISH_FEEDING,F1_FEEDING_DENSE,FEEDING_DENSE,1198,42.120797309384166,7,1011.0,120.0,1119.0,227.0,CERTAIN,,
V3_FEEDING,f123b08e6e9ef50e8d4873c4c3bf417083cd105af1a08696013af312cf8b7411,MULTI_FISH_FEEDING,F1_FEEDING_DENSE,FEEDING_DENSE,1198,42.120797309384166,8,977.0,702.0,1048.0,809.0,CERTAIN,,
V3_FEEDING,f123b08e6e9ef50e8d4873c4c3bf417083cd105af1a08696013af312cf8b7411,MULTI_FISH_FEEDING,F1_FEEDING_DENSE,FEEDING_DENSE,1199,42.15595657258064,1,129.0,471.0,236.0,588.0,CERTAIN,,
V3_FEEDING,f123b08e6e9ef50e8d4873c4c3bf417083cd105af1a08696013af312cf8b7411,MULTI_FISH_FEEDING,F1_FEEDING_DENSE,FEEDING_DENSE,1199,42.15595657258064,2,400.0,480.0,455.0,574.0,CERTAIN,,
V3_FEEDING,f123b08e6e9ef50e8d4873c4c3bf417083cd105af1a08696013af312cf8b7411,MULTI_FISH_FEEDING,F1_FEEDING_DENSE,FEEDING_DENSE,1199,42.15595657258064,3,578.0,319.0,685.0,421.0,CERTAIN,,
V3_FEEDING,f123b08e6e9ef50e8d4873c4c3bf417083cd105af1a08696013af312cf8b7411,MULTI_FISH_FEEDING,F1_FEEDING_DENSE,FEEDING_DENSE,1199,42.15595657258064,4,722.0,257.0,795.0,321.0,CERTAIN,,
V3_FEEDING,f123b08e6e9ef50e8d4873c4c3bf417083cd105af1a08696013af312cf8b7411,MULTI_FISH_FEEDING,F1_FEEDING_DENSE,FEEDING_DENSE,1199,42.15595657258064,5,813.0,180.0,873.0,296.0,CERTAIN,,
V3_FEEDING,f123b08e6e9ef50e8d4873c4c3bf417083cd105af1a08696013af312cf8b7411,MULTI_FISH_FEEDING,F1_FEEDING_DENSE,FEEDING_DENSE,1199,42.15595657258064,6,929.0,353.0,1034.0,467.0,CERTAIN,,
V3_FEEDING,f123b08e6e9ef50e8d4873c4c3bf417083cd105af1a08696013af312cf8b7411,MULTI_FISH_FEEDING,F1_FEEDING_DENSE,FEEDING_DENSE,1199,42.15595657258064,7,1011.0,120.0,1119.0,227.0,CERTAIN,,
V3_FEEDING,f123b08e6e9ef50e8d4873c4c3bf417083cd105af1a08696013af312cf8b7411,MULTI_FISH_FEEDING,F1_FEEDING_DENSE,FEEDING_DENSE,1199,42.15595657258064,8,977.0,702.0,1048.0,809.0,CERTAIN,,
V3_FEEDING,f123b08e6e9ef50e8d4873c4c3bf417083cd105af1a08696013af312cf8b7411,MULTI_FISH_FEEDING,F1_FEEDING_DENSE,FEEDING_DENSE,1200,42.191115835777126,1,129.0,471.0,236.0,588.0,CERTAIN,,
V3_FEEDING,f123b08e6e9ef50e8d4873c4c3bf417083cd105af1a08696013af312cf8b7411,MULTI_FISH_FEEDING,F1_FEEDING_DENSE,FEEDING_DENSE,1200,42.191115835777126,2,400.0,480.0,455.0,574.0,CERTAIN,,
V3_FEEDING,f123b08e6e9ef50e8d4873c4c3bf417083cd105af1a08696013af312cf8b7411,MULTI_FISH_FEEDING,F1_FEEDING_DENSE,FEEDING_DENSE,1200,42.191115835777126,3,578.0,319.0,685.0,421.0,CERTAIN,,
V3_FEEDING,f123b08e6e9ef50e8d4873c4c3bf417083cd105af1a08696013af312cf8b7411,MULTI_FISH_FEEDING,F1_FEEDING_DENSE,FEEDING_DENSE,1200,42.191115835777126,4,722.0,257.0,795.0,321.0,CERTAIN,,
V3_FEEDING,f123b08e6e9ef50e8d4873c4c3bf417083cd105af1a08696013af312cf8b7411,MULTI_FISH_FEEDING,F1_FEEDING_DENSE,FEEDING_DENSE,1200,42.191115835777126,5,813.0,180.0,873.0,296.0,CERTAIN,,
V3_FEEDING,f123b08e6e9ef50e8d4873c4c3bf417083cd105af1a08696013af312cf8b7411,MULTI_FISH_FEEDING,F1_FEEDING_DENSE,FEEDING_DENSE,1200,42.191115835777126,6,929.0,353.0,1034.0,467.0,CERTAIN,,
V3_FEEDING,f123b08e6e9ef50e8d4873c4c3bf417083cd105af1a08696013af312cf8b7411,MULTI_FISH_FEEDING,F1_FEEDING_DENSE,FEEDING_DENSE,1200,42.191115835777126,7,1011.0,120.0,1119.0,227.0,CERTAIN,,
V3_FEEDING,f123b08e6e9ef50e8d4873c4c3bf417083cd105af1a08696013af312cf8b7411,MULTI_FISH_FEEDING,F1_FEEDING_DENSE,FEEDING_DENSE,1200,42.191115835777126,8,977.0,702.0,1048.0,809.0,CERTAIN,,
V3_FEEDING,f123b08e6e9ef50e8d4873c4c3bf417083cd105af1a08696013af312cf8b7411,MULTI_FISH_FEEDING,F1_FEEDING_DENSE,FEEDING_DENSE,1201,42.22627509897361,1,129.0,471.0,236.0,588.0,CERTAIN,,
V3_FEEDING,f123b08e6e9ef50e8d4873c4c3bf417083cd105af1a08696013af312cf8b7411,MULTI_FISH_FEEDING,F1_FEEDING_DENSE,FEEDING_DENSE,1201,42.22627509897361,2,400.0,480.0,455.0,574.0,CERTAIN,,
V3_FEEDING,f123b08e6e9ef50e8d4873c4c3bf417083cd105af1a08696013af312cf8b7411,MULTI_FISH_FEEDING,F1_FEEDING_DENSE,FEEDING_DENSE,1201,42.22627509897361,3,578.0,319.0,685.0,421.0,CERTAIN,,
V3_FEEDING,f123b08e6e9ef50e8d4873c4c3bf417083cd105af1a08696013af312cf8b7411,MULTI_FISH_FEEDING,F1_FEEDING_DENSE,FEEDING_DENSE,1201,42.22627509897361,4,722.0,257.0,795.0,321.0,CERTAIN,,
V3_FEEDING,f123b08e6e9ef50e8d4873c4c3bf417083cd105af1a08696013af312cf8b7411,MULTI_FISH_FEEDING,F1_FEEDING_DENSE,FEEDING_DENSE,1201,42.22627509897361,5,813.0,180.0,873.0,296.0,CERTAIN,,
V3_FEEDING,f123b08e6e9ef50e8d4873c4c3bf417083cd105af1a08696013af312cf8b7411,MULTI_FISH_FEEDING,F1_FEEDING_DENSE,FEEDING_DENSE,1201,42.22627509897361,6,929.0,353.0,1034.0,467.0,CERTAIN,,
V3_FEEDING,f123b08e6e9ef50e8d4873c4c3bf417083cd105af1a08696013af312cf8b7411,MULTI_FISH_FEEDING,F1_FEEDING_DENSE,FEEDING_DENSE,1201,42.22627509897361,7,1011.0,120.0,1119.0,227.0,CERTAIN,,
V3_FEEDING,f123b08e6e9ef50e8d4873c4c3bf417083cd105af1a08696013af312cf8b7411,MULTI_FISH_FEEDING,F1_FEEDING_DENSE,FEEDING_DENSE,1201,42.22627509897361,8,977.0,702.0,1048.0,809.0,CERTAIN,,
V3_FEEDING,f123b08e6e9ef50e8d4873c4c3bf417083cd105af1a08696013af312cf8b7411,MULTI_FISH_FEEDING,F1_FEEDING_DENSE,FEEDING_DENSE,1202,42.261434362170085,1,129.0,471.0,236.0,588.0,CERTAIN,,
V3_FEEDING,f123b08e6e9ef50e8d4873c4c3bf417083cd105af1a08696013af312cf8b7411,MULTI_FISH_FEEDING,F1_FEEDING_DENSE,FEEDING_DENSE,1202,42.261434362170085,2,400.0,480.0,455.0,574.0,CERTAIN,,
V3_FEEDING,f123b08e6e9ef50e8d4873c4c3bf417083cd105af1a08696013af312cf8b7411,MULTI_FISH_FEEDING,F1_FEEDING_DENSE,FEEDING_DENSE,1202,42.261434362170085,3,578.0,319.0,685.0,421.0,CERTAIN,,
V3_FEEDING,f123b08e6e9ef50e8d4873c4c3bf417083cd105af1a08696013af312cf8b7411,MULTI_FISH_FEEDING,F1_FEEDING_DENSE,FEEDING_DENSE,1202,42.261434362170085,4,722.0,257.0,795.0,321.0,CERTAIN,,
V3_FEEDING,f123b08e6e9ef50e8d4873c4c3bf417083cd105af1a08696013af312cf8b7411,MULTI_FISH_FEEDING,F1_FEEDING_DENSE,FEEDING_DENSE,1202,42.261434362170085,5,813.0,180.0,873.0,296.0,CERTAIN,,
V3_FEEDING,f123b08e6e9ef50e8d4873c4c3bf417083cd105af1a08696013af312cf8b7411,MULTI_FISH_FEEDING,F1_FEEDING_DENSE,FEEDING_DENSE,1202,42.261434362170085,6,929.0,353.0,1034.0,467.0,CERTAIN,,
V3_FEEDING,f123b08e6e9ef50e8d4873c4c3bf417083cd105af1a08696013af312cf8b7411,MULTI_FISH_FEEDING,F1_FEEDING_DENSE,FEEDING_DENSE,1202,42.261434362170085,7,1011.0,120.0,1119.0,227.0,CERTAIN,,
V3_FEEDING,f123b08e6e9ef50e8d4873c4c3bf417083cd105af1a08696013af312cf8b7411,MULTI_FISH_FEEDING,F1_FEEDING_DENSE,FEEDING_DENSE,1202,42.261434362170085,8,977.0,702.0,1048.0,809.0,CERTAIN,,
V3_FEEDING,f123b08e6e9ef50e8d4873c4c3bf417083cd105af1a08696013af312cf8b7411,MULTI_FISH_FEEDING,F1_FEEDING_DENSE,FEEDING_DENSE,1203,42.29659362536657,1,129.0,471.0,236.0,588.0,CERTAIN,,
V3_FEEDING,f123b08e6e9ef50e8d4873c4c3bf417083cd105af1a08696013af312cf8b7411,MULTI_FISH_FEEDING,F1_FEEDING_DENSE,FEEDING_DENSE,1203,42.29659362536657,2,400.0,480.0,455.0,574.0,CERTAIN,,
V3_FEEDING,f123b08e6e9ef50e8d4873c4c3bf417083cd105af1a08696013af312cf8b7411,MULTI_FISH_FEEDING,F1_FEEDING_DENSE,FEEDING_DENSE,1203,42.29659362536657,3,578.0,319.0,685.0,421.0,CERTAIN,,
V3_FEEDING,f123b08e6e9ef50e8d4873c4c3bf417083cd105af1a08696013af312cf8b7411,MULTI_FISH_FEEDING,F1_FEEDING_DENSE,FEEDING_DENSE,1203,42.29659362536657,4,722.0,257.0,795.0,321.0,CERTAIN,,
V3_FEEDING,f123b08e6e9ef50e8d4873c4c3bf417083cd105af1a08696013af312cf8b7411,MULTI_FISH_FEEDING,F1_FEEDING_DENSE,FEEDING_DENSE,1203,42.29659362536657,5,813.0,180.0,873.0,296.0,CERTAIN,,
V3_FEEDING,f123b08e6e9ef50e8d4873c4c3bf417083cd105af1a08696013af312cf8b7411,MULTI_FISH_FEEDING,F1_FEEDING_DENSE,FEEDING_DENSE,1203,42.29659362536657,6,929.0,353.0,1034.0,467.0,CERTAIN,,
V3_FEEDING,f123b08e6e9ef50e8d4873c4c3bf417083cd105af1a08696013af312cf8b7411,MULTI_FISH_FEEDING,F1_FEEDING_DENSE,FEEDING_DENSE,1203,42.29659362536657,7,1011.0,120.0,1119.0,227.0,CERTAIN,,
V3_FEEDING,f123b08e6e9ef50e8d4873c4c3bf417083cd105af1a08696013af312cf8b7411,MULTI_FISH_FEEDING,F1_FEEDING_DENSE,FEEDING_DENSE,1203,42.29659362536657,8,977.0,702.0,1048.0,809.0,CERTAIN,,
V3_FEEDING,f123b08e6e9ef50e8d4873c4c3bf417083cd105af1a08696013af312cf8b7411,MULTI_FISH_FEEDING,F1_FEEDING_DENSE,FEEDING_DENSE,1204,42.33175288856305,1,129.0,471.0,236.0,588.0,CERTAIN,,
V3_FEEDING,f123b08e6e9ef50e8d4873c4c3bf417083cd105af1a08696013af312cf8b7411,MULTI_FISH_FEEDING,F1_FEEDING_DENSE,FEEDING_DENSE,1204,42.33175288856305,2,400.0,480.0,455.0,574.0,CERTAIN,,
V3_FEEDING,f123b08e6e9ef50e8d4873c4c3bf417083cd105af1a08696013af312cf8b7411,MULTI_FISH_FEEDING,F1_FEEDING_DENSE,FEEDING_DENSE,1204,42.33175288856305,3,578.0,319.0,685.0,421.0,CERTAIN,,
V3_FEEDING,f123b08e6e9ef50e8d4873c4c3bf417083cd105af1a08696013af312cf8b7411,MULTI_FISH_FEEDING,F1_FEEDING_DENSE,FEEDING_DENSE,1204,42.33175288856305,4,722.0,257.0,795.0,321.0,CERTAIN,,
V3_FEEDING,f123b08e6e9ef50e8d4873c4c3bf417083cd105af1a08696013af312cf8b7411,MULTI_FISH_FEEDING,F1_FEEDING_DENSE,FEEDING_DENSE,1204,42.33175288856305,5,813.0,180.0,873.0,296.0,CERTAIN,,
V3_FEEDING,f123b08e6e9ef50e8d4873c4c3bf417083cd105af1a08696013af312cf8b7411,MULTI_FISH_FEEDING,F1_FEEDING_DENSE,FEEDING_DENSE,1204,42.33175288856305,6,929.0,353.0,1034.0,467.0,CERTAIN,,
V3_FEEDING,f123b08e6e9ef50e8d4873c4c3bf417083cd105af1a08696013af312cf8b7411,MULTI_FISH_FEEDING,F1_FEEDING_DENSE,FEEDING_DENSE,1204,42.33175288856305,7,1011.0,120.0,1119.0,227.0,CERTAIN,,
V3_FEEDING,f123b08e6e9ef50e8d4873c4c3bf417083cd105af1a08696013af312cf8b7411,MULTI_FISH_FEEDING,F1_FEEDING_DENSE,FEEDING_DENSE,1204,42.33175288856305,8,977.0,702.0,1048.0,809.0,CERTAIN,,
V3_FEEDING,f123b08e6e9ef50e8d4873c4c3bf417083cd105af1a08696013af312cf8b7411,MULTI_FISH_FEEDING,F1_FEEDING_DENSE,FEEDING_DENSE,1205,42.36691215175953,1,129.0,471.0,236.0,588.0,CERTAIN,,
V3_FEEDING,f123b08e6e9ef50e8d4873c4c3bf417083cd105af1a08696013af312cf8b7411,MULTI_FISH_FEEDING,F1_FEEDING_DENSE,FEEDING_DENSE,1205,42.36691215175953,2,400.0,480.0,455.0,574.0,CERTAIN,,
V3_FEEDING,f123b08e6e9ef50e8d4873c4c3bf417083cd105af1a08696013af312cf8b7411,MULTI_FISH_FEEDING,F1_FEEDING_DENSE,FEEDING_DENSE,1205,42.36691215175953,3,578.0,319.0,685.0,421.0,CERTAIN,,
V3_FEEDING,f123b08e6e9ef50e8d4873c4c3bf417083cd105af1a08696013af312cf8b7411,MULTI_FISH_FEEDING,F1_FEEDING_DENSE,FEEDING_DENSE,1205,42.36691215175953,4,722.0,257.0,795.0,321.0,CERTAIN,,
V3_FEEDING,f123b08e6e9ef50e8d4873c4c3bf417083cd105af1a08696013af312cf8b7411,MULTI_FISH_FEEDING,F1_FEEDING_DENSE,FEEDING_DENSE,1205,42.36691215175953,5,813.0,180.0,873.0,296.0,CERTAIN,,
V3_FEEDING,f123b08e6e9ef50e8d4873c4c3bf417083cd105af1a08696013af312cf8b7411,MULTI_FISH_FEEDING,F1_FEEDING_DENSE,FEEDING_DENSE,1205,42.36691215175953,6,929.0,353.0,1034.0,467.0,CERTAIN,,
V3_FEEDING,f123b08e6e9ef50e8d4873c4c3bf417083cd105af1a08696013af312cf8b7411,MULTI_FISH_FEEDING,F1_FEEDING_DENSE,FEEDING_DENSE,1205,42.36691215175953,7,1011.0,120.0,1119.0,227.0,CERTAIN,,
V3_FEEDING,f123b08e6e9ef50e8d4873c4c3bf417083cd105af1a08696013af312cf8b7411,MULTI_FISH_FEEDING,F1_FEEDING_DENSE,FEEDING_DENSE,1205,42.36691215175953,8,977.0,702.0,1048.0,809.0,CERTAIN,,
V3_FEEDING,f123b08e6e9ef50e8d4873c4c3bf417083cd105af1a08696013af312cf8b7411,MULTI_FISH_FEEDING,F1_FEEDING_DENSE,FEEDING_DENSE,1206,42.40207141495601,1,129.0,471.0,236.0,588.0,CERTAIN,,
V3_FEEDING,f123b08e6e9ef50e8d4873c4c3bf417083cd105af1a08696013af312cf8b7411,MULTI_FISH_FEEDING,F1_FEEDING_DENSE,FEEDING_DENSE,1206,42.40207141495601,2,400.0,480.0,455.0,574.0,CERTAIN,,
V3_FEEDING,f123b08e6e9ef50e8d4873c4c3bf417083cd105af1a08696013af312cf8b7411,MULTI_FISH_FEEDING,F1_FEEDING_DENSE,FEEDING_DENSE,1206,42.40207141495601,3,578.0,319.0,685.0,421.0,CERTAIN,,
V3_FEEDING,f123b08e6e9ef50e8d4873c4c3bf417083cd105af1a08696013af312cf8b7411,MULTI_FISH_FEEDING,F1_FEEDING_DENSE,FEEDING_DENSE,1206,42.40207141495601,4,722.0,257.0,795.0,321.0,CERTAIN,,
V3_FEEDING,f123b08e6e9ef50e8d4873c4c3bf417083cd105af1a08696013af312cf8b7411,MULTI_FISH_FEEDING,F1_FEEDING_DENSE,FEEDING_DENSE,1206,42.40207141495601,5,813.0,180.0,873.0,296.0,CERTAIN,,
V3_FEEDING,f123b08e6e9ef50e8d4873c4c3bf417083cd105af1a08696013af312cf8b7411,MULTI_FISH_FEEDING,F1_FEEDING_DENSE,FEEDING_DENSE,1206,42.40207141495601,6,929.0,353.0,1034.0,467.0,CERTAIN,,
V3_FEEDING,f123b08e6e9ef50e8d4873c4c3bf417083cd105af1a08696013af312cf8b7411,MULTI_FISH_FEEDING,F1_FEEDING_DENSE,FEEDING_DENSE,1206,42.40207141495601,7,1011.0,120.0,1119.0,227.0,CERTAIN,,
V3_FEEDING,f123b08e6e9ef50e8d4873c4c3bf417083cd105af1a08696013af312cf8b7411,MULTI_FISH_FEEDING,F1_FEEDING_DENSE,FEEDING_DENSE,1206,42.40207141495601,8,977.0,702.0,1048.0,809.0,CERTAIN,,
V3_FEEDING,f123b08e6e9ef50e8d4873c4c3bf417083cd105af1a08696013af312cf8b7411,MULTI_FISH_FEEDING,F1_FEEDING_DENSE,FEEDING_DENSE,1207,42.43723067815249,1,161.0,480.0,268.0,615.0,CERTAIN,,
V3_FEEDING,f123b08e6e9ef50e8d4873c4c3bf417083cd105af1a08696013af312cf8b7411,MULTI_FISH_FEEDING,F1_FEEDING_DENSE,FEEDING_DENSE,1207,42.43723067815249,2,400.0,480.0,455.0,574.0,CERTAIN,,
V3_FEEDING,f123b08e6e9ef50e8d4873c4c3bf417083cd105af1a08696013af312cf8b7411,MULTI_FISH_FEEDING,F1_FEEDING_DENSE,FEEDING_DENSE,1207,42.43723067815249,3,578.0,319.0,685.0,421.0,CERTAIN,,
V3_FEEDING,f123b08e6e9ef50e8d4873c4c3bf417083cd105af1a08696013af312cf8b7411,MULTI_FISH_FEEDING,F1_FEEDING_DENSE,FEEDING_DENSE,1207,42.43723067815249,4,727.0,289.0,790.0,369.0,CERTAIN,,
V3_FEEDING,f123b08e6e9ef50e8d4873c4c3bf417083cd105af1a08696013af312cf8b7411,MULTI_FISH_FEEDING,F1_FEEDING_DENSE,FEEDING_DENSE,1207,42.43723067815249,5,845.0,162.0,902.0,253.0,CERTAIN,,
V3_FEEDING,f123b08e6e9ef50e8d4873c4c3bf417083cd105af1a08696013af312cf8b7411,MULTI_FISH_FEEDING,F1_FEEDING_DENSE,FEEDING_DENSE,1207,42.43723067815249,6,929.0,353.0,1034.0,467.0,CERTAIN,,
V3_FEEDING,f123b08e6e9ef50e8d4873c4c3bf417083cd105af1a08696013af312cf8b7411,MULTI_FISH_FEEDING,F1_FEEDING_DENSE,FEEDING_DENSE,1207,42.43723067815249,7,1011.0,120.0,1119.0,227.0,CERTAIN,,
V3_FEEDING,f123b08e6e9ef50e8d4873c4c3bf417083cd105af1a08696013af312cf8b7411,MULTI_FISH_FEEDING,F1_FEEDING_DENSE,FEEDING_DENSE,1207,42.43723067815249,8,977.0,702.0,1048.0,809.0,CERTAIN,,
V3_FEEDING,f123b08e6e9ef50e8d4873c4c3bf417083cd105af1a08696013af312cf8b7411,MULTI_FISH_FEEDING,F1_FEEDING_DENSE,FEEDING_DENSE,1208,42.47238994134897,1,161.0,480.0,268.0,615.0,CERTAIN,,
V3_FEEDING,f123b08e6e9ef50e8d4873c4c3bf417083cd105af1a08696013af312cf8b7411,MULTI_FISH_FEEDING,F1_FEEDING_DENSE,FEEDING_DENSE,1208,42.47238994134897,2,400.0,480.0,455.0,574.0,CERTAIN,,
V3_FEEDING,f123b08e6e9ef50e8d4873c4c3bf417083cd105af1a08696013af312cf8b7411,MULTI_FISH_FEEDING,F1_FEEDING_DENSE,FEEDING_DENSE,1208,42.47238994134897,3,578.0,319.0,685.0,421.0,CERTAIN,,
V3_FEEDING,f123b08e6e9ef50e8d4873c4c3bf417083cd105af1a08696013af312cf8b7411,MULTI_FISH_FEEDING,F1_FEEDING_DENSE,FEEDING_DENSE,1208,42.47238994134897,4,727.0,289.0,790.0,369.0,CERTAIN,,
V3_FEEDING,f123b08e6e9ef50e8d4873c4c3bf417083cd105af1a08696013af312cf8b7411,MULTI_FISH_FEEDING,F1_FEEDING_DENSE,FEEDING_DENSE,1208,42.47238994134897,5,845.0,162.0,902.0,253.0,CERTAIN,,
V3_FEEDING,f123b08e6e9ef50e8d4873c4c3bf417083cd105af1a08696013af312cf8b7411,MULTI_FISH_FEEDING,F1_FEEDING_DENSE,FEEDING_DENSE,1208,42.47238994134897,6,945.0,373.0,1046.0,478.0,CERTAIN,,
V3_FEEDING,f123b08e6e9ef50e8d4873c4c3bf417083cd105af1a08696013af312cf8b7411,MULTI_FISH_FEEDING,F1_FEEDING_DENSE,FEEDING_DENSE,1208,42.47238994134897,7,1011.0,120.0,1119.0,227.0,CERTAIN,,
V3_FEEDING,f123b08e6e9ef50e8d4873c4c3bf417083cd105af1a08696013af312cf8b7411,MULTI_FISH_FEEDING,F1_FEEDING_DENSE,FEEDING_DENSE,1208,42.47238994134897,8,987.0,709.0,1091.0,786.0,CERTAIN,,
V3_FEEDING,f123b08e6e9ef50e8d4873c4c3bf417083cd105af1a08696013af312cf8b7411,MULTI_FISH_FEEDING,F1_FEEDING_DENSE,FEEDING_DENSE,1209,42.507549204545455,1,161.0,480.0,268.0,615.0,CERTAIN,,
V3_FEEDING,f123b08e6e9ef50e8d4873c4c3bf417083cd105af1a08696013af312cf8b7411,MULTI_FISH_FEEDING,F1_FEEDING_DENSE,FEEDING_DENSE,1209,42.507549204545455,2,400.0,480.0,455.0,574.0,CERTAIN,,
V3_FEEDING,f123b08e6e9ef50e8d4873c4c3bf417083cd105af1a08696013af312cf8b7411,MULTI_FISH_FEEDING,F1_FEEDING_DENSE,FEEDING_DENSE,1209,42.507549204545455,3,610.0,341.0,679.0,435.0,CERTAIN,,
V3_FEEDING,f123b08e6e9ef50e8d4873c4c3bf417083cd105af1a08696013af312cf8b7411,MULTI_FISH_FEEDING,F1_FEEDING_DENSE,FEEDING_DENSE,1209,42.507549204545455,4,717.0,294.0,770.0,399.0,CERTAIN,,
V3_FEEDING,f123b08e6e9ef50e8d4873c4c3bf417083cd105af1a08696013af312cf8b7411,MULTI_FISH_FEEDING,F1_FEEDING_DENSE,FEEDING_DENSE,1209,42.507549204545455,5,845.0,162.0,902.0,253.0,CERTAIN,,
V3_FEEDING,f123b08e6e9ef50e8d4873c4c3bf417083cd105af1a08696013af312cf8b7411,MULTI_FISH_FEEDING,F1_FEEDING_DENSE,FEEDING_DENSE,1209,42.507549204545455,6,945.0,373.0,1046.0,478.0,CERTAIN,,
V3_FEEDING,f123b08e6e9ef50e8d4873c4c3bf417083cd105af1a08696013af312cf8b7411,MULTI_FISH_FEEDING,F1_FEEDING_DENSE,FEEDING_DENSE,1209,42.507549204545455,7,1011.0,120.0,1119.0,227.0,CERTAIN,,
V3_FEEDING,f123b08e6e9ef50e8d4873c4c3bf417083cd105af1a08696013af312cf8b7411,MULTI_FISH_FEEDING,F1_FEEDING_DENSE,FEEDING_DENSE,1209,42.507549204545455,8,987.0,709.0,1091.0,786.0,CERTAIN,,
V3_FEEDING,f123b08e6e9ef50e8d4873c4c3bf417083cd105af1a08696013af312cf8b7411,MULTI_FISH_FEEDING,F1_FEEDING_DENSE,FEEDING_DENSE,1210,42.54270846774193,1,161.0,480.0,268.0,615.0,CERTAIN,,
V3_FEEDING,f123b08e6e9ef50e8d4873c4c3bf417083cd105af1a08696013af312cf8b7411,MULTI_FISH_FEEDING,F1_FEEDING_DENSE,FEEDING_DENSE,1210,42.54270846774193,2,400.0,480.0,455.0,574.0,CERTAIN,,
V3_FEEDING,f123b08e6e9ef50e8d4873c4c3bf417083cd105af1a08696013af312cf8b7411,MULTI_FISH_FEEDING,F1_FEEDING_DENSE,FEEDING_DENSE,1210,42.54270846774193,3,610.0,341.0,679.0,435.0,CERTAIN,,
V3_FEEDING,f123b08e6e9ef50e8d4873c4c3bf417083cd105af1a08696013af312cf8b7411,MULTI_FISH_FEEDING,F1_FEEDING_DENSE,FEEDING_DENSE,1210,42.54270846774193,4,717.0,294.0,770.0,399.0,CERTAIN,,
V3_FEEDING,f123b08e6e9ef50e8d4873c4c3bf417083cd105af1a08696013af312cf8b7411,MULTI_FISH_FEEDING,F1_FEEDING_DENSE,FEEDING_DENSE,1210,42.54270846774193,5,845.0,162.0,902.0,253.0,CERTAIN,,
V3_FEEDING,f123b08e6e9ef50e8d4873c4c3bf417083cd105af1a08696013af312cf8b7411,MULTI_FISH_FEEDING,F1_FEEDING_DENSE,FEEDING_DENSE,1210,42.54270846774193,6,945.0,373.0,1046.0,478.0,CERTAIN,,
V3_FEEDING,f123b08e6e9ef50e8d4873c4c3bf417083cd105af1a08696013af312cf8b7411,MULTI_FISH_FEEDING,F1_FEEDING_DENSE,FEEDING_DENSE,1210,42.54270846774193,7,1011.0,120.0,1119.0,227.0,CERTAIN,,
V3_FEEDING,f123b08e6e9ef50e8d4873c4c3bf417083cd105af1a08696013af312cf8b7411,MULTI_FISH_FEEDING,F1_FEEDING_DENSE,FEEDING_DENSE,1210,42.54270846774193,8,987.0,709.0,1091.0,786.0,CERTAIN,,
V3_FEEDING,f123b08e6e9ef50e8d4873c4c3bf417083cd105af1a08696013af312cf8b7411,MULTI_FISH_FEEDING,F1_FEEDING_DENSE,FEEDING_DENSE,1211,42.577867730938415,1,161.0,480.0,268.0,615.0,CERTAIN,,
V3_FEEDING,f123b08e6e9ef50e8d4873c4c3bf417083cd105af1a08696013af312cf8b7411,MULTI_FISH_FEEDING,F1_FEEDING_DENSE,FEEDING_DENSE,1211,42.577867730938415,2,400.0,480.0,455.0,574.0,CERTAIN,,
V3_FEEDING,f123b08e6e9ef50e8d4873c4c3bf417083cd105af1a08696013af312cf8b7411,MULTI_FISH_FEEDING,F1_FEEDING_DENSE,FEEDING_DENSE,1211,42.577867730938415,3,624.0,355.0,679.0,458.0,CERTAIN,,
V3_FEEDING,f123b08e6e9ef50e8d4873c4c3bf417083cd105af1a08696013af312cf8b7411,MULTI_FISH_FEEDING,F1_FEEDING_DENSE,FEEDING_DENSE,1211,42.577867730938415,4,694.0,319.0,786.0,426.0,CERTAIN,,
V3_FEEDING,f123b08e6e9ef50e8d4873c4c3bf417083cd105af1a08696013af312cf8b7411,MULTI_FISH_FEEDING,F1_FEEDING_DENSE,FEEDING_DENSE,1211,42.577867730938415,5,845.0,162.0,902.0,253.0,CERTAIN,,
V3_FEEDING,f123b08e6e9ef50e8d4873c4c3bf417083cd105af1a08696013af312cf8b7411,MULTI_FISH_FEEDING,F1_FEEDING_DENSE,FEEDING_DENSE,1211,42.577867730938415,6,945.0,373.0,1046.0,478.0,CERTAIN,,
V3_FEEDING,f123b08e6e9ef50e8d4873c4c3bf417083cd105af1a08696013af312cf8b7411,MULTI_FISH_FEEDING,F1_FEEDING_DENSE,FEEDING_DENSE,1211,42.577867730938415,7,1011.0,120.0,1119.0,227.0,CERTAIN,,
V3_FEEDING,f123b08e6e9ef50e8d4873c4c3bf417083cd105af1a08696013af312cf8b7411,MULTI_FISH_FEEDING,F1_FEEDING_DENSE,FEEDING_DENSE,1211,42.577867730938415,8,987.0,709.0,1091.0,786.0,CERTAIN,,
V3_FEEDING,f123b08e6e9ef50e8d4873c4c3bf417083cd105af1a08696013af312cf8b7411,MULTI_FISH_FEEDING,F1_FEEDING_DENSE,FEEDING_DENSE,1212,42.6130269941349,1,161.0,480.0,268.0,615.0,CERTAIN,,
V3_FEEDING,f123b08e6e9ef50e8d4873c4c3bf417083cd105af1a08696013af312cf8b7411,MULTI_FISH_FEEDING,F1_FEEDING_DENSE,FEEDING_DENSE,1212,42.6130269941349,2,400.0,480.0,455.0,574.0,CERTAIN,,
V3_FEEDING,f123b08e6e9ef50e8d4873c4c3bf417083cd105af1a08696013af312cf8b7411,MULTI_FISH_FEEDING,F1_FEEDING_DENSE,FEEDING_DENSE,1212,42.6130269941349,3,624.0,355.0,679.0,458.0,CERTAIN,,
V3_FEEDING,f123b08e6e9ef50e8d4873c4c3bf417083cd105af1a08696013af312cf8b7411,MULTI_FISH_FEEDING,F1_FEEDING_DENSE,FEEDING_DENSE,1212,42.6130269941349,4,694.0,319.0,786.0,426.0,CERTAIN,,
V3_FEEDING,f123b08e6e9ef50e8d4873c4c3bf417083cd105af1a08696013af312cf8b7411,MULTI_FISH_FEEDING,F1_FEEDING_DENSE,FEEDING_DENSE,1212,42.6130269941349,5,845.0,162.0,902.0,253.0,CERTAIN,,
V3_FEEDING,f123b08e6e9ef50e8d4873c4c3bf417083cd105af1a08696013af312cf8b7411,MULTI_FISH_FEEDING,F1_FEEDING_DENSE,FEEDING_DENSE,1212,42.6130269941349,6,945.0,373.0,1046.0,478.0,CERTAIN,,
V3_FEEDING,f123b08e6e9ef50e8d4873c4c3bf417083cd105af1a08696013af312cf8b7411,MULTI_FISH_FEEDING,F1_FEEDING_DENSE,FEEDING_DENSE,1212,42.6130269941349,7,1011.0,120.0,1119.0,227.0,CERTAIN,,
V3_FEEDING,f123b08e6e9ef50e8d4873c4c3bf417083cd105af1a08696013af312cf8b7411,MULTI_FISH_FEEDING,F1_FEEDING_DENSE,FEEDING_DENSE,1212,42.6130269941349,8,987.0,709.0,1091.0,786.0,CERTAIN,,
V3_FEEDING,f123b08e6e9ef50e8d4873c4c3bf417083cd105af1a08696013af312cf8b7411,MULTI_FISH_FEEDING,F1_FEEDING_DENSE,FEEDING_DENSE,1213,42.648186257331375,1,161.0,480.0,268.0,615.0,CERTAIN,,
V3_FEEDING,f123b08e6e9ef50e8d4873c4c3bf417083cd105af1a08696013af312cf8b7411,MULTI_FISH_FEEDING,F1_FEEDING_DENSE,FEEDING_DENSE,1213,42.648186257331375,2,400.0,480.0,455.0,574.0,CERTAIN,,
V3_FEEDING,f123b08e6e9ef50e8d4873c4c3bf417083cd105af1a08696013af312cf8b7411,MULTI_FISH_FEEDING,F1_FEEDING_DENSE,FEEDING_DENSE,1213,42.648186257331375,3,624.0,355.0,679.0,458.0,CERTAIN,,
V3_FEEDING,f123b08e6e9ef50e8d4873c4c3bf417083cd105af1a08696013af312cf8b7411,MULTI_FISH_FEEDING,F1_FEEDING_DENSE,FEEDING_DENSE,1213,42.648186257331375,4,694.0,319.0,786.0,426.0,CERTAIN,,
V3_FEEDING,f123b08e6e9ef50e8d4873c4c3bf417083cd105af1a08696013af312cf8b7411,MULTI_FISH_FEEDING,F1_FEEDING_DENSE,FEEDING_DENSE,1213,42.648186257331375,5,849.0,127.0,925.0,244.0,CERTAIN,,
V3_FEEDING,f123b08e6e9ef50e8d4873c4c3bf417083cd105af1a08696013af312cf8b7411,MULTI_FISH_FEEDING,F1_FEEDING_DENSE,FEEDING_DENSE,1213,42.648186257331375,6,945.0,373.0,1046.0,478.0,CERTAIN,,
V3_FEEDING,f123b08e6e9ef50e8d4873c4c3bf417083cd105af1a08696013af312cf8b7411,MULTI_FISH_FEEDING,F1_FEEDING_DENSE,FEEDING_DENSE,1213,42.648186257331375,7,1011.0,120.0,1119.0,227.0,CERTAIN,,
V3_FEEDING,f123b08e6e9ef50e8d4873c4c3bf417083cd105af1a08696013af312cf8b7411,MULTI_FISH_FEEDING,F1_FEEDING_DENSE,FEEDING_DENSE,1213,42.648186257331375,8,987.0,709.0,1091.0,786.0,CERTAIN,,
V3_FEEDING,f123b08e6e9ef50e8d4873c4c3bf417083cd105af1a08696013af312cf8b7411,MULTI_FISH_FEEDING,F1_FEEDING_DENSE,FEEDING_DENSE,1214,42.68334552052786,1,177.0,506.0,245.0,656.0,CERTAIN,,
V3_FEEDING,f123b08e6e9ef50e8d4873c4c3bf417083cd105af1a08696013af312cf8b7411,MULTI_FISH_FEEDING,F1_FEEDING_DENSE,FEEDING_DENSE,1214,42.68334552052786,2,400.0,480.0,455.0,574.0,CERTAIN,,
V3_FEEDING,f123b08e6e9ef50e8d4873c4c3bf417083cd105af1a08696013af312cf8b7411,MULTI_FISH_FEEDING,F1_FEEDING_DENSE,FEEDING_DENSE,1214,42.68334552052786,3,624.0,355.0,679.0,458.0,CERTAIN,,
V3_FEEDING,f123b08e6e9ef50e8d4873c4c3bf417083cd105af1a08696013af312cf8b7411,MULTI_FISH_FEEDING,F1_FEEDING_DENSE,FEEDING_DENSE,1214,42.68334552052786,4,681.0,337.0,774.0,444.0,CERTAIN,,
V3_FEEDING,f123b08e6e9ef50e8d4873c4c3bf417083cd105af1a08696013af312cf8b7411,MULTI_FISH_FEEDING,F1_FEEDING_DENSE,FEEDING_DENSE,1214,42.68334552052786,5,849.0,127.0,925.0,244.0,CERTAIN,,
V3_FEEDING,f123b08e6e9ef50e8d4873c4c3bf417083cd105af1a08696013af312cf8b7411,MULTI_FISH_FEEDING,F1_FEEDING_DENSE,FEEDING_DENSE,1214,42.68334552052786,6,945.0,373.0,1046.0,478.0,CERTAIN,,
V3_FEEDING,f123b08e6e9ef50e8d4873c4c3bf417083cd105af1a08696013af312cf8b7411,MULTI_FISH_FEEDING,F1_FEEDING_DENSE,FEEDING_DENSE,1214,42.68334552052786,7,1011.0,120.0,1119.0,227.0,CERTAIN,,
V3_FEEDING,f123b08e6e9ef50e8d4873c4c3bf417083cd105af1a08696013af312cf8b7411,MULTI_FISH_FEEDING,F1_FEEDING_DENSE,FEEDING_DENSE,1214,42.68334552052786,8,987.0,709.0,1091.0,786.0,CERTAIN,,
V3_FEEDING,f123b08e6e9ef50e8d4873c4c3bf417083cd105af1a08696013af312cf8b7411,MULTI_FISH_FEEDING,F1_FEEDING_DENSE,FEEDING_DENSE,1215,42.71850478372434,1,177.0,506.0,245.0,656.0,CERTAIN,,
V3_FEEDING,f123b08e6e9ef50e8d4873c4c3bf417083cd105af1a08696013af312cf8b7411,MULTI_FISH_FEEDING,F1_FEEDING_DENSE,FEEDING_DENSE,1215,42.71850478372434,2,400.0,480.0,455.0,574.0,CERTAIN,,
V3_FEEDING,f123b08e6e9ef50e8d4873c4c3bf417083cd105af1a08696013af312cf8b7411,MULTI_FISH_FEEDING,F1_FEEDING_DENSE,FEEDING_DENSE,1215,42.71850478372434,3,624.0,355.0,679.0,458.0,CERTAIN,,
V3_FEEDING,f123b08e6e9ef50e8d4873c4c3bf417083cd105af1a08696013af312cf8b7411,MULTI_FISH_FEEDING,F1_FEEDING_DENSE,FEEDING_DENSE,1215,42.71850478372434,4,681.0,337.0,774.0,444.0,CERTAIN,,
V3_FEEDING,f123b08e6e9ef50e8d4873c4c3bf417083cd105af1a08696013af312cf8b7411,MULTI_FISH_FEEDING,F1_FEEDING_DENSE,FEEDING_DENSE,1215,42.71850478372434,5,849.0,127.0,925.0,244.0,CERTAIN,,
V3_FEEDING,f123b08e6e9ef50e8d4873c4c3bf417083cd105af1a08696013af312cf8b7411,MULTI_FISH_FEEDING,F1_FEEDING_DENSE,FEEDING_DENSE,1215,42.71850478372434,6,945.0,373.0,1046.0,478.0,CERTAIN,,
V3_FEEDING,f123b08e6e9ef50e8d4873c4c3bf417083cd105af1a08696013af312cf8b7411,MULTI_FISH_FEEDING,F1_FEEDING_DENSE,FEEDING_DENSE,1215,42.71850478372434,7,1011.0,120.0,1119.0,227.0,CERTAIN,,
V3_FEEDING,f123b08e6e9ef50e8d4873c4c3bf417083cd105af1a08696013af312cf8b7411,MULTI_FISH_FEEDING,F1_FEEDING_DENSE,FEEDING_DENSE,1215,42.71850478372434,8,987.0,709.0,1091.0,786.0,CERTAIN,,
V3_FEEDING,f123b08e6e9ef50e8d4873c4c3bf417083cd105af1a08696013af312cf8b7411,MULTI_FISH_FEEDING,F1_FEEDING_DENSE,FEEDING_DENSE,1216,42.75366404692082,1,177.0,506.0,245.0,656.0,CERTAIN,,
V3_FEEDING,f123b08e6e9ef50e8d4873c4c3bf417083cd105af1a08696013af312cf8b7411,MULTI_FISH_FEEDING,F1_FEEDING_DENSE,FEEDING_DENSE,1216,42.75366404692082,2,400.0,480.0,455.0,574.0,CERTAIN,,
V3_FEEDING,f123b08e6e9ef50e8d4873c4c3bf417083cd105af1a08696013af312cf8b7411,MULTI_FISH_FEEDING,F1_FEEDING_DENSE,FEEDING_DENSE,1216,42.75366404692082,3,624.0,355.0,679.0,458.0,CERTAIN,,
V3_FEEDING,f123b08e6e9ef50e8d4873c4c3bf417083cd105af1a08696013af312cf8b7411,MULTI_FISH_FEEDING,F1_FEEDING_DENSE,FEEDING_DENSE,1216,42.75366404692082,4,681.0,337.0,774.0,444.0,CERTAIN,,
V3_FEEDING,f123b08e6e9ef50e8d4873c4c3bf417083cd105af1a08696013af312cf8b7411,MULTI_FISH_FEEDING,F1_FEEDING_DENSE,FEEDING_DENSE,1216,42.75366404692082,5,849.0,127.0,925.0,244.0,CERTAIN,,
V3_FEEDING,f123b08e6e9ef50e8d4873c4c3bf417083cd105af1a08696013af312cf8b7411,MULTI_FISH_FEEDING,F1_FEEDING_DENSE,FEEDING_DENSE,1216,42.75366404692082,6,945.0,373.0,1046.0,478.0,CERTAIN,,
V3_FEEDING,f123b08e6e9ef50e8d4873c4c3bf417083cd105af1a08696013af312cf8b7411,MULTI_FISH_FEEDING,F1_FEEDING_DENSE,FEEDING_DENSE,1216,42.75366404692082,7,1011.0,120.0,1119.0,227.0,CERTAIN,,
V3_FEEDING,f123b08e6e9ef50e8d4873c4c3bf417083cd105af1a08696013af312cf8b7411,MULTI_FISH_FEEDING,F1_FEEDING_DENSE,FEEDING_DENSE,1216,42.75366404692082,8,987.0,709.0,1091.0,786.0,CERTAIN,,
V3_FEEDING,f123b08e6e9ef50e8d4873c4c3bf417083cd105af1a08696013af312cf8b7411,MULTI_FISH_FEEDING,F1_FEEDING_DENSE,FEEDING_DENSE,1217,42.7888233101173,1,177.0,506.0,245.0,656.0,CERTAIN,,
V3_FEEDING,f123b08e6e9ef50e8d4873c4c3bf417083cd105af1a08696013af312cf8b7411,MULTI_FISH_FEEDING,F1_FEEDING_DENSE,FEEDING_DENSE,1217,42.7888233101173,2,400.0,480.0,455.0,574.0,CERTAIN,,
V3_FEEDING,f123b08e6e9ef50e8d4873c4c3bf417083cd105af1a08696013af312cf8b7411,MULTI_FISH_FEEDING,F1_FEEDING_DENSE,FEEDING_DENSE,1217,42.7888233101173,3,624.0,355.0,679.0,458.0,CERTAIN,,
V3_FEEDING,f123b08e6e9ef50e8d4873c4c3bf417083cd105af1a08696013af312cf8b7411,MULTI_FISH_FEEDING,F1_FEEDING_DENSE,FEEDING_DENSE,1217,42.7888233101173,4,681.0,337.0,774.0,444.0,CERTAIN,,
V3_FEEDING,f123b08e6e9ef50e8d4873c4c3bf417083cd105af1a08696013af312cf8b7411,MULTI_FISH_FEEDING,F1_FEEDING_DENSE,FEEDING_DENSE,1217,42.7888233101173,5,849.0,127.0,925.0,244.0,CERTAIN,,
V3_FEEDING,f123b08e6e9ef50e8d4873c4c3bf417083cd105af1a08696013af312cf8b7411,MULTI_FISH_FEEDING,F1_FEEDING_DENSE,FEEDING_DENSE,1217,42.7888233101173,6,945.0,373.0,1046.0,478.0,CERTAIN,,
V3_FEEDING,f123b08e6e9ef50e8d4873c4c3bf417083cd105af1a08696013af312cf8b7411,MULTI_FISH_FEEDING,F1_FEEDING_DENSE,FEEDING_DENSE,1217,42.7888233101173,7,1011.0,120.0,1119.0,227.0,CERTAIN,,
V3_FEEDING,f123b08e6e9ef50e8d4873c4c3bf417083cd105af1a08696013af312cf8b7411,MULTI_FISH_FEEDING,F1_FEEDING_DENSE,FEEDING_DENSE,1217,42.7888233101173,8,987.0,709.0,1091.0,786.0,CERTAIN,,
V3_FEEDING,f123b08e6e9ef50e8d4873c4c3bf417083cd105af1a08696013af312cf8b7411,MULTI_FISH_FEEDING,F1_FEEDING_DENSE,FEEDING_DENSE,1218,42.823982573313785,1,177.0,506.0,245.0,656.0,CERTAIN,,
V3_FEEDING,f123b08e6e9ef50e8d4873c4c3bf417083cd105af1a08696013af312cf8b7411,MULTI_FISH_FEEDING,F1_FEEDING_DENSE,FEEDING_DENSE,1218,42.823982573313785,2,400.0,480.0,455.0,574.0,CERTAIN,,
V3_FEEDING,f123b08e6e9ef50e8d4873c4c3bf417083cd105af1a08696013af312cf8b7411,MULTI_FISH_FEEDING,F1_FEEDING_DENSE,FEEDING_DENSE,1218,42.823982573313785,3,624.0,355.0,679.0,458.0,CERTAIN,,
V3_FEEDING,f123b08e6e9ef50e8d4873c4c3bf417083cd105af1a08696013af312cf8b7411,MULTI_FISH_FEEDING,F1_FEEDING_DENSE,FEEDING_DENSE,1218,42.823982573313785,4,681.0,337.0,774.0,444.0,CERTAIN,,
V3_FEEDING,f123b08e6e9ef50e8d4873c4c3bf417083cd105af1a08696013af312cf8b7411,MULTI_FISH_FEEDING,F1_FEEDING_DENSE,FEEDING_DENSE,1218,42.823982573313785,5,849.0,127.0,925.0,244.0,CERTAIN,,
V3_FEEDING,f123b08e6e9ef50e8d4873c4c3bf417083cd105af1a08696013af312cf8b7411,MULTI_FISH_FEEDING,F1_FEEDING_DENSE,FEEDING_DENSE,1218,42.823982573313785,6,945.0,373.0,1046.0,478.0,CERTAIN,,
V3_FEEDING,f123b08e6e9ef50e8d4873c4c3bf417083cd105af1a08696013af312cf8b7411,MULTI_FISH_FEEDING,F1_FEEDING_DENSE,FEEDING_DENSE,1218,42.823982573313785,7,1011.0,120.0,1119.0,227.0,CERTAIN,,
V3_FEEDING,f123b08e6e9ef50e8d4873c4c3bf417083cd105af1a08696013af312cf8b7411,MULTI_FISH_FEEDING,F1_FEEDING_DENSE,FEEDING_DENSE,1218,42.823982573313785,8,987.0,709.0,1091.0,786.0,CERTAIN,,
V3_FEEDING,f123b08e6e9ef50e8d4873c4c3bf417083cd105af1a08696013af312cf8b7411,MULTI_FISH_FEEDING,F1_FEEDING_DENSE,FEEDING_DENSE,1219,42.85914183651026,1,177.0,506.0,245.0,656.0,CERTAIN,,
V3_FEEDING,f123b08e6e9ef50e8d4873c4c3bf417083cd105af1a08696013af312cf8b7411,MULTI_FISH_FEEDING,F1_FEEDING_DENSE,FEEDING_DENSE,1219,42.85914183651026,2,400.0,480.0,455.0,574.0,CERTAIN,,
V3_FEEDING,f123b08e6e9ef50e8d4873c4c3bf417083cd105af1a08696013af312cf8b7411,MULTI_FISH_FEEDING,F1_FEEDING_DENSE,FEEDING_DENSE,1219,42.85914183651026,3,613.0,401.0,670.0,503.0,CERTAIN,,
V3_FEEDING,f123b08e6e9ef50e8d4873c4c3bf417083cd105af1a08696013af312cf8b7411,MULTI_FISH_FEEDING,F1_FEEDING_DENSE,FEEDING_DENSE,1219,42.85914183651026,4,678.0,348.0,774.0,458.0,CERTAIN,,
V3_FEEDING,f123b08e6e9ef50e8d4873c4c3bf417083cd105af1a08696013af312cf8b7411,MULTI_FISH_FEEDING,F1_FEEDING_DENSE,FEEDING_DENSE,1219,42.85914183651026,5,884.0,97.0,966.0,244.0,CERTAIN,,
V3_FEEDING,f123b08e6e9ef50e8d4873c4c3bf417083cd105af1a08696013af312cf8b7411,MULTI_FISH_FEEDING,F1_FEEDING_DENSE,FEEDING_DENSE,1219,42.85914183651026,6,945.0,373.0,1046.0,478.0,CERTAIN,,
V3_FEEDING,f123b08e6e9ef50e8d4873c4c3bf417083cd105af1a08696013af312cf8b7411,MULTI_FISH_FEEDING,F1_FEEDING_DENSE,FEEDING_DENSE,1219,42.85914183651026,7,991.0,95.0,1089.0,189.0,CERTAIN,,
V3_FEEDING,f123b08e6e9ef50e8d4873c4c3bf417083cd105af1a08696013af312cf8b7411,MULTI_FISH_FEEDING,F1_FEEDING_DENSE,FEEDING_DENSE,1219,42.85914183651026,8,987.0,709.0,1091.0,786.0,CERTAIN,,
V3_FEEDING,f123b08e6e9ef50e8d4873c4c3bf417083cd105af1a08696013af312cf8b7411,MULTI_FISH_FEEDING,F1_FEEDING_DENSE,FEEDING_DENSE,1220,42.894301099706745,1,177.0,506.0,245.0,656.0,CERTAIN,,
V3_FEEDING,f123b08e6e9ef50e8d4873c4c3bf417083cd105af1a08696013af312cf8b7411,MULTI_FISH_FEEDING,F1_FEEDING_DENSE,FEEDING_DENSE,1220,42.894301099706745,2,400.0,480.0,455.0,574.0,CERTAIN,,
V3_FEEDING,f123b08e6e9ef50e8d4873c4c3bf417083cd105af1a08696013af312cf8b7411,MULTI_FISH_FEEDING,F1_FEEDING_DENSE,FEEDING_DENSE,1220,42.894301099706745,3,613.0,401.0,670.0,503.0,CERTAIN,,
V3_FEEDING,f123b08e6e9ef50e8d4873c4c3bf417083cd105af1a08696013af312cf8b7411,MULTI_FISH_FEEDING,F1_FEEDING_DENSE,FEEDING_DENSE,1220,42.894301099706745,4,678.0,348.0,774.0,458.0,CERTAIN,,
V3_FEEDING,f123b08e6e9ef50e8d4873c4c3bf417083cd105af1a08696013af312cf8b7411,MULTI_FISH_FEEDING,F1_FEEDING_DENSE,FEEDING_DENSE,1220,42.894301099706745,5,884.0,97.0,966.0,244.0,CERTAIN,,
V3_FEEDING,f123b08e6e9ef50e8d4873c4c3bf417083cd105af1a08696013af312cf8b7411,MULTI_FISH_FEEDING,F1_FEEDING_DENSE,FEEDING_DENSE,1220,42.894301099706745,6,945.0,373.0,1046.0,478.0,CERTAIN,,
V3_FEEDING,f123b08e6e9ef50e8d4873c4c3bf417083cd105af1a08696013af312cf8b7411,MULTI_FISH_FEEDING,F1_FEEDING_DENSE,FEEDING_DENSE,1220,42.894301099706745,7,991.0,95.0,1089.0,189.0,CERTAIN,,
V3_FEEDING,f123b08e6e9ef50e8d4873c4c3bf417083cd105af1a08696013af312cf8b7411,MULTI_FISH_FEEDING,F1_FEEDING_DENSE,FEEDING_DENSE,1220,42.894301099706745,8,987.0,709.0,1091.0,786.0,CERTAIN,,
V3_FEEDING,f123b08e6e9ef50e8d4873c4c3bf417083cd105af1a08696013af312cf8b7411,MULTI_FISH_FEEDING,F1_FEEDING_DENSE,FEEDING_DENSE,1221,42.92946036290323,1,177.0,506.0,245.0,656.0,CERTAIN,,
V3_FEEDING,f123b08e6e9ef50e8d4873c4c3bf417083cd105af1a08696013af312cf8b7411,MULTI_FISH_FEEDING,F1_FEEDING_DENSE,FEEDING_DENSE,1221,42.92946036290323,2,389.0,504.0,496.0,610.0,CERTAIN,,
V3_FEEDING,f123b08e6e9ef50e8d4873c4c3bf417083cd105af1a08696013af312cf8b7411,MULTI_FISH_FEEDING,F1_FEEDING_DENSE,FEEDING_DENSE,1221,42.92946036290323,3,613.0,401.0,670.0,503.0,CERTAIN,,
V3_FEEDING,f123b08e6e9ef50e8d4873c4c3bf417083cd105af1a08696013af312cf8b7411,MULTI_FISH_FEEDING,F1_FEEDING_DENSE,FEEDING_DENSE,1221,42.92946036290323,4,678.0,348.0,774.0,458.0,CERTAIN,,
V3_FEEDING,f123b08e6e9ef50e8d4873c4c3bf417083cd105af1a08696013af312cf8b7411,MULTI_FISH_FEEDING,F1_FEEDING_DENSE,FEEDING_DENSE,1221,42.92946036290323,5,884.0,97.0,966.0,244.0,CERTAIN,,
V3_FEEDING,f123b08e6e9ef50e8d4873c4c3bf417083cd105af1a08696013af312cf8b7411,MULTI_FISH_FEEDING,F1_FEEDING_DENSE,FEEDING_DENSE,1221,42.92946036290323,6,945.0,373.0,1046.0,478.0,CERTAIN,,
V3_FEEDING,f123b08e6e9ef50e8d4873c4c3bf417083cd105af1a08696013af312cf8b7411,MULTI_FISH_FEEDING,F1_FEEDING_DENSE,FEEDING_DENSE,1221,42.92946036290323,7,991.0,95.0,1089.0,189.0,CERTAIN,,
V3_FEEDING,f123b08e6e9ef50e8d4873c4c3bf417083cd105af1a08696013af312cf8b7411,MULTI_FISH_FEEDING,F1_FEEDING_DENSE,FEEDING_DENSE,1221,42.92946036290323,8,987.0,709.0,1091.0,786.0,CERTAIN,,
V3_FEEDING,f123b08e6e9ef50e8d4873c4c3bf417083cd105af1a08696013af312cf8b7411,MULTI_FISH_FEEDING,F1_FEEDING_DENSE,FEEDING_DENSE,1222,42.9646196260997,1,177.0,506.0,245.0,656.0,CERTAIN,,
V3_FEEDING,f123b08e6e9ef50e8d4873c4c3bf417083cd105af1a08696013af312cf8b7411,MULTI_FISH_FEEDING,F1_FEEDING_DENSE,FEEDING_DENSE,1222,42.9646196260997,2,389.0,504.0,496.0,610.0,CERTAIN,,
V3_FEEDING,f123b08e6e9ef50e8d4873c4c3bf417083cd105af1a08696013af312cf8b7411,MULTI_FISH_FEEDING,F1_FEEDING_DENSE,FEEDING_DENSE,1222,42.9646196260997,3,613.0,401.0,670.0,503.0,CERTAIN,,
V3_FEEDING,f123b08e6e9ef50e8d4873c4c3bf417083cd105af1a08696013af312cf8b7411,MULTI_FISH_FEEDING,F1_FEEDING_DENSE,FEEDING_DENSE,1222,42.9646196260997,4,678.0,348.0,774.0,458.0,CERTAIN,,
V3_FEEDING,f123b08e6e9ef50e8d4873c4c3bf417083cd105af1a08696013af312cf8b7411,MULTI_FISH_FEEDING,F1_FEEDING_DENSE,FEEDING_DENSE,1222,42.9646196260997,5,884.0,97.0,966.0,244.0,CERTAIN,,
V3_FEEDING,f123b08e6e9ef50e8d4873c4c3bf417083cd105af1a08696013af312cf8b7411,MULTI_FISH_FEEDING,F1_FEEDING_DENSE,FEEDING_DENSE,1222,42.9646196260997,6,945.0,373.0,1046.0,478.0,CERTAIN,,
V3_FEEDING,f123b08e6e9ef50e8d4873c4c3bf417083cd105af1a08696013af312cf8b7411,MULTI_FISH_FEEDING,F1_FEEDING_DENSE,FEEDING_DENSE,1222,42.9646196260997,7,991.0,95.0,1089.0,189.0,CERTAIN,,
V3_FEEDING,f123b08e6e9ef50e8d4873c4c3bf417083cd105af1a08696013af312cf8b7411,MULTI_FISH_FEEDING,F1_FEEDING_DENSE,FEEDING_DENSE,1222,42.9646196260997,8,987.0,709.0,1091.0,786.0,CERTAIN,,
V3_FEEDING,f123b08e6e9ef50e8d4873c4c3bf417083cd105af1a08696013af312cf8b7411,MULTI_FISH_FEEDING,F1_FEEDING_DENSE,FEEDING_DENSE,1223,42.99977888929619,1,177.0,506.0,245.0,656.0,CERTAIN,,
V3_FEEDING,f123b08e6e9ef50e8d4873c4c3bf417083cd105af1a08696013af312cf8b7411,MULTI_FISH_FEEDING,F1_FEEDING_DENSE,FEEDING_DENSE,1223,42.99977888929619,2,389.0,504.0,496.0,610.0,CERTAIN,,
V3_FEEDING,f123b08e6e9ef50e8d4873c4c3bf417083cd105af1a08696013af312cf8b7411,MULTI_FISH_FEEDING,F1_FEEDING_DENSE,FEEDING_DENSE,1223,42.99977888929619,3,613.0,401.0,670.0,503.0,CERTAIN,,
V3_FEEDING,f123b08e6e9ef50e8d4873c4c3bf417083cd105af1a08696013af312cf8b7411,MULTI_FISH_FEEDING,F1_FEEDING_DENSE,FEEDING_DENSE,1223,42.99977888929619,4,678.0,348.0,774.0,458.0,CERTAIN,,
V3_FEEDING,f123b08e6e9ef50e8d4873c4c3bf417083cd105af1a08696013af312cf8b7411,MULTI_FISH_FEEDING,F1_FEEDING_DENSE,FEEDING_DENSE,1223,42.99977888929619,5,884.0,97.0,966.0,244.0,CERTAIN,,
V3_FEEDING,f123b08e6e9ef50e8d4873c4c3bf417083cd105af1a08696013af312cf8b7411,MULTI_FISH_FEEDING,F1_FEEDING_DENSE,FEEDING_DENSE,1223,42.99977888929619,6,945.0,373.0,1046.0,478.0,CERTAIN,,
V3_FEEDING,f123b08e6e9ef50e8d4873c4c3bf417083cd105af1a08696013af312cf8b7411,MULTI_FISH_FEEDING,F1_FEEDING_DENSE,FEEDING_DENSE,1223,42.99977888929619,7,991.0,95.0,1089.0,189.0,CERTAIN,,
V3_FEEDING,f123b08e6e9ef50e8d4873c4c3bf417083cd105af1a08696013af312cf8b7411,MULTI_FISH_FEEDING,F1_FEEDING_DENSE,FEEDING_DENSE,1223,42.99977888929619,8,987.0,709.0,1091.0,786.0,CERTAIN,,
V3_FEEDING,f123b08e6e9ef50e8d4873c4c3bf417083cd105af1a08696013af312cf8b7411,MULTI_FISH_FEEDING,F1_FEEDING_DENSE,FEEDING_DENSE,1224,43.03493815249266,1,177.0,506.0,245.0,656.0,CERTAIN,,
V3_FEEDING,f123b08e6e9ef50e8d4873c4c3bf417083cd105af1a08696013af312cf8b7411,MULTI_FISH_FEEDING,F1_FEEDING_DENSE,FEEDING_DENSE,1224,43.03493815249266,2,389.0,504.0,496.0,610.0,CERTAIN,,
V3_FEEDING,f123b08e6e9ef50e8d4873c4c3bf417083cd105af1a08696013af312cf8b7411,MULTI_FISH_FEEDING,F1_FEEDING_DENSE,FEEDING_DENSE,1224,43.03493815249266,3,613.0,401.0,670.0,503.0,CERTAIN,,
V3_FEEDING,f123b08e6e9ef50e8d4873c4c3bf417083cd105af1a08696013af312cf8b7411,MULTI_FISH_FEEDING,F1_FEEDING_DENSE,FEEDING_DENSE,1224,43.03493815249266,4,678.0,348.0,774.0,458.0,CERTAIN,,
V3_FEEDING,f123b08e6e9ef50e8d4873c4c3bf417083cd105af1a08696013af312cf8b7411,MULTI_FISH_FEEDING,F1_FEEDING_DENSE,FEEDING_DENSE,1224,43.03493815249266,5,884.0,97.0,966.0,244.0,CERTAIN,,
V3_FEEDING,f123b08e6e9ef50e8d4873c4c3bf417083cd105af1a08696013af312cf8b7411,MULTI_FISH_FEEDING,F1_FEEDING_DENSE,FEEDING_DENSE,1224,43.03493815249266,6,945.0,373.0,1046.0,478.0,CERTAIN,,
V3_FEEDING,f123b08e6e9ef50e8d4873c4c3bf417083cd105af1a08696013af312cf8b7411,MULTI_FISH_FEEDING,F1_FEEDING_DENSE,FEEDING_DENSE,1224,43.03493815249266,7,991.0,95.0,1089.0,189.0,CERTAIN,,
V3_FEEDING,f123b08e6e9ef50e8d4873c4c3bf417083cd105af1a08696013af312cf8b7411,MULTI_FISH_FEEDING,F1_FEEDING_DENSE,FEEDING_DENSE,1224,43.03493815249266,8,987.0,709.0,1091.0,786.0,CERTAIN,,
V3_FEEDING,f123b08e6e9ef50e8d4873c4c3bf417083cd105af1a08696013af312cf8b7411,MULTI_FISH_FEEDING,F1_FEEDING_DENSE,FEEDING_DENSE,1225,43.07009741568915,1,177.0,506.0,245.0,656.0,CERTAIN,,
V3_FEEDING,f123b08e6e9ef50e8d4873c4c3bf417083cd105af1a08696013af312cf8b7411,MULTI_FISH_FEEDING,F1_FEEDING_DENSE,FEEDING_DENSE,1225,43.07009741568915,2,389.0,504.0,496.0,610.0,CERTAIN,,
V3_FEEDING,f123b08e6e9ef50e8d4873c4c3bf417083cd105af1a08696013af312cf8b7411,MULTI_FISH_FEEDING,F1_FEEDING_DENSE,FEEDING_DENSE,1225,43.07009741568915,3,613.0,401.0,670.0,503.0,CERTAIN,,
V3_FEEDING,f123b08e6e9ef50e8d4873c4c3bf417083cd105af1a08696013af312cf8b7411,MULTI_FISH_FEEDING,F1_FEEDING_DENSE,FEEDING_DENSE,1225,43.07009741568915,4,678.0,348.0,774.0,458.0,CERTAIN,,
V3_FEEDING,f123b08e6e9ef50e8d4873c4c3bf417083cd105af1a08696013af312cf8b7411,MULTI_FISH_FEEDING,F1_FEEDING_DENSE,FEEDING_DENSE,1225,43.07009741568915,5,884.0,97.0,966.0,244.0,CERTAIN,,
V3_FEEDING,f123b08e6e9ef50e8d4873c4c3bf417083cd105af1a08696013af312cf8b7411,MULTI_FISH_FEEDING,F1_FEEDING_DENSE,FEEDING_DENSE,1225,43.07009741568915,6,945.0,373.0,1046.0,478.0,CERTAIN,,
V3_FEEDING,f123b08e6e9ef50e8d4873c4c3bf417083cd105af1a08696013af312cf8b7411,MULTI_FISH_FEEDING,F1_FEEDING_DENSE,FEEDING_DENSE,1225,43.07009741568915,7,991.0,95.0,1089.0,189.0,CERTAIN,,
V3_FEEDING,f123b08e6e9ef50e8d4873c4c3bf417083cd105af1a08696013af312cf8b7411,MULTI_FISH_FEEDING,F1_FEEDING_DENSE,FEEDING_DENSE,1225,43.07009741568915,8,987.0,709.0,1091.0,786.0,CERTAIN,,
V3_FEEDING,f123b08e6e9ef50e8d4873c4c3bf417083cd105af1a08696013af312cf8b7411,MULTI_FISH_FEEDING,F1_FEEDING_DENSE,FEEDING_DENSE,1226,43.10525667888563,1,145.0,545.0,223.0,667.0,CERTAIN,,
V3_FEEDING,f123b08e6e9ef50e8d4873c4c3bf417083cd105af1a08696013af312cf8b7411,MULTI_FISH_FEEDING,F1_FEEDING_DENSE,FEEDING_DENSE,1226,43.10525667888563,2,396.0,544.0,503.0,661.0,CERTAIN,,
V3_FEEDING,f123b08e6e9ef50e8d4873c4c3bf417083cd105af1a08696013af312cf8b7411,MULTI_FISH_FEEDING,F1_FEEDING_DENSE,FEEDING_DENSE,1226,43.10525667888563,3,597.0,419.0,651.0,545.0,CERTAIN,,
V3_FEEDING,f123b08e6e9ef50e8d4873c4c3bf417083cd105af1a08696013af312cf8b7411,MULTI_FISH_FEEDING,F1_FEEDING_DENSE,FEEDING_DENSE,1226,43.10525667888563,4,660.0,374.0,767.0,485.0,CERTAIN,,
V3_FEEDING,f123b08e6e9ef50e8d4873c4c3bf417083cd105af1a08696013af312cf8b7411,MULTI_FISH_FEEDING,F1_FEEDING_DENSE,FEEDING_DENSE,1226,43.10525667888563,5,886.0,148.0,987.0,268.0,CERTAIN,,
V3_FEEDING,f123b08e6e9ef50e8d4873c4c3bf417083cd105af1a08696013af312cf8b7411,MULTI_FISH_FEEDING,F1_FEEDING_DENSE,FEEDING_DENSE,1226,43.10525667888563,6,968.0,390.0,1037.0,490.0,CERTAIN,,
V3_FEEDING,f123b08e6e9ef50e8d4873c4c3bf417083cd105af1a08696013af312cf8b7411,MULTI_FISH_FEEDING,F1_FEEDING_DENSE,FEEDING_DENSE,1226,43.10525667888563,7,991.0,95.0,1089.0,189.0,CERTAIN,,
V3_FEEDING,f123b08e6e9ef50e8d4873c4c3bf417083cd105af1a08696013af312cf8b7411,MULTI_FISH_FEEDING,F1_FEEDING_DENSE,FEEDING_DENSE,1226,43.10525667888563,8,987.0,709.0,1091.0,786.0,CERTAIN,,
V3_FEEDING,f123b08e6e9ef50e8d4873c4c3bf417083cd105af1a08696013af312cf8b7411,MULTI_FISH_FEEDING,F1_FEEDING_DENSE,FEEDING_DENSE,1227,43.14041594208211,1,145.0,545.0,223.0,667.0,CERTAIN,,
V3_FEEDING,f123b08e6e9ef50e8d4873c4c3bf417083cd105af1a08696013af312cf8b7411,MULTI_FISH_FEEDING,F1_FEEDING_DENSE,FEEDING_DENSE,1227,43.14041594208211,2,396.0,544.0,503.0,661.0,CERTAIN,,
V3_FEEDING,f123b08e6e9ef50e8d4873c4c3bf417083cd105af1a08696013af312cf8b7411,MULTI_FISH_FEEDING,F1_FEEDING_DENSE,FEEDING_DENSE,1227,43.14041594208211,3,597.0,419.0,651.0,545.0,CERTAIN,,
V3_FEEDING,f123b08e6e9ef50e8d4873c4c3bf417083cd105af1a08696013af312cf8b7411,MULTI_FISH_FEEDING,F1_FEEDING_DENSE,FEEDING_DENSE,1227,43.14041594208211,4,660.0,374.0,767.0,485.0,CERTAIN,,
V3_FEEDING,f123b08e6e9ef50e8d4873c4c3bf417083cd105af1a08696013af312cf8b7411,MULTI_FISH_FEEDING,F1_FEEDING_DENSE,FEEDING_DENSE,1227,43.14041594208211,5,886.0,148.0,987.0,268.0,CERTAIN,,
V3_FEEDING,f123b08e6e9ef50e8d4873c4c3bf417083cd105af1a08696013af312cf8b7411,MULTI_FISH_FEEDING,F1_FEEDING_DENSE,FEEDING_DENSE,1227,43.14041594208211,6,968.0,390.0,1037.0,490.0,CERTAIN,,
V3_FEEDING,f123b08e6e9ef50e8d4873c4c3bf417083cd105af1a08696013af312cf8b7411,MULTI_FISH_FEEDING,F1_FEEDING_DENSE,FEEDING_DENSE,1227,43.14041594208211,7,991.0,95.0,1089.0,189.0,CERTAIN,,
V3_FEEDING,f123b08e6e9ef50e8d4873c4c3bf417083cd105af1a08696013af312cf8b7411,MULTI_FISH_FEEDING,F1_FEEDING_DENSE,FEEDING_DENSE,1227,43.14041594208211,8,987.0,709.0,1091.0,786.0,CERTAIN,,
V3_FEEDING,f123b08e6e9ef50e8d4873c4c3bf417083cd105af1a08696013af312cf8b7411,MULTI_FISH_FEEDING,F1_FEEDING_DENSE,FEEDING_DENSE,1228,43.17557520527859,1,145.0,545.0,223.0,667.0,CERTAIN,,
V3_FEEDING,f123b08e6e9ef50e8d4873c4c3bf417083cd105af1a08696013af312cf8b7411,MULTI_FISH_FEEDING,F1_FEEDING_DENSE,FEEDING_DENSE,1228,43.17557520527859,2,396.0,544.0,503.0,661.0,CERTAIN,,
V3_FEEDING,f123b08e6e9ef50e8d4873c4c3bf417083cd105af1a08696013af312cf8b7411,MULTI_FISH_FEEDING,F1_FEEDING_DENSE,FEEDING_DENSE,1228,43.17557520527859,3,597.0,419.0,651.0,545.0,CERTAIN,,
V3_FEEDING,f123b08e6e9ef50e8d4873c4c3bf417083cd105af1a08696013af312cf8b7411,MULTI_FISH_FEEDING,F1_FEEDING_DENSE,FEEDING_DENSE,1228,43.17557520527859,4,660.0,374.0,767.0,485.0,CERTAIN,,
V3_FEEDING,f123b08e6e9ef50e8d4873c4c3bf417083cd105af1a08696013af312cf8b7411,MULTI_FISH_FEEDING,F1_FEEDING_DENSE,FEEDING_DENSE,1228,43.17557520527859,5,886.0,148.0,987.0,268.0,CERTAIN,,
V3_FEEDING,f123b08e6e9ef50e8d4873c4c3bf417083cd105af1a08696013af312cf8b7411,MULTI_FISH_FEEDING,F1_FEEDING_DENSE,FEEDING_DENSE,1228,43.17557520527859,6,968.0,390.0,1037.0,490.0,CERTAIN,,
V3_FEEDING,f123b08e6e9ef50e8d4873c4c3bf417083cd105af1a08696013af312cf8b7411,MULTI_FISH_FEEDING,F1_FEEDING_DENSE,FEEDING_DENSE,1228,43.17557520527859,7,991.0,95.0,1089.0,189.0,CERTAIN,,
V3_FEEDING,f123b08e6e9ef50e8d4873c4c3bf417083cd105af1a08696013af312cf8b7411,MULTI_FISH_FEEDING,F1_FEEDING_DENSE,FEEDING_DENSE,1228,43.17557520527859,8,987.0,709.0,1091.0,786.0,CERTAIN,,
V3_FEEDING,f123b08e6e9ef50e8d4873c4c3bf417083cd105af1a08696013af312cf8b7411,MULTI_FISH_FEEDING,F1_FEEDING_DENSE,FEEDING_DENSE,1229,43.210734468475074,1,145.0,545.0,223.0,667.0,CERTAIN,,
V3_FEEDING,f123b08e6e9ef50e8d4873c4c3bf417083cd105af1a08696013af312cf8b7411,MULTI_FISH_FEEDING,F1_FEEDING_DENSE,FEEDING_DENSE,1229,43.210734468475074,2,405.0,570.0,496.0,688.0,CERTAIN,,
V3_FEEDING,f123b08e6e9ef50e8d4873c4c3bf417083cd105af1a08696013af312cf8b7411,MULTI_FISH_FEEDING,F1_FEEDING_DENSE,FEEDING_DENSE,1229,43.210734468475074,3,597.0,419.0,651.0,545.0,CERTAIN,,
V3_FEEDING,f123b08e6e9ef50e8d4873c4c3bf417083cd105af1a08696013af312cf8b7411,MULTI_FISH_FEEDING,F1_FEEDING_DENSE,FEEDING_DENSE,1229,43.210734468475074,4,660.0,374.0,767.0,485.0,CERTAIN,,
V3_FEEDING,f123b08e6e9ef50e8d4873c4c3bf417083cd105af1a08696013af312cf8b7411,MULTI_FISH_FEEDING,F1_FEEDING_DENSE,FEEDING_DENSE,1229,43.210734468475074,5,886.0,148.0,987.0,268.0,CERTAIN,,
V3_FEEDING,f123b08e6e9ef50e8d4873c4c3bf417083cd105af1a08696013af312cf8b7411,MULTI_FISH_FEEDING,F1_FEEDING_DENSE,FEEDING_DENSE,1229,43.210734468475074,6,968.0,390.0,1037.0,490.0,CERTAIN,,
V3_FEEDING,f123b08e6e9ef50e8d4873c4c3bf417083cd105af1a08696013af312cf8b7411,MULTI_FISH_FEEDING,F1_FEEDING_DENSE,FEEDING_DENSE,1229,43.210734468475074,7,991.0,95.0,1089.0,189.0,CERTAIN,,
V3_FEEDING,f123b08e6e9ef50e8d4873c4c3bf417083cd105af1a08696013af312cf8b7411,MULTI_FISH_FEEDING,F1_FEEDING_DENSE,FEEDING_DENSE,1229,43.210734468475074,8,987.0,709.0,1091.0,786.0,CERTAIN,,
V3_FEEDING,f123b08e6e9ef50e8d4873c4c3bf417083cd105af1a08696013af312cf8b7411,MULTI_FISH_FEEDING,F1_FEEDING_DENSE,FEEDING_DENSE,1230,43.24589373167155,1,145.0,545.0,223.0,667.0,CERTAIN,,
V3_FEEDING,f123b08e6e9ef50e8d4873c4c3bf417083cd105af1a08696013af312cf8b7411,MULTI_FISH_FEEDING,F1_FEEDING_DENSE,FEEDING_DENSE,1230,43.24589373167155,2,405.0,570.0,496.0,688.0,CERTAIN,,
V3_FEEDING,f123b08e6e9ef50e8d4873c4c3bf417083cd105af1a08696013af312cf8b7411,MULTI_FISH_FEEDING,F1_FEEDING_DENSE,FEEDING_DENSE,1230,43.24589373167155,3,597.0,419.0,651.0,545.0,CERTAIN,,
V3_FEEDING,f123b08e6e9ef50e8d4873c4c3bf417083cd105af1a08696013af312cf8b7411,MULTI_FISH_FEEDING,F1_FEEDING_DENSE,FEEDING_DENSE,1230,43.24589373167155,4,660.0,374.0,767.0,485.0,CERTAIN,,
V3_FEEDING,f123b08e6e9ef50e8d4873c4c3bf417083cd105af1a08696013af312cf8b7411,MULTI_FISH_FEEDING,F1_FEEDING_DENSE,FEEDING_DENSE,1230,43.24589373167155,5,886.0,148.0,987.0,268.0,CERTAIN,,
V3_FEEDING,f123b08e6e9ef50e8d4873c4c3bf417083cd105af1a08696013af312cf8b7411,MULTI_FISH_FEEDING,F1_FEEDING_DENSE,FEEDING_DENSE,1230,43.24589373167155,6,968.0,390.0,1037.0,490.0,CERTAIN,,
V3_FEEDING,f123b08e6e9ef50e8d4873c4c3bf417083cd105af1a08696013af312cf8b7411,MULTI_FISH_FEEDING,F1_FEEDING_DENSE,FEEDING_DENSE,1230,43.24589373167155,7,991.0,95.0,1089.0,189.0,CERTAIN,,
V3_FEEDING,f123b08e6e9ef50e8d4873c4c3bf417083cd105af1a08696013af312cf8b7411,MULTI_FISH_FEEDING,F1_FEEDING_DENSE,FEEDING_DENSE,1230,43.24589373167155,8,987.0,709.0,1091.0,786.0,CERTAIN,,
V3_FEEDING,f123b08e6e9ef50e8d4873c4c3bf417083cd105af1a08696013af312cf8b7411,MULTI_FISH_FEEDING,F1_FEEDING_DENSE,FEEDING_DENSE,1231,43.281052994868034,1,145.0,545.0,223.0,667.0,CERTAIN,,
V3_FEEDING,f123b08e6e9ef50e8d4873c4c3bf417083cd105af1a08696013af312cf8b7411,MULTI_FISH_FEEDING,F1_FEEDING_DENSE,FEEDING_DENSE,1231,43.281052994868034,2,405.0,570.0,496.0,688.0,CERTAIN,,
V3_FEEDING,f123b08e6e9ef50e8d4873c4c3bf417083cd105af1a08696013af312cf8b7411,MULTI_FISH_FEEDING,F1_FEEDING_DENSE,FEEDING_DENSE,1231,43.281052994868034,3,597.0,419.0,651.0,545.0,CERTAIN,,
V3_FEEDING,f123b08e6e9ef50e8d4873c4c3bf417083cd105af1a08696013af312cf8b7411,MULTI_FISH_FEEDING,F1_FEEDING_DENSE,FEEDING_DENSE,1231,43.281052994868034,4,660.0,374.0,767.0,485.0,CERTAIN,,
V3_FEEDING,f123b08e6e9ef50e8d4873c4c3bf417083cd105af1a08696013af312cf8b7411,MULTI_FISH_FEEDING,F1_FEEDING_DENSE,FEEDING_DENSE,1231,43.281052994868034,5,886.0,148.0,987.0,268.0,CERTAIN,,
V3_FEEDING,f123b08e6e9ef50e8d4873c4c3bf417083cd105af1a08696013af312cf8b7411,MULTI_FISH_FEEDING,F1_FEEDING_DENSE,FEEDING_DENSE,1231,43.281052994868034,6,968.0,390.0,1037.0,490.0,CERTAIN,,
V3_FEEDING,f123b08e6e9ef50e8d4873c4c3bf417083cd105af1a08696013af312cf8b7411,MULTI_FISH_FEEDING,F1_FEEDING_DENSE,FEEDING_DENSE,1231,43.281052994868034,7,991.0,95.0,1089.0,189.0,CERTAIN,,
V3_FEEDING,f123b08e6e9ef50e8d4873c4c3bf417083cd105af1a08696013af312cf8b7411,MULTI_FISH_FEEDING,F1_FEEDING_DENSE,FEEDING_DENSE,1231,43.281052994868034,8,987.0,709.0,1091.0,786.0,CERTAIN,,
V3_FEEDING,f123b08e6e9ef50e8d4873c4c3bf417083cd105af1a08696013af312cf8b7411,MULTI_FISH_FEEDING,F1_FEEDING_DENSE,FEEDING_DENSE,1232,43.31621225806452,1,145.0,545.0,223.0,667.0,CERTAIN,,
V3_FEEDING,f123b08e6e9ef50e8d4873c4c3bf417083cd105af1a08696013af312cf8b7411,MULTI_FISH_FEEDING,F1_FEEDING_DENSE,FEEDING_DENSE,1232,43.31621225806452,2,416.0,588.0,491.0,711.0,CERTAIN,,
V3_FEEDING,f123b08e6e9ef50e8d4873c4c3bf417083cd105af1a08696013af312cf8b7411,MULTI_FISH_FEEDING,F1_FEEDING_DENSE,FEEDING_DENSE,1232,43.31621225806452,3,597.0,419.0,651.0,545.0,CERTAIN,,
V3_FEEDING,f123b08e6e9ef50e8d4873c4c3bf417083cd105af1a08696013af312cf8b7411,MULTI_FISH_FEEDING,F1_FEEDING_DENSE,FEEDING_DENSE,1232,43.31621225806452,4,660.0,374.0,767.0,485.0,CERTAIN,,
V3_FEEDING,f123b08e6e9ef50e8d4873c4c3bf417083cd105af1a08696013af312cf8b7411,MULTI_FISH_FEEDING,F1_FEEDING_DENSE,FEEDING_DENSE,1232,43.31621225806452,5,886.0,173.0,968.0,294.0,CERTAIN,,
V3_FEEDING,f123b08e6e9ef50e8d4873c4c3bf417083cd105af1a08696013af312cf8b7411,MULTI_FISH_FEEDING,F1_FEEDING_DENSE,FEEDING_DENSE,1232,43.31621225806452,6,968.0,390.0,1037.0,490.0,CERTAIN,,
V3_FEEDING,f123b08e6e9ef50e8d4873c4c3bf417083cd105af1a08696013af312cf8b7411,MULTI_FISH_FEEDING,F1_FEEDING_DENSE,FEEDING_DENSE,1232,43.31621225806452,7,991.0,95.0,1089.0,189.0,CERTAIN,,
V3_FEEDING,f123b08e6e9ef50e8d4873c4c3bf417083cd105af1a08696013af312cf8b7411,MULTI_FISH_FEEDING,F1_FEEDING_DENSE,FEEDING_DENSE,1232,43.31621225806452,8,987.0,709.0,1091.0,786.0,CERTAIN,,
V3_FEEDING,f123b08e6e9ef50e8d4873c4c3bf417083cd105af1a08696013af312cf8b7411,MULTI_FISH_FEEDING,F1_FEEDING_DENSE,FEEDING_DENSE,1233,43.351371521260994,1,145.0,545.0,223.0,667.0,CERTAIN,,
V3_FEEDING,f123b08e6e9ef50e8d4873c4c3bf417083cd105af1a08696013af312cf8b7411,MULTI_FISH_FEEDING,F1_FEEDING_DENSE,FEEDING_DENSE,1233,43.351371521260994,2,416.0,588.0,491.0,711.0,CERTAIN,,
V3_FEEDING,f123b08e6e9ef50e8d4873c4c3bf417083cd105af1a08696013af312cf8b7411,MULTI_FISH_FEEDING,F1_FEEDING_DENSE,FEEDING_DENSE,1233,43.351371521260994,3,597.0,419.0,651.0,545.0,CERTAIN,,
V3_FEEDING,f123b08e6e9ef50e8d4873c4c3bf417083cd105af1a08696013af312cf8b7411,MULTI_FISH_FEEDING,F1_FEEDING_DENSE,FEEDING_DENSE,1233,43.351371521260994,4,660.0,374.0,767.0,485.0,CERTAIN,,
V3_FEEDING,f123b08e6e9ef50e8d4873c4c3bf417083cd105af1a08696013af312cf8b7411,MULTI_FISH_FEEDING,F1_FEEDING_DENSE,FEEDING_DENSE,1233,43.351371521260994,5,886.0,173.0,968.0,294.0,CERTAIN,,
V3_FEEDING,f123b08e6e9ef50e8d4873c4c3bf417083cd105af1a08696013af312cf8b7411,MULTI_FISH_FEEDING,F1_FEEDING_DENSE,FEEDING_DENSE,1233,43.351371521260994,6,968.0,390.0,1037.0,490.0,CERTAIN,,
V3_FEEDING,f123b08e6e9ef50e8d4873c4c3bf417083cd105af1a08696013af312cf8b7411,MULTI_FISH_FEEDING,F1_FEEDING_DENSE,FEEDING_DENSE,1233,43.351371521260994,7,991.0,95.0,1089.0,189.0,CERTAIN,,
V3_FEEDING,f123b08e6e9ef50e8d4873c4c3bf417083cd105af1a08696013af312cf8b7411,MULTI_FISH_FEEDING,F1_FEEDING_DENSE,FEEDING_DENSE,1233,43.351371521260994,8,987.0,709.0,1091.0,786.0,CERTAIN,,
V4_BREEDING,3f8587344beba8dcc6f835d1ed94aa8daadb06a369b5b96977ee902f035b5700,SINGLE_FISH_BREEDING,S1_NORMAL,NORMAL,500,17.44078645681531,1,986.0,670.0,1105.0,805.0,CERTAIN,,
V4_BREEDING,3f8587344beba8dcc6f835d1ed94aa8daadb06a369b5b96977ee902f035b5700,SINGLE_FISH_BREEDING,S1_NORMAL,NORMAL,501,17.475668029728944,1,980.0,692.0,1105.0,811.0,CERTAIN,,
V4_BREEDING,3f8587344beba8dcc6f835d1ed94aa8daadb06a369b5b96977ee902f035b5700,SINGLE_FISH_BREEDING,S1_NORMAL,NORMAL,502,17.510549602642573,1,973.0,679.0,1105.0,811.0,CERTAIN,,
V4_BREEDING,3f8587344beba8dcc6f835d1ed94aa8daadb06a369b5b96977ee902f035b5700,SINGLE_FISH_BREEDING,S1_NORMAL,NORMAL,503,17.545431175556203,1,973.0,679.0,1105.0,811.0,CERTAIN,,
V4_BREEDING,3f8587344beba8dcc6f835d1ed94aa8daadb06a369b5b96977ee902f035b5700,SINGLE_FISH_BREEDING,S1_NORMAL,NORMAL,504,17.580312748469833,1,971.0,672.0,1109.0,809.0,CERTAIN,,
V4_BREEDING,3f8587344beba8dcc6f835d1ed94aa8daadb06a369b5b96977ee902f035b5700,SINGLE_FISH_BREEDING,S1_NORMAL,NORMAL,505,17.615194321383466,1,973.0,683.0,1112.0,802.0,CERTAIN,,
V4_BREEDING,3f8587344beba8dcc6f835d1ed94aa8daadb06a369b5b96977ee902f035b5700,SINGLE_FISH_BREEDING,S1_NORMAL,NORMAL,507,17.684957467210726,1,975.0,675.0,1116.0,804.0,CERTAIN,,
V4_BREEDING,3f8587344beba8dcc6f835d1ed94aa8daadb06a369b5b96977ee902f035b5700,SINGLE_FISH_BREEDING,S1_NORMAL,NORMAL,508,17.719839040124356,1,980.0,668.0,1123.0,813.0,CERTAIN,,
V4_BREEDING,3f8587344beba8dcc6f835d1ed94aa8daadb06a369b5b96977ee902f035b5700,SINGLE_FISH_BREEDING,S1_NORMAL,NORMAL,510,17.78960218595162,1,975.0,667.0,1116.0,802.0,CERTAIN,,
V4_BREEDING,3f8587344beba8dcc6f835d1ed94aa8daadb06a369b5b96977ee902f035b5700,SINGLE_FISH_BREEDING,S1_NORMAL,NORMAL,511,17.82448375886525,1,966.0,668.0,1116.0,804.0,CERTAIN,,
V4_BREEDING,3f8587344beba8dcc6f835d1ed94aa8daadb06a369b5b96977ee902f035b5700,SINGLE_FISH_BREEDING,S1_NORMAL,NORMAL,512,17.85936533177888,1,986.0,668.0,1119.0,802.0,CERTAIN,,
V4_BREEDING,3f8587344beba8dcc6f835d1ed94aa8daadb06a369b5b96977ee902f035b5700,SINGLE_FISH_BREEDING,S1_NORMAL,NORMAL,513,17.89424690469251,1,982.0,667.0,1126.0,809.0,CERTAIN,,
V4_BREEDING,3f8587344beba8dcc6f835d1ed94aa8daadb06a369b5b96977ee902f035b5700,SINGLE_FISH_BREEDING,S1_NORMAL,NORMAL,514,17.92912847760614,1,970.0,663.0,1119.0,793.0,CERTAIN,,
V4_BREEDING,3f8587344beba8dcc6f835d1ed94aa8daadb06a369b5b96977ee902f035b5700,SINGLE_FISH_BREEDING,S1_NORMAL,NORMAL,515,17.96401005051977,1,973.0,672.0,1125.0,795.0,CERTAIN,,
V4_BREEDING,3f8587344beba8dcc6f835d1ed94aa8daadb06a369b5b96977ee902f035b5700,SINGLE_FISH_BREEDING,S1_NORMAL,NORMAL,516,17.9988916234334,1,977.0,668.0,1123.0,795.0,CERTAIN,,
V4_BREEDING,3f8587344beba8dcc6f835d1ed94aa8daadb06a369b5b96977ee902f035b5700,SINGLE_FISH_BREEDING,S2_SHELTER_TRANSITION,SHELTER_APPROACH,947,33.0328495492082,1,763.0,364.0,827.0,431.0,CERTAIN,,
V4_BREEDING,3f8587344beba8dcc6f835d1ed94aa8daadb06a369b5b96977ee902f035b5700,SINGLE_FISH_BREEDING,S2_SHELTER_TRANSITION,SHELTER_APPROACH,948,33.067731122121835,1,765.0,353.0,825.0,435.0,CERTAIN,,
V4_BREEDING,3f8587344beba8dcc6f835d1ed94aa8daadb06a369b5b96977ee902f035b5700,SINGLE_FISH_BREEDING,S2_SHELTER_TRANSITION,SHELTER_APPROACH,949,33.10261269503546,1,758.0,342.0,834.0,437.0,CERTAIN,,
V4_BREEDING,3f8587344beba8dcc6f835d1ed94aa8daadb06a369b5b96977ee902f035b5700,SINGLE_FISH_BREEDING,S2_SHELTER_TRANSITION,SHELTER_APPROACH,950,33.137494267949094,1,758.0,346.0,831.0,437.0,CERTAIN,,
V4_BREEDING,3f8587344beba8dcc6f835d1ed94aa8daadb06a369b5b96977ee902f035b5700,SINGLE_FISH_BREEDING,S2_SHELTER_TRANSITION,SHELTER_APPROACH,951,33.17237584086272,1,756.0,355.0,831.0,430.0,CERTAIN,,
V4_BREEDING,3f8587344beba8dcc6f835d1ed94aa8daadb06a369b5b96977ee902f035b5700,SINGLE_FISH_BREEDING,S2_SHELTER_TRANSITION,SHELTER_APPROACH,952,33.207257413776354,1,760.0,358.0,831.0,435.0,CERTAIN,,
V4_BREEDING,3f8587344beba8dcc6f835d1ed94aa8daadb06a369b5b96977ee902f035b5700,SINGLE_FISH_BREEDING,S2_SHELTER_TRANSITION,SHELTER_APPROACH,953,33.24213898668999,1,758.0,348.0,836.0,426.0,CERTAIN,,
V4_BREEDING,3f8587344beba8dcc6f835d1ed94aa8daadb06a369b5b96977ee902f035b5700,SINGLE_FISH_BREEDING,S2_SHELTER_TRANSITION,SHELTER_APPROACH,954,33.27702055960361,1,767.0,360.0,831.0,433.0,CERTAIN,,
V4_BREEDING,3f8587344beba8dcc6f835d1ed94aa8daadb06a369b5b96977ee902f035b5700,SINGLE_FISH_BREEDING,S2_SHELTER_TRANSITION,SHELTER_APPROACH,955,33.31190213251725,1,756.0,357.0,834.0,426.0,CERTAIN,,
V4_BREEDING,3f8587344beba8dcc6f835d1ed94aa8daadb06a369b5b96977ee902f035b5700,SINGLE_FISH_BREEDING,S2_SHELTER_TRANSITION,SHELTER_APPROACH,956,33.34678370543087,1,752.0,358.0,838.0,433.0,CERTAIN,,
V4_BREEDING,3f8587344beba8dcc6f835d1ed94aa8daadb06a369b5b96977ee902f035b5700,SINGLE_FISH_BREEDING,S2_SHELTER_TRANSITION,SHELTER_APPROACH,957,33.38166527834451,1,752.0,358.0,838.0,433.0,CERTAIN,,
V4_BREEDING,3f8587344beba8dcc6f835d1ed94aa8daadb06a369b5b96977ee902f035b5700,SINGLE_FISH_BREEDING,S2_SHELTER_TRANSITION,SHELTER_APPROACH,958,33.41654685125814,1,752.0,358.0,838.0,433.0,CERTAIN,,
V4_BREEDING,3f8587344beba8dcc6f835d1ed94aa8daadb06a369b5b96977ee902f035b5700,SINGLE_FISH_BREEDING,S2_SHELTER_TRANSITION,SHELTER_APPROACH,959,33.451428424171766,1,752.0,358.0,838.0,433.0,CERTAIN,,
V4_BREEDING,3f8587344beba8dcc6f835d1ed94aa8daadb06a369b5b96977ee902f035b5700,SINGLE_FISH_BREEDING,S2_SHELTER_TRANSITION,SHELTER_APPROACH,960,33.4863099970854,1,752.0,358.0,838.0,433.0,CERTAIN,,
V4_BREEDING,3f8587344beba8dcc6f835d1ed94aa8daadb06a369b5b96977ee902f035b5700,SINGLE_FISH_BREEDING,S2_SHELTER_TRANSITION,SHELTER_APPROACH,961,33.52119156999903,1,752.0,358.0,838.0,433.0,CERTAIN,,
V4_BREEDING,3f8587344beba8dcc6f835d1ed94aa8daadb06a369b5b96977ee902f035b5700,SINGLE_FISH_BREEDING,S2_SHELTER_TRANSITION,SHELTER_APPROACH,962,33.55607314291266,1,752.0,358.0,838.0,433.0,CERTAIN,,
V4_BREEDING,3f8587344beba8dcc6f835d1ed94aa8daadb06a369b5b96977ee902f035b5700,SINGLE_FISH_BREEDING,S2_SHELTER_TRANSITION,SHELTER_APPROACH,963,33.59095471582629,1,752.0,358.0,838.0,433.0,CERTAIN,,
V4_BREEDING,3f8587344beba8dcc6f835d1ed94aa8daadb06a369b5b96977ee902f035b5700,SINGLE_FISH_BREEDING,S2_SHELTER_TRANSITION,SHELTER_APPROACH,964,33.62583628873992,1,752.0,358.0,838.0,433.0,CERTAIN,,
V4_BREEDING,3f8587344beba8dcc6f835d1ed94aa8daadb06a369b5b96977ee902f035b5700,SINGLE_FISH_BREEDING,S2_SHELTER_TRANSITION,SHELTER_APPROACH,965,33.66071786165355,1,752.0,358.0,838.0,433.0,CERTAIN,,
V4_BREEDING,3f8587344beba8dcc6f835d1ed94aa8daadb06a369b5b96977ee902f035b5700,SINGLE_FISH_BREEDING,S2_SHELTER_TRANSITION,SHELTER_APPROACH,966,33.695599434567185,1,752.0,358.0,838.0,433.0,CERTAIN,,
V4_BREEDING,3f8587344beba8dcc6f835d1ed94aa8daadb06a369b5b96977ee902f035b5700,SINGLE_FISH_BREEDING,S2_SHELTER_TRANSITION,SHELTER_APPROACH,967,33.73048100748081,1,752.0,358.0,838.0,433.0,CERTAIN,,
V4_BREEDING,3f8587344beba8dcc6f835d1ed94aa8daadb06a369b5b96977ee902f035b5700,SINGLE_FISH_BREEDING,S2_SHELTER_TRANSITION,SHELTER_APPROACH,968,33.765362580394445,1,752.0,358.0,838.0,433.0,CERTAIN,,
V4_BREEDING,3f8587344beba8dcc6f835d1ed94aa8daadb06a369b5b96977ee902f035b5700,SINGLE_FISH_BREEDING,S2_SHELTER_TRANSITION,SHELTER_APPROACH,969,33.80024415330807,1,752.0,358.0,838.0,433.0,CERTAIN,,
V4_BREEDING,3f8587344beba8dcc6f835d1ed94aa8daadb06a369b5b96977ee902f035b5700,SINGLE_FISH_BREEDING,S2_SHELTER_TRANSITION,SHELTER_APPROACH,970,33.835125726221705,1,752.0,358.0,838.0,433.0,CERTAIN,,
V4_BREEDING,3f8587344beba8dcc6f835d1ed94aa8daadb06a369b5b96977ee902f035b5700,SINGLE_FISH_BREEDING,S2_SHELTER_TRANSITION,SHELTER_APPROACH,971,33.87000729913534,1,752.0,358.0,838.0,433.0,CERTAIN,,
V4_BREEDING,3f8587344beba8dcc6f835d1ed94aa8daadb06a369b5b96977ee902f035b5700,SINGLE_FISH_BREEDING,S2_SHELTER_TRANSITION,SHELTER_APPROACH,972,33.904888872048964,1,752.0,358.0,838.0,433.0,CERTAIN,,
V4_BREEDING,3f8587344beba8dcc6f835d1ed94aa8daadb06a369b5b96977ee902f035b5700,SINGLE_FISH_BREEDING,S2_SHELTER_TRANSITION,SHELTER_APPROACH,973,33.9397704449626,1,752.0,358.0,838.0,433.0,CERTAIN,,
V4_BREEDING,3f8587344beba8dcc6f835d1ed94aa8daadb06a369b5b96977ee902f035b5700,SINGLE_FISH_BREEDING,S2_SHELTER_TRANSITION,SHELTER_APPROACH,974,33.97465201787623,1,752.0,358.0,838.0,433.0,CERTAIN,,
V4_BREEDING,3f8587344beba8dcc6f835d1ed94aa8daadb06a369b5b96977ee902f035b5700,SINGLE_FISH_BREEDING,S2_SHELTER_TRANSITION,SHELTER_APPROACH,975,34.00953359078986,1,752.0,358.0,838.0,433.0,CERTAIN,,
V4_BREEDING,3f8587344beba8dcc6f835d1ed94aa8daadb06a369b5b96977ee902f035b5700,SINGLE_FISH_BREEDING,S2_SHELTER_TRANSITION,SHELTER_APPROACH,976,34.04441516370349,1,752.0,358.0,838.0,433.0,CERTAIN,,
V4_BREEDING,3f8587344beba8dcc6f835d1ed94aa8daadb06a369b5b96977ee902f035b5700,SINGLE_FISH_BREEDING,S2_SHELTER_TRANSITION,SHELTER_APPROACH,977,34.07929673661712,1,752.0,358.0,838.0,433.0,CERTAIN,,
V4_BREEDING,3f8587344beba8dcc6f835d1ed94aa8daadb06a369b5b96977ee902f035b5700,SINGLE_FISH_BREEDING,S2_SHELTER_TRANSITION,SHELTER_APPROACH,978,34.11417830953075,1,752.0,358.0,838.0,433.0,CERTAIN,,
V4_BREEDING,3f8587344beba8dcc6f835d1ed94aa8daadb06a369b5b96977ee902f035b5700,SINGLE_FISH_BREEDING,S2_SHELTER_TRANSITION,SHELTER_APPROACH,979,34.149059882444384,1,745.0,378.0,822.0,444.0,UNCERTAIN,,
V4_BREEDING,3f8587344beba8dcc6f835d1ed94aa8daadb06a369b5b96977ee902f035b5700,SINGLE_FISH_BREEDING,S2_SHELTER_TRANSITION,SHELTER_APPROACH,980,34.18394145535801,1,745.0,378.0,822.0,444.0,UNCERTAIN,,
V4_BREEDING,3f8587344beba8dcc6f835d1ed94aa8daadb06a369b5b96977ee902f035b5700,SINGLE_FISH_BREEDING,S2_SHELTER_TRANSITION,SHELTER_APPROACH,981,34.21882302827164,1,745.0,378.0,822.0,444.0,UNCERTAIN,,
V4_BREEDING,3f8587344beba8dcc6f835d1ed94aa8daadb06a369b5b96977ee902f035b5700,SINGLE_FISH_BREEDING,S2_SHELTER_TRANSITION,SHELTER_APPROACH,982,34.25370460118527,1,745.0,378.0,822.0,444.0,UNCERTAIN,,
V4_BREEDING,3f8587344beba8dcc6f835d1ed94aa8daadb06a369b5b96977ee902f035b5700,SINGLE_FISH_BREEDING,S2_SHELTER_TRANSITION,SHELTER_APPROACH,983,34.2885861740989,1,745.0,378.0,822.0,444.0,UNCERTAIN,,
V4_BREEDING,3f8587344beba8dcc6f835d1ed94aa8daadb06a369b5b96977ee902f035b5700,SINGLE_FISH_BREEDING,S2_SHELTER_TRANSITION,SHELTER_APPROACH,984,34.323467747012536,1,745.0,378.0,822.0,444.0,UNCERTAIN,,
V4_BREEDING,3f8587344beba8dcc6f835d1ed94aa8daadb06a369b5b96977ee902f035b5700,SINGLE_FISH_BREEDING,S2_SHELTER_TRANSITION,SHELTER_APPROACH,985,34.35834931992616,1,745.0,378.0,822.0,444.0,UNCERTAIN,,
V5_NORMAL,670c1360862953ad7f74eeb2208f1f9ff596a2241d7aed69c53175f9113e520c,MULTI_FISH_NORMAL,M2_CROSSING,CROSSING,303,10.638236634925285,1,158.0,765.0,314.0,886.0,CERTAIN,,
V5_NORMAL,670c1360862953ad7f74eeb2208f1f9ff596a2241d7aed69c53175f9113e520c,MULTI_FISH_NORMAL,M2_CROSSING,CROSSING,303,10.638236634925285,2,462.0,731.0,524.0,846.0,CERTAIN,,
V5_NORMAL,670c1360862953ad7f74eeb2208f1f9ff596a2241d7aed69c53175f9113e520c,MULTI_FISH_NORMAL,M2_CROSSING,CROSSING,303,10.638236634925285,3,906.0,756.0,1012.0,893.0,CERTAIN,,
V5_NORMAL,670c1360862953ad7f74eeb2208f1f9ff596a2241d7aed69c53175f9113e520c,MULTI_FISH_NORMAL,M2_CROSSING,CROSSING,303,10.638236634925285,4,998.0,713.0,1084.0,804.0,CERTAIN,,
V5_NORMAL,670c1360862953ad7f74eeb2208f1f9ff596a2241d7aed69c53175f9113e520c,MULTI_FISH_NORMAL,M2_CROSSING,CROSSING,303,10.638236634925285,5,1144.0,579.0,1260.0,677.0,CERTAIN,,
V5_NORMAL,670c1360862953ad7f74eeb2208f1f9ff596a2241d7aed69c53175f9113e520c,MULTI_FISH_NORMAL,M2_CROSSING,CROSSING,303,10.638236634925285,6,1198.0,506.0,1251.0,576.0,UNCERTAIN,,
V5_NORMAL,670c1360862953ad7f74eeb2208f1f9ff596a2241d7aed69c53175f9113e520c,MULTI_FISH_NORMAL,M2_CROSSING,CROSSING,304,10.673346326789725,1,161.0,759.0,321.0,889.0,CERTAIN,,
V5_NORMAL,670c1360862953ad7f74eeb2208f1f9ff596a2241d7aed69c53175f9113e520c,MULTI_FISH_NORMAL,M2_CROSSING,CROSSING,304,10.673346326789725,2,457.0,727.0,528.0,850.0,CERTAIN,,
V5_NORMAL,670c1360862953ad7f74eeb2208f1f9ff596a2241d7aed69c53175f9113e520c,MULTI_FISH_NORMAL,M2_CROSSING,CROSSING,304,10.673346326789725,3,907.0,748.0,1009.0,893.0,CERTAIN,,
V5_NORMAL,670c1360862953ad7f74eeb2208f1f9ff596a2241d7aed69c53175f9113e520c,MULTI_FISH_NORMAL,M2_CROSSING,CROSSING,304,10.673346326789725,4,995.0,709.0,1077.0,786.0,CERTAIN,,
V5_NORMAL,670c1360862953ad7f74eeb2208f1f9ff596a2241d7aed69c53175f9113e520c,MULTI_FISH_NORMAL,M2_CROSSING,CROSSING,304,10.673346326789725,5,1125.0,549.0,1255.0,668.0,CERTAIN,,
V5_NORMAL,670c1360862953ad7f74eeb2208f1f9ff596a2241d7aed69c53175f9113e520c,MULTI_FISH_NORMAL,M2_CROSSING,CROSSING,304,10.673346326789725,6,1178.0,481.0,1256.0,565.0,UNCERTAIN,,
V5_NORMAL,670c1360862953ad7f74eeb2208f1f9ff596a2241d7aed69c53175f9113e520c,MULTI_FISH_NORMAL,M2_CROSSING,CROSSING,305,10.708456018654164,1,172.0,772.0,314.0,884.0,CERTAIN,,
V5_NORMAL,670c1360862953ad7f74eeb2208f1f9ff596a2241d7aed69c53175f9113e520c,MULTI_FISH_NORMAL,M2_CROSSING,CROSSING,305,10.708456018654164,2,467.0,738.0,530.0,855.0,CERTAIN,,
V5_NORMAL,670c1360862953ad7f74eeb2208f1f9ff596a2241d7aed69c53175f9113e520c,MULTI_FISH_NORMAL,M2_CROSSING,CROSSING,305,10.708456018654164,3,907.0,759.0,1021.0,895.0,CERTAIN,,
V5_NORMAL,670c1360862953ad7f74eeb2208f1f9ff596a2241d7aed69c53175f9113e520c,MULTI_FISH_NORMAL,M2_CROSSING,CROSSING,305,10.708456018654164,4,995.0,718.0,1094.0,793.0,CERTAIN,,
V5_NORMAL,670c1360862953ad7f74eeb2208f1f9ff596a2241d7aed69c53175f9113e520c,MULTI_FISH_NORMAL,M2_CROSSING,CROSSING,305,10.708456018654164,5,1148.0,567.0,1237.0,665.0,CERTAIN,,
V5_NORMAL,670c1360862953ad7f74eeb2208f1f9ff596a2241d7aed69c53175f9113e520c,MULTI_FISH_NORMAL,M2_CROSSING,CROSSING,305,10.708456018654164,6,1185.0,499.0,1240.0,563.0,UNCERTAIN,,
V5_NORMAL,670c1360862953ad7f74eeb2208f1f9ff596a2241d7aed69c53175f9113e520c,MULTI_FISH_NORMAL,M2_CROSSING,CROSSING,306,10.743565710518604,1,140.0,759.0,327.0,905.0,CERTAIN,,
V5_NORMAL,670c1360862953ad7f74eeb2208f1f9ff596a2241d7aed69c53175f9113e520c,MULTI_FISH_NORMAL,M2_CROSSING,CROSSING,306,10.743565710518604,2,460.0,736.0,524.0,845.0,CERTAIN,,
V5_NORMAL,670c1360862953ad7f74eeb2208f1f9ff596a2241d7aed69c53175f9113e520c,MULTI_FISH_NORMAL,M2_CROSSING,CROSSING,306,10.743565710518604,3,898.0,752.0,1007.0,889.0,CERTAIN,,
V5_NORMAL,670c1360862953ad7f74eeb2208f1f9ff596a2241d7aed69c53175f9113e520c,MULTI_FISH_NORMAL,M2_CROSSING,CROSSING,306,10.743565710518604,4,995.0,711.0,1084.0,800.0,CERTAIN,,
V5_NORMAL,670c1360862953ad7f74eeb2208f1f9ff596a2241d7aed69c53175f9113e520c,MULTI_FISH_NORMAL,M2_CROSSING,CROSSING,306,10.743565710518604,5,1144.0,560.0,1244.0,651.0,CERTAIN,,
V5_NORMAL,670c1360862953ad7f74eeb2208f1f9ff596a2241d7aed69c53175f9113e520c,MULTI_FISH_NORMAL,M2_CROSSING,CROSSING,306,10.743565710518604,6,1196.0,513.0,1244.0,565.0,UNCERTAIN,,
V5_NORMAL,670c1360862953ad7f74eeb2208f1f9ff596a2241d7aed69c53175f9113e520c,MULTI_FISH_NORMAL,M2_CROSSING,CROSSING,307,10.778675402383046,1,141.0,752.0,321.0,896.0,CERTAIN,,
V5_NORMAL,670c1360862953ad7f74eeb2208f1f9ff596a2241d7aed69c53175f9113e520c,MULTI_FISH_NORMAL,M2_CROSSING,CROSSING,307,10.778675402383046,2,451.0,736.0,530.0,854.0,CERTAIN,,
V5_NORMAL,670c1360862953ad7f74eeb2208f1f9ff596a2241d7aed69c53175f9113e520c,MULTI_FISH_NORMAL,M2_CROSSING,CROSSING,307,10.778675402383046,3,907.0,757.0,1023.0,886.0,CERTAIN,,
V5_NORMAL,670c1360862953ad7f74eeb2208f1f9ff596a2241d7aed69c53175f9113e520c,MULTI_FISH_NORMAL,M2_CROSSING,CROSSING,307,10.778675402383046,4,984.0,708.0,1084.0,800.0,CERTAIN,,
V5_NORMAL,670c1360862953ad7f74eeb2208f1f9ff596a2241d7aed69c53175f9113e520c,MULTI_FISH_NORMAL,M2_CROSSING,CROSSING,307,10.778675402383046,5,1155.0,570.0,1251.0,656.0,CERTAIN,,
V5_NORMAL,670c1360862953ad7f74eeb2208f1f9ff596a2241d7aed69c53175f9113e520c,MULTI_FISH_NORMAL,M2_CROSSING,CROSSING,307,10.778675402383046,6,1199.0,521.0,1235.0,553.0,UNCERTAIN,,
V5_NORMAL,670c1360862953ad7f74eeb2208f1f9ff596a2241d7aed69c53175f9113e520c,MULTI_FISH_NORMAL,M2_CROSSING,CROSSING,308,10.813785094247486,1,168.0,770.0,327.0,889.0,CERTAIN,,
V5_NORMAL,670c1360862953ad7f74eeb2208f1f9ff596a2241d7aed69c53175f9113e520c,MULTI_FISH_NORMAL,M2_CROSSING,CROSSING,308,10.813785094247486,2,453.0,741.0,524.0,843.0,CERTAIN,,
V5_NORMAL,670c1360862953ad7f74eeb2208f1f9ff596a2241d7aed69c53175f9113e520c,MULTI_FISH_NORMAL,M2_CROSSING,CROSSING,308,10.813785094247486,3,898.0,752.0,1011.0,880.0,CERTAIN,,
V5_NORMAL,670c1360862953ad7f74eeb2208f1f9ff596a2241d7aed69c53175f9113e520c,MULTI_FISH_NORMAL,M2_CROSSING,CROSSING,308,10.813785094247486,4,996.0,700.0,1082.0,802.0,CERTAIN,,
V5_NORMAL,670c1360862953ad7f74eeb2208f1f9ff596a2241d7aed69c53175f9113e520c,MULTI_FISH_NORMAL,M2_CROSSING,CROSSING,308,10.813785094247486,5,1155.0,565.0,1269.0,667.0,CERTAIN,,
V5_NORMAL,670c1360862953ad7f74eeb2208f1f9ff596a2241d7aed69c53175f9113e520c,MULTI_FISH_NORMAL,M2_CROSSING,CROSSING,308,10.813785094247486,6,1191.0,492.0,1244.0,569.0,UNCERTAIN,,
V5_NORMAL,670c1360862953ad7f74eeb2208f1f9ff596a2241d7aed69c53175f9113e520c,MULTI_FISH_NORMAL,M2_CROSSING,CROSSING,309,10.848894786111924,1,161.0,766.0,314.0,875.0,CERTAIN,,
V5_NORMAL,670c1360862953ad7f74eeb2208f1f9ff596a2241d7aed69c53175f9113e520c,MULTI_FISH_NORMAL,M2_CROSSING,CROSSING,309,10.848894786111924,2,451.0,743.0,524.0,845.0,CERTAIN,,
V5_NORMAL,670c1360862953ad7f74eeb2208f1f9ff596a2241d7aed69c53175f9113e520c,MULTI_FISH_NORMAL,M2_CROSSING,CROSSING,309,10.848894786111924,3,897.0,756.0,1028.0,882.0,CERTAIN,,
V5_NORMAL,670c1360862953ad7f74eeb2208f1f9ff596a2241d7aed69c53175f9113e520c,MULTI_FISH_NORMAL,M2_CROSSING,CROSSING,309,10.848894786111924,4,991.0,708.0,1101.0,807.0,CERTAIN,,
V5_NORMAL,670c1360862953ad7f74eeb2208f1f9ff596a2241d7aed69c53175f9113e520c,MULTI_FISH_NORMAL,M2_CROSSING,CROSSING,309,10.848894786111924,5,1142.0,567.0,1248.0,647.0,CERTAIN,,
V5_NORMAL,670c1360862953ad7f74eeb2208f1f9ff596a2241d7aed69c53175f9113e520c,MULTI_FISH_NORMAL,M2_CROSSING,CROSSING,309,10.848894786111924,6,1180.0,501.0,1237.0,565.0,UNCERTAIN,,
V5_NORMAL,670c1360862953ad7f74eeb2208f1f9ff596a2241d7aed69c53175f9113e520c,MULTI_FISH_NORMAL,M2_CROSSING,CROSSING,310,10.884004477976363,1,175.0,770.0,323.0,902.0,CERTAIN,,
V5_NORMAL,670c1360862953ad7f74eeb2208f1f9ff596a2241d7aed69c53175f9113e520c,MULTI_FISH_NORMAL,M2_CROSSING,CROSSING,310,10.884004477976363,2,451.0,745.0,519.0,857.0,CERTAIN,,
V5_NORMAL,670c1360862953ad7f74eeb2208f1f9ff596a2241d7aed69c53175f9113e520c,MULTI_FISH_NORMAL,M2_CROSSING,CROSSING,310,10.884004477976363,3,895.0,761.0,1002.0,887.0,CERTAIN,,
V5_NORMAL,670c1360862953ad7f74eeb2208f1f9ff596a2241d7aed69c53175f9113e520c,MULTI_FISH_NORMAL,M2_CROSSING,CROSSING,310,10.884004477976363,4,996.0,722.0,1091.0,807.0,CERTAIN,,
V5_NORMAL,670c1360862953ad7f74eeb2208f1f9ff596a2241d7aed69c53175f9113e520c,MULTI_FISH_NORMAL,M2_CROSSING,CROSSING,310,10.884004477976363,5,1144.0,563.0,1244.0,651.0,CERTAIN,,
V5_NORMAL,670c1360862953ad7f74eeb2208f1f9ff596a2241d7aed69c53175f9113e520c,MULTI_FISH_NORMAL,M2_CROSSING,CROSSING,310,10.884004477976363,6,1194.0,508.0,1242.0,572.0,UNCERTAIN,,
V5_NORMAL,670c1360862953ad7f74eeb2208f1f9ff596a2241d7aed69c53175f9113e520c,MULTI_FISH_NORMAL,M2_CROSSING,CROSSING,311,10.919114169840803,1,172.0,775.0,307.0,884.0,CERTAIN,,
V5_NORMAL,670c1360862953ad7f74eeb2208f1f9ff596a2241d7aed69c53175f9113e520c,MULTI_FISH_NORMAL,M2_CROSSING,CROSSING,311,10.919114169840803,2,448.0,731.0,528.0,843.0,CERTAIN,,
V5_NORMAL,670c1360862953ad7f74eeb2208f1f9ff596a2241d7aed69c53175f9113e520c,MULTI_FISH_NORMAL,M2_CROSSING,CROSSING,311,10.919114169840803,3,895.0,763.0,1023.0,882.0,CERTAIN,,
V5_NORMAL,670c1360862953ad7f74eeb2208f1f9ff596a2241d7aed69c53175f9113e520c,MULTI_FISH_NORMAL,M2_CROSSING,CROSSING,311,10.919114169840803,4,991.0,720.0,1101.0,800.0,CERTAIN,,
V5_NORMAL,670c1360862953ad7f74eeb2208f1f9ff596a2241d7aed69c53175f9113e520c,MULTI_FISH_NORMAL,M2_CROSSING,CROSSING,311,10.919114169840803,5,1135.0,563.0,1246.0,656.0,CERTAIN,,
V5_NORMAL,670c1360862953ad7f74eeb2208f1f9ff596a2241d7aed69c53175f9113e520c,MULTI_FISH_NORMAL,M2_CROSSING,CROSSING,311,10.919114169840803,6,1212.0,506.0,1240.0,563.0,UNCERTAIN,,
V5_NORMAL,670c1360862953ad7f74eeb2208f1f9ff596a2241d7aed69c53175f9113e520c,MULTI_FISH_NORMAL,M2_CROSSING,CROSSING,312,10.954223861705245,1,140.0,772.0,327.0,891.0,CERTAIN,,
V5_NORMAL,670c1360862953ad7f74eeb2208f1f9ff596a2241d7aed69c53175f9113e520c,MULTI_FISH_NORMAL,M2_CROSSING,CROSSING,312,10.954223861705245,2,464.0,757.0,521.0,855.0,CERTAIN,,
V5_NORMAL,670c1360862953ad7f74eeb2208f1f9ff596a2241d7aed69c53175f9113e520c,MULTI_FISH_NORMAL,M2_CROSSING,CROSSING,312,10.954223861705245,3,900.0,765.0,1043.0,871.0,CERTAIN,,
V5_NORMAL,670c1360862953ad7f74eeb2208f1f9ff596a2241d7aed69c53175f9113e520c,MULTI_FISH_NORMAL,M2_CROSSING,CROSSING,312,10.954223861705245,4,980.0,706.0,1093.0,797.0,CERTAIN,,
V5_NORMAL,670c1360862953ad7f74eeb2208f1f9ff596a2241d7aed69c53175f9113e520c,MULTI_FISH_NORMAL,M2_CROSSING,CROSSING,312,10.954223861705245,5,1141.0,561.0,1264.0,672.0,CERTAIN,,
V5_NORMAL,670c1360862953ad7f74eeb2208f1f9ff596a2241d7aed69c53175f9113e520c,MULTI_FISH_NORMAL,M2_CROSSING,CROSSING,312,10.954223861705245,6,1201.0,531.0,1240.0,576.0,UNCERTAIN,,
V5_NORMAL,670c1360862953ad7f74eeb2208f1f9ff596a2241d7aed69c53175f9113e520c,MULTI_FISH_NORMAL,M2_CROSSING,CROSSING,313,10.989333553569685,1,136.0,761.0,327.0,864.0,CERTAIN,,
V5_NORMAL,670c1360862953ad7f74eeb2208f1f9ff596a2241d7aed69c53175f9113e520c,MULTI_FISH_NORMAL,M2_CROSSING,CROSSING,313,10.989333553569685,2,459.0,724.0,524.0,848.0,CERTAIN,,
V5_NORMAL,670c1360862953ad7f74eeb2208f1f9ff596a2241d7aed69c53175f9113e520c,MULTI_FISH_NORMAL,M2_CROSSING,CROSSING,313,10.989333553569685,3,906.0,756.0,1028.0,873.0,CERTAIN,,
V5_NORMAL,670c1360862953ad7f74eeb2208f1f9ff596a2241d7aed69c53175f9113e520c,MULTI_FISH_NORMAL,M2_CROSSING,CROSSING,313,10.989333553569685,4,980.0,711.0,1091.0,800.0,CERTAIN,,
V5_NORMAL,670c1360862953ad7f74eeb2208f1f9ff596a2241d7aed69c53175f9113e520c,MULTI_FISH_NORMAL,M2_CROSSING,CROSSING,313,10.989333553569685,5,1146.0,560.0,1237.0,633.0,CERTAIN,,
V5_NORMAL,670c1360862953ad7f74eeb2208f1f9ff596a2241d7aed69c53175f9113e520c,MULTI_FISH_NORMAL,M2_CROSSING,CROSSING,313,10.989333553569685,6,1199.0,515.0,1256.0,570.0,UNCERTAIN,,
V5_NORMAL,670c1360862953ad7f74eeb2208f1f9ff596a2241d7aed69c53175f9113e520c,MULTI_FISH_NORMAL,M2_CROSSING,CROSSING,314,11.024443245434124,1,172.0,773.0,334.0,879.0,CERTAIN,,
V5_NORMAL,670c1360862953ad7f74eeb2208f1f9ff596a2241d7aed69c53175f9113e520c,MULTI_FISH_NORMAL,M2_CROSSING,CROSSING,314,11.024443245434124,2,457.0,738.0,526.0,857.0,CERTAIN,,
V5_NORMAL,670c1360862953ad7f74eeb2208f1f9ff596a2241d7aed69c53175f9113e520c,MULTI_FISH_NORMAL,M2_CROSSING,CROSSING,314,11.024443245434124,3,900.0,757.0,1032.0,884.0,CERTAIN,,
V5_NORMAL,670c1360862953ad7f74eeb2208f1f9ff596a2241d7aed69c53175f9113e520c,MULTI_FISH_NORMAL,M2_CROSSING,CROSSING,314,11.024443245434124,4,1009.0,720.0,1094.0,800.0,CERTAIN,,
V5_NORMAL,670c1360862953ad7f74eeb2208f1f9ff596a2241d7aed69c53175f9113e520c,MULTI_FISH_NORMAL,M2_CROSSING,CROSSING,314,11.024443245434124,5,1162.0,570.0,1242.0,656.0,CERTAIN,,
V5_NORMAL,670c1360862953ad7f74eeb2208f1f9ff596a2241d7aed69c53175f9113e520c,MULTI_FISH_NORMAL,M2_CROSSING,CROSSING,314,11.024443245434124,6,1205.0,522.0,1237.0,561.0,UNCERTAIN,,
V5_NORMAL,670c1360862953ad7f74eeb2208f1f9ff596a2241d7aed69c53175f9113e520c,MULTI_FISH_NORMAL,M2_CROSSING,CROSSING,315,11.059552937298564,1,168.0,763.0,337.0,880.0,CERTAIN,,
V5_NORMAL,670c1360862953ad7f74eeb2208f1f9ff596a2241d7aed69c53175f9113e520c,MULTI_FISH_NORMAL,M2_CROSSING,CROSSING,315,11.059552937298564,2,471.0,759.0,532.0,857.0,CERTAIN,,
V5_NORMAL,670c1360862953ad7f74eeb2208f1f9ff596a2241d7aed69c53175f9113e520c,MULTI_FISH_NORMAL,M2_CROSSING,CROSSING,315,11.059552937298564,3,902.0,756.0,1037.0,875.0,CERTAIN,,
V5_NORMAL,670c1360862953ad7f74eeb2208f1f9ff596a2241d7aed69c53175f9113e520c,MULTI_FISH_NORMAL,M2_CROSSING,CROSSING,315,11.059552937298564,4,996.0,713.0,1094.0,797.0,CERTAIN,,
V5_NORMAL,670c1360862953ad7f74eeb2208f1f9ff596a2241d7aed69c53175f9113e520c,MULTI_FISH_NORMAL,M2_CROSSING,CROSSING,315,11.059552937298564,5,1151.0,574.0,1244.0,659.0,CERTAIN,,
V5_NORMAL,670c1360862953ad7f74eeb2208f1f9ff596a2241d7aed69c53175f9113e520c,MULTI_FISH_NORMAL,M2_CROSSING,CROSSING,315,11.059552937298564,6,1191.0,515.0,1235.0,569.0,UNCERTAIN,,
V5_NORMAL,670c1360862953ad7f74eeb2208f1f9ff596a2241d7aed69c53175f9113e520c,MULTI_FISH_NORMAL,M2_CROSSING,CROSSING,316,11.094662629163004,1,193.0,775.0,316.0,875.0,CERTAIN,,
V5_NORMAL,670c1360862953ad7f74eeb2208f1f9ff596a2241d7aed69c53175f9113e520c,MULTI_FISH_NORMAL,M2_CROSSING,CROSSING,316,11.094662629163004,2,460.0,747.0,542.0,855.0,CERTAIN,,
V5_NORMAL,670c1360862953ad7f74eeb2208f1f9ff596a2241d7aed69c53175f9113e520c,MULTI_FISH_NORMAL,M2_CROSSING,CROSSING,316,11.094662629163004,3,900.0,750.0,1027.0,871.0,CERTAIN,,
V5_NORMAL,670c1360862953ad7f74eeb2208f1f9ff596a2241d7aed69c53175f9113e520c,MULTI_FISH_NORMAL,M2_CROSSING,CROSSING,316,11.094662629163004,4,1009.0,724.0,1082.0,782.0,CERTAIN,,
V5_NORMAL,670c1360862953ad7f74eeb2208f1f9ff596a2241d7aed69c53175f9113e520c,MULTI_FISH_NORMAL,M2_CROSSING,CROSSING,316,11.094662629163004,5,1144.0,567.0,1248.0,661.0,CERTAIN,,
V5_NORMAL,670c1360862953ad7f74eeb2208f1f9ff596a2241d7aed69c53175f9113e520c,MULTI_FISH_NORMAL,M2_CROSSING,CROSSING,316,11.094662629163004,6,1196.0,513.0,1240.0,565.0,UNCERTAIN,,
V5_NORMAL,670c1360862953ad7f74eeb2208f1f9ff596a2241d7aed69c53175f9113e520c,MULTI_FISH_NORMAL,M2_CROSSING,CROSSING,317,11.129772321027444,1,184.0,770.0,329.0,864.0,CERTAIN,,
V5_NORMAL,670c1360862953ad7f74eeb2208f1f9ff596a2241d7aed69c53175f9113e520c,MULTI_FISH_NORMAL,M2_CROSSING,CROSSING,317,11.129772321027444,2,457.0,757.0,537.0,850.0,CERTAIN,,
V5_NORMAL,670c1360862953ad7f74eeb2208f1f9ff596a2241d7aed69c53175f9113e520c,MULTI_FISH_NORMAL,M2_CROSSING,CROSSING,317,11.129772321027444,3,898.0,784.0,1028.0,887.0,CERTAIN,,
V5_NORMAL,670c1360862953ad7f74eeb2208f1f9ff596a2241d7aed69c53175f9113e520c,MULTI_FISH_NORMAL,M2_CROSSING,CROSSING,317,11.129772321027444,4,966.0,709.0,1085.0,807.0,CERTAIN,,
V5_NORMAL,670c1360862953ad7f74eeb2208f1f9ff596a2241d7aed69c53175f9113e520c,MULTI_FISH_NORMAL,M2_CROSSING,CROSSING,317,11.129772321027444,5,1123.0,563.0,1244.0,654.0,CERTAIN,,
V5_NORMAL,670c1360862953ad7f74eeb2208f1f9ff596a2241d7aed69c53175f9113e520c,MULTI_FISH_NORMAL,M2_CROSSING,CROSSING,317,11.129772321027444,6,1191.0,510.0,1242.0,567.0,UNCERTAIN,,
V5_NORMAL,670c1360862953ad7f74eeb2208f1f9ff596a2241d7aed69c53175f9113e520c,MULTI_FISH_NORMAL,M2_CROSSING,CROSSING,318,11.164882012891884,1,193.0,781.0,336.0,882.0,CERTAIN,,
V5_NORMAL,670c1360862953ad7f74eeb2208f1f9ff596a2241d7aed69c53175f9113e520c,MULTI_FISH_NORMAL,M2_CROSSING,CROSSING,318,11.164882012891884,2,475.0,756.0,521.0,838.0,CERTAIN,,
V5_NORMAL,670c1360862953ad7f74eeb2208f1f9ff596a2241d7aed69c53175f9113e520c,MULTI_FISH_NORMAL,M2_CROSSING,CROSSING,318,11.164882012891884,3,902.0,768.0,1030.0,875.0,CERTAIN,,
V5_NORMAL,670c1360862953ad7f74eeb2208f1f9ff596a2241d7aed69c53175f9113e520c,MULTI_FISH_NORMAL,M2_CROSSING,CROSSING,318,11.164882012891884,4,1002.0,716.0,1107.0,798.0,CERTAIN,,
V5_NORMAL,670c1360862953ad7f74eeb2208f1f9ff596a2241d7aed69c53175f9113e520c,MULTI_FISH_NORMAL,M2_CROSSING,CROSSING,318,11.164882012891884,5,1155.0,561.0,1248.0,654.0,CERTAIN,,
V5_NORMAL,670c1360862953ad7f74eeb2208f1f9ff596a2241d7aed69c53175f9113e520c,MULTI_FISH_NORMAL,M2_CROSSING,CROSSING,318,11.164882012891884,6,1210.0,517.0,1235.0,558.0,UNCERTAIN,,
V5_NORMAL,670c1360862953ad7f74eeb2208f1f9ff596a2241d7aed69c53175f9113e520c,MULTI_FISH_NORMAL,M2_CROSSING,CROSSING,319,11.199991704756323,1,182.0,768.0,323.0,871.0,CERTAIN,,
V5_NORMAL,670c1360862953ad7f74eeb2208f1f9ff596a2241d7aed69c53175f9113e520c,MULTI_FISH_NORMAL,M2_CROSSING,CROSSING,319,11.199991704756323,2,475.0,752.0,530.0,852.0,CERTAIN,,
V5_NORMAL,670c1360862953ad7f74eeb2208f1f9ff596a2241d7aed69c53175f9113e520c,MULTI_FISH_NORMAL,M2_CROSSING,CROSSING,319,11.199991704756323,3,902.0,768.0,1034.0,878.0,CERTAIN,,
V5_NORMAL,670c1360862953ad7f74eeb2208f1f9ff596a2241d7aed69c53175f9113e520c,MULTI_FISH_NORMAL,M2_CROSSING,CROSSING,319,11.199991704756323,4,982.0,715.0,1101.0,797.0,CERTAIN,,
V5_NORMAL,670c1360862953ad7f74eeb2208f1f9ff596a2241d7aed69c53175f9113e520c,MULTI_FISH_NORMAL,M2_CROSSING,CROSSING,319,11.199991704756323,5,1153.0,576.0,1246.0,658.0,CERTAIN,,
V5_NORMAL,670c1360862953ad7f74eeb2208f1f9ff596a2241d7aed69c53175f9113e520c,MULTI_FISH_NORMAL,M2_CROSSING,CROSSING,319,11.199991704756323,6,1199.0,517.0,1244.0,569.0,UNCERTAIN,,
V5_NORMAL,670c1360862953ad7f74eeb2208f1f9ff596a2241d7aed69c53175f9113e520c,MULTI_FISH_NORMAL,M2_CROSSING,CROSSING,320,11.235101396620763,1,191.0,777.0,321.0,861.0,CERTAIN,,
V5_NORMAL,670c1360862953ad7f74eeb2208f1f9ff596a2241d7aed69c53175f9113e520c,MULTI_FISH_NORMAL,M2_CROSSING,CROSSING,320,11.235101396620763,2,464.0,752.0,521.0,843.0,CERTAIN,,
V5_NORMAL,670c1360862953ad7f74eeb2208f1f9ff596a2241d7aed69c53175f9113e520c,MULTI_FISH_NORMAL,M2_CROSSING,CROSSING,320,11.235101396620763,3,916.0,766.0,1027.0,870.0,CERTAIN,,
V5_NORMAL,670c1360862953ad7f74eeb2208f1f9ff596a2241d7aed69c53175f9113e520c,MULTI_FISH_NORMAL,M2_CROSSING,CROSSING,320,11.235101396620763,4,988.0,722.0,1107.0,798.0,CERTAIN,,
V5_NORMAL,670c1360862953ad7f74eeb2208f1f9ff596a2241d7aed69c53175f9113e520c,MULTI_FISH_NORMAL,M2_CROSSING,CROSSING,320,11.235101396620763,5,1144.0,570.0,1253.0,642.0,CERTAIN,,
V5_NORMAL,670c1360862953ad7f74eeb2208f1f9ff596a2241d7aed69c53175f9113e520c,MULTI_FISH_NORMAL,M2_CROSSING,CROSSING,320,11.235101396620763,6,1207.0,529.0,1242.0,563.0,UNCERTAIN,,
V5_NORMAL,670c1360862953ad7f74eeb2208f1f9ff596a2241d7aed69c53175f9113e520c,MULTI_FISH_NORMAL,M2_CROSSING,CROSSING,321,11.270211088485205,1,190.0,756.0,329.0,893.0,CERTAIN,,
V5_NORMAL,670c1360862953ad7f74eeb2208f1f9ff596a2241d7aed69c53175f9113e520c,MULTI_FISH_NORMAL,M2_CROSSING,CROSSING,321,11.270211088485205,2,462.0,748.0,530.0,852.0,CERTAIN,,
V5_NORMAL,670c1360862953ad7f74eeb2208f1f9ff596a2241d7aed69c53175f9113e520c,MULTI_FISH_NORMAL,M2_CROSSING,CROSSING,321,11.270211088485205,3,909.0,761.0,1043.0,886.0,CERTAIN,,
V5_NORMAL,670c1360862953ad7f74eeb2208f1f9ff596a2241d7aed69c53175f9113e520c,MULTI_FISH_NORMAL,M2_CROSSING,CROSSING,321,11.270211088485205,4,993.0,715.0,1105.0,797.0,CERTAIN,,
V5_NORMAL,670c1360862953ad7f74eeb2208f1f9ff596a2241d7aed69c53175f9113e520c,MULTI_FISH_NORMAL,M2_CROSSING,CROSSING,321,11.270211088485205,5,1151.0,576.0,1255.0,651.0,CERTAIN,,
V5_NORMAL,670c1360862953ad7f74eeb2208f1f9ff596a2241d7aed69c53175f9113e520c,MULTI_FISH_NORMAL,M2_CROSSING,CROSSING,321,11.270211088485205,6,1207.0,533.0,1242.0,567.0,UNCERTAIN,,
V5_NORMAL,670c1360862953ad7f74eeb2208f1f9ff596a2241d7aed69c53175f9113e520c,MULTI_FISH_NORMAL,M2_CROSSING,CROSSING,322,11.305320780349644,1,186.0,772.0,343.0,879.0,CERTAIN,,
V5_NORMAL,670c1360862953ad7f74eeb2208f1f9ff596a2241d7aed69c53175f9113e520c,MULTI_FISH_NORMAL,M2_CROSSING,CROSSING,322,11.305320780349644,2,466.0,759.0,544.0,861.0,CERTAIN,,
V5_NORMAL,670c1360862953ad7f74eeb2208f1f9ff596a2241d7aed69c53175f9113e520c,MULTI_FISH_NORMAL,M2_CROSSING,CROSSING,322,11.305320780349644,3,907.0,756.0,1032.0,871.0,CERTAIN,,
V5_NORMAL,670c1360862953ad7f74eeb2208f1f9ff596a2241d7aed69c53175f9113e520c,MULTI_FISH_NORMAL,M2_CROSSING,CROSSING,322,11.305320780349644,4,995.0,716.0,1093.0,800.0,CERTAIN,,
V5_NORMAL,670c1360862953ad7f74eeb2208f1f9ff596a2241d7aed69c53175f9113e520c,MULTI_FISH_NORMAL,M2_CROSSING,CROSSING,322,11.305320780349644,5,1146.0,561.0,1244.0,658.0,CERTAIN,,
V5_NORMAL,670c1360862953ad7f74eeb2208f1f9ff596a2241d7aed69c53175f9113e520c,MULTI_FISH_NORMAL,M2_CROSSING,CROSSING,323,11.340430472214084,1,165.0,761.0,314.0,886.0,CERTAIN,,
V5_NORMAL,670c1360862953ad7f74eeb2208f1f9ff596a2241d7aed69c53175f9113e520c,MULTI_FISH_NORMAL,M2_CROSSING,CROSSING,323,11.340430472214084,2,469.0,754.0,530.0,857.0,CERTAIN,,
V5_NORMAL,670c1360862953ad7f74eeb2208f1f9ff596a2241d7aed69c53175f9113e520c,MULTI_FISH_NORMAL,M2_CROSSING,CROSSING,323,11.340430472214084,3,920.0,756.0,1032.0,873.0,CERTAIN,,
V5_NORMAL,670c1360862953ad7f74eeb2208f1f9ff596a2241d7aed69c53175f9113e520c,MULTI_FISH_NORMAL,M2_CROSSING,CROSSING,323,11.340430472214084,4,998.0,713.0,1126.0,802.0,CERTAIN,,
V5_NORMAL,670c1360862953ad7f74eeb2208f1f9ff596a2241d7aed69c53175f9113e520c,MULTI_FISH_NORMAL,M2_CROSSING,CROSSING,323,11.340430472214084,5,1153.0,563.0,1253.0,661.0,CERTAIN,,
V5_NORMAL,670c1360862953ad7f74eeb2208f1f9ff596a2241d7aed69c53175f9113e520c,MULTI_FISH_NORMAL,M2_CROSSING,CROSSING,324,11.375540164078522,1,181.0,765.0,312.0,866.0,CERTAIN,,
V5_NORMAL,670c1360862953ad7f74eeb2208f1f9ff596a2241d7aed69c53175f9113e520c,MULTI_FISH_NORMAL,M2_CROSSING,CROSSING,324,11.375540164078522,2,464.0,748.0,535.0,845.0,CERTAIN,,
V5_NORMAL,670c1360862953ad7f74eeb2208f1f9ff596a2241d7aed69c53175f9113e520c,MULTI_FISH_NORMAL,M2_CROSSING,CROSSING,324,11.375540164078522,3,913.0,756.0,1039.0,870.0,CERTAIN,,
V5_NORMAL,670c1360862953ad7f74eeb2208f1f9ff596a2241d7aed69c53175f9113e520c,MULTI_FISH_NORMAL,M2_CROSSING,CROSSING,324,11.375540164078522,4,991.0,711.0,1082.0,791.0,CERTAIN,,
V5_NORMAL,670c1360862953ad7f74eeb2208f1f9ff596a2241d7aed69c53175f9113e520c,MULTI_FISH_NORMAL,M2_CROSSING,CROSSING,324,11.375540164078522,5,1148.0,574.0,1248.0,643.0,CERTAIN,,
V5_NORMAL,670c1360862953ad7f74eeb2208f1f9ff596a2241d7aed69c53175f9113e520c,MULTI_FISH_NORMAL,M2_CROSSING,CROSSING,325,11.410649855942962,1,181.0,765.0,312.0,866.0,CERTAIN,,
V5_NORMAL,670c1360862953ad7f74eeb2208f1f9ff596a2241d7aed69c53175f9113e520c,MULTI_FISH_NORMAL,M2_CROSSING,CROSSING,325,11.410649855942962,2,464.0,748.0,535.0,845.0,CERTAIN,,
V5_NORMAL,670c1360862953ad7f74eeb2208f1f9ff596a2241d7aed69c53175f9113e520c,MULTI_FISH_NORMAL,M2_CROSSING,CROSSING,325,11.410649855942962,3,913.0,756.0,1039.0,870.0,CERTAIN,,
V5_NORMAL,670c1360862953ad7f74eeb2208f1f9ff596a2241d7aed69c53175f9113e520c,MULTI_FISH_NORMAL,M2_CROSSING,CROSSING,325,11.410649855942962,4,991.0,711.0,1082.0,791.0,CERTAIN,,
V5_NORMAL,670c1360862953ad7f74eeb2208f1f9ff596a2241d7aed69c53175f9113e520c,MULTI_FISH_NORMAL,M2_CROSSING,CROSSING,325,11.410649855942962,5,1148.0,574.0,1248.0,643.0,CERTAIN,,
V5_NORMAL,670c1360862953ad7f74eeb2208f1f9ff596a2241d7aed69c53175f9113e520c,MULTI_FISH_NORMAL,M2_CROSSING,CROSSING,326,11.445759547807402,1,181.0,765.0,312.0,866.0,CERTAIN,,
V5_NORMAL,670c1360862953ad7f74eeb2208f1f9ff596a2241d7aed69c53175f9113e520c,MULTI_FISH_NORMAL,M2_CROSSING,CROSSING,326,11.445759547807402,2,464.0,748.0,535.0,845.0,CERTAIN,,
V5_NORMAL,670c1360862953ad7f74eeb2208f1f9ff596a2241d7aed69c53175f9113e520c,MULTI_FISH_NORMAL,M2_CROSSING,CROSSING,326,11.445759547807402,3,913.0,756.0,1039.0,870.0,CERTAIN,,
V5_NORMAL,670c1360862953ad7f74eeb2208f1f9ff596a2241d7aed69c53175f9113e520c,MULTI_FISH_NORMAL,M2_CROSSING,CROSSING,326,11.445759547807402,4,991.0,711.0,1082.0,791.0,CERTAIN,,
V5_NORMAL,670c1360862953ad7f74eeb2208f1f9ff596a2241d7aed69c53175f9113e520c,MULTI_FISH_NORMAL,M2_CROSSING,CROSSING,326,11.445759547807402,5,1148.0,574.0,1248.0,643.0,CERTAIN,,
V5_NORMAL,670c1360862953ad7f74eeb2208f1f9ff596a2241d7aed69c53175f9113e520c,MULTI_FISH_NORMAL,M2_CROSSING,CROSSING,327,11.480869239671843,1,181.0,765.0,312.0,866.0,CERTAIN,,
V5_NORMAL,670c1360862953ad7f74eeb2208f1f9ff596a2241d7aed69c53175f9113e520c,MULTI_FISH_NORMAL,M2_CROSSING,CROSSING,327,11.480869239671843,2,464.0,748.0,535.0,845.0,CERTAIN,,
V5_NORMAL,670c1360862953ad7f74eeb2208f1f9ff596a2241d7aed69c53175f9113e520c,MULTI_FISH_NORMAL,M2_CROSSING,CROSSING,327,11.480869239671843,3,913.0,756.0,1039.0,870.0,CERTAIN,,
V5_NORMAL,670c1360862953ad7f74eeb2208f1f9ff596a2241d7aed69c53175f9113e520c,MULTI_FISH_NORMAL,M2_CROSSING,CROSSING,327,11.480869239671843,4,991.0,711.0,1082.0,791.0,CERTAIN,,
V5_NORMAL,670c1360862953ad7f74eeb2208f1f9ff596a2241d7aed69c53175f9113e520c,MULTI_FISH_NORMAL,M2_CROSSING,CROSSING,327,11.480869239671843,5,1148.0,574.0,1248.0,643.0,CERTAIN,,
V5_NORMAL,670c1360862953ad7f74eeb2208f1f9ff596a2241d7aed69c53175f9113e520c,MULTI_FISH_NORMAL,M2_CROSSING,CROSSING,328,11.515978931536283,1,225.0,757.0,328.0,866.0,CERTAIN,,
V5_NORMAL,670c1360862953ad7f74eeb2208f1f9ff596a2241d7aed69c53175f9113e520c,MULTI_FISH_NORMAL,M2_CROSSING,CROSSING,328,11.515978931536283,2,464.0,748.0,535.0,845.0,CERTAIN,,
V5_NORMAL,670c1360862953ad7f74eeb2208f1f9ff596a2241d7aed69c53175f9113e520c,MULTI_FISH_NORMAL,M2_CROSSING,CROSSING,328,11.515978931536283,3,913.0,756.0,1039.0,870.0,CERTAIN,,
V5_NORMAL,670c1360862953ad7f74eeb2208f1f9ff596a2241d7aed69c53175f9113e520c,MULTI_FISH_NORMAL,M2_CROSSING,CROSSING,328,11.515978931536283,4,991.0,711.0,1082.0,791.0,CERTAIN,,
V5_NORMAL,670c1360862953ad7f74eeb2208f1f9ff596a2241d7aed69c53175f9113e520c,MULTI_FISH_NORMAL,M2_CROSSING,CROSSING,328,11.515978931536283,5,1148.0,574.0,1248.0,643.0,CERTAIN,,
V5_NORMAL,670c1360862953ad7f74eeb2208f1f9ff596a2241d7aed69c53175f9113e520c,MULTI_FISH_NORMAL,M2_CROSSING,CROSSING,329,11.551088623400725,1,225.0,757.0,328.0,866.0,CERTAIN,,
V5_NORMAL,670c1360862953ad7f74eeb2208f1f9ff596a2241d7aed69c53175f9113e520c,MULTI_FISH_NORMAL,M2_CROSSING,CROSSING,329,11.551088623400725,2,464.0,748.0,535.0,845.0,CERTAIN,,
V5_NORMAL,670c1360862953ad7f74eeb2208f1f9ff596a2241d7aed69c53175f9113e520c,MULTI_FISH_NORMAL,M2_CROSSING,CROSSING,329,11.551088623400725,3,913.0,756.0,1039.0,870.0,CERTAIN,,
V5_NORMAL,670c1360862953ad7f74eeb2208f1f9ff596a2241d7aed69c53175f9113e520c,MULTI_FISH_NORMAL,M2_CROSSING,CROSSING,329,11.551088623400725,4,991.0,711.0,1082.0,791.0,CERTAIN,,
V5_NORMAL,670c1360862953ad7f74eeb2208f1f9ff596a2241d7aed69c53175f9113e520c,MULTI_FISH_NORMAL,M2_CROSSING,CROSSING,329,11.551088623400725,5,1148.0,574.0,1248.0,643.0,CERTAIN,,
V5_NORMAL,670c1360862953ad7f74eeb2208f1f9ff596a2241d7aed69c53175f9113e520c,MULTI_FISH_NORMAL,M2_CROSSING,CROSSING,330,11.586198315265165,1,225.0,757.0,328.0,866.0,CERTAIN,,
V5_NORMAL,670c1360862953ad7f74eeb2208f1f9ff596a2241d7aed69c53175f9113e520c,MULTI_FISH_NORMAL,M2_CROSSING,CROSSING,330,11.586198315265165,2,464.0,748.0,535.0,845.0,CERTAIN,,
V5_NORMAL,670c1360862953ad7f74eeb2208f1f9ff596a2241d7aed69c53175f9113e520c,MULTI_FISH_NORMAL,M2_CROSSING,CROSSING,330,11.586198315265165,3,913.0,756.0,1039.0,870.0,CERTAIN,,
V5_NORMAL,670c1360862953ad7f74eeb2208f1f9ff596a2241d7aed69c53175f9113e520c,MULTI_FISH_NORMAL,M2_CROSSING,CROSSING,330,11.586198315265165,4,991.0,711.0,1082.0,791.0,CERTAIN,,
V5_NORMAL,670c1360862953ad7f74eeb2208f1f9ff596a2241d7aed69c53175f9113e520c,MULTI_FISH_NORMAL,M2_CROSSING,CROSSING,330,11.586198315265165,5,1148.0,574.0,1248.0,643.0,CERTAIN,,
V5_NORMAL,670c1360862953ad7f74eeb2208f1f9ff596a2241d7aed69c53175f9113e520c,MULTI_FISH_NORMAL,M2_CROSSING,CROSSING,331,11.621308007129604,1,225.0,757.0,328.0,866.0,CERTAIN,,
V5_NORMAL,670c1360862953ad7f74eeb2208f1f9ff596a2241d7aed69c53175f9113e520c,MULTI_FISH_NORMAL,M2_CROSSING,CROSSING,331,11.621308007129604,2,464.0,748.0,535.0,845.0,CERTAIN,,
V5_NORMAL,670c1360862953ad7f74eeb2208f1f9ff596a2241d7aed69c53175f9113e520c,MULTI_FISH_NORMAL,M2_CROSSING,CROSSING,331,11.621308007129604,3,913.0,756.0,1039.0,870.0,CERTAIN,,
V5_NORMAL,670c1360862953ad7f74eeb2208f1f9ff596a2241d7aed69c53175f9113e520c,MULTI_FISH_NORMAL,M2_CROSSING,CROSSING,331,11.621308007129604,4,991.0,711.0,1082.0,791.0,CERTAIN,,
V5_NORMAL,670c1360862953ad7f74eeb2208f1f9ff596a2241d7aed69c53175f9113e520c,MULTI_FISH_NORMAL,M2_CROSSING,CROSSING,331,11.621308007129604,5,1148.0,574.0,1248.0,643.0,CERTAIN,,
V5_NORMAL,670c1360862953ad7f74eeb2208f1f9ff596a2241d7aed69c53175f9113e520c,MULTI_FISH_NORMAL,M2_CROSSING,CROSSING,332,11.656417698994042,1,225.0,757.0,328.0,866.0,CERTAIN,,
V5_NORMAL,670c1360862953ad7f74eeb2208f1f9ff596a2241d7aed69c53175f9113e520c,MULTI_FISH_NORMAL,M2_CROSSING,CROSSING,332,11.656417698994042,2,464.0,748.0,535.0,845.0,CERTAIN,,
V5_NORMAL,670c1360862953ad7f74eeb2208f1f9ff596a2241d7aed69c53175f9113e520c,MULTI_FISH_NORMAL,M2_CROSSING,CROSSING,332,11.656417698994042,3,913.0,756.0,1039.0,870.0,CERTAIN,,
V5_NORMAL,670c1360862953ad7f74eeb2208f1f9ff596a2241d7aed69c53175f9113e520c,MULTI_FISH_NORMAL,M2_CROSSING,CROSSING,332,11.656417698994042,4,991.0,711.0,1082.0,791.0,CERTAIN,,
V5_NORMAL,670c1360862953ad7f74eeb2208f1f9ff596a2241d7aed69c53175f9113e520c,MULTI_FISH_NORMAL,M2_CROSSING,CROSSING,332,11.656417698994042,5,1148.0,574.0,1248.0,643.0,CERTAIN,,
V5_NORMAL,670c1360862953ad7f74eeb2208f1f9ff596a2241d7aed69c53175f9113e520c,MULTI_FISH_NORMAL,M2_CROSSING,CROSSING,333,11.691527390858482,1,225.0,757.0,328.0,866.0,CERTAIN,,
V5_NORMAL,670c1360862953ad7f74eeb2208f1f9ff596a2241d7aed69c53175f9113e520c,MULTI_FISH_NORMAL,M2_CROSSING,CROSSING,333,11.691527390858482,2,464.0,748.0,535.0,845.0,CERTAIN,,
V5_NORMAL,670c1360862953ad7f74eeb2208f1f9ff596a2241d7aed69c53175f9113e520c,MULTI_FISH_NORMAL,M2_CROSSING,CROSSING,333,11.691527390858482,3,913.0,756.0,1039.0,870.0,CERTAIN,,
V5_NORMAL,670c1360862953ad7f74eeb2208f1f9ff596a2241d7aed69c53175f9113e520c,MULTI_FISH_NORMAL,M2_CROSSING,CROSSING,333,11.691527390858482,4,991.0,711.0,1082.0,791.0,CERTAIN,,
V5_NORMAL,670c1360862953ad7f74eeb2208f1f9ff596a2241d7aed69c53175f9113e520c,MULTI_FISH_NORMAL,M2_CROSSING,CROSSING,333,11.691527390858482,5,1148.0,574.0,1248.0,643.0,CERTAIN,,
V5_NORMAL,670c1360862953ad7f74eeb2208f1f9ff596a2241d7aed69c53175f9113e520c,MULTI_FISH_NORMAL,M2_CROSSING,CROSSING,334,11.726637082722922,1,225.0,757.0,328.0,866.0,CERTAIN,,
V5_NORMAL,670c1360862953ad7f74eeb2208f1f9ff596a2241d7aed69c53175f9113e520c,MULTI_FISH_NORMAL,M2_CROSSING,CROSSING,334,11.726637082722922,2,464.0,748.0,535.0,845.0,CERTAIN,,
V5_NORMAL,670c1360862953ad7f74eeb2208f1f9ff596a2241d7aed69c53175f9113e520c,MULTI_FISH_NORMAL,M2_CROSSING,CROSSING,334,11.726637082722922,3,913.0,756.0,1039.0,870.0,CERTAIN,,
V5_NORMAL,670c1360862953ad7f74eeb2208f1f9ff596a2241d7aed69c53175f9113e520c,MULTI_FISH_NORMAL,M2_CROSSING,CROSSING,334,11.726637082722922,4,991.0,711.0,1082.0,791.0,CERTAIN,,
V5_NORMAL,670c1360862953ad7f74eeb2208f1f9ff596a2241d7aed69c53175f9113e520c,MULTI_FISH_NORMAL,M2_CROSSING,CROSSING,334,11.726637082722922,5,1148.0,574.0,1248.0,643.0,CERTAIN,,
V5_NORMAL,670c1360862953ad7f74eeb2208f1f9ff596a2241d7aed69c53175f9113e520c,MULTI_FISH_NORMAL,M2_CROSSING,CROSSING,335,11.761746774587362,1,225.0,757.0,328.0,866.0,CERTAIN,,
V5_NORMAL,670c1360862953ad7f74eeb2208f1f9ff596a2241d7aed69c53175f9113e520c,MULTI_FISH_NORMAL,M2_CROSSING,CROSSING,335,11.761746774587362,2,464.0,748.0,535.0,845.0,CERTAIN,,
V5_NORMAL,670c1360862953ad7f74eeb2208f1f9ff596a2241d7aed69c53175f9113e520c,MULTI_FISH_NORMAL,M2_CROSSING,CROSSING,335,11.761746774587362,3,913.0,756.0,1039.0,870.0,CERTAIN,,
V5_NORMAL,670c1360862953ad7f74eeb2208f1f9ff596a2241d7aed69c53175f9113e520c,MULTI_FISH_NORMAL,M2_CROSSING,CROSSING,335,11.761746774587362,4,991.0,711.0,1082.0,791.0,CERTAIN,,
V5_NORMAL,670c1360862953ad7f74eeb2208f1f9ff596a2241d7aed69c53175f9113e520c,MULTI_FISH_NORMAL,M2_CROSSING,CROSSING,335,11.761746774587362,5,1148.0,574.0,1248.0,643.0,CERTAIN,,
V5_NORMAL,670c1360862953ad7f74eeb2208f1f9ff596a2241d7aed69c53175f9113e520c,MULTI_FISH_NORMAL,M2_CROSSING,CROSSING,336,11.796856466451802,1,225.0,757.0,328.0,866.0,CERTAIN,,
V5_NORMAL,670c1360862953ad7f74eeb2208f1f9ff596a2241d7aed69c53175f9113e520c,MULTI_FISH_NORMAL,M2_CROSSING,CROSSING,336,11.796856466451802,2,464.0,748.0,535.0,845.0,CERTAIN,,
V5_NORMAL,670c1360862953ad7f74eeb2208f1f9ff596a2241d7aed69c53175f9113e520c,MULTI_FISH_NORMAL,M2_CROSSING,CROSSING,336,11.796856466451802,3,913.0,756.0,1039.0,870.0,CERTAIN,,
V5_NORMAL,670c1360862953ad7f74eeb2208f1f9ff596a2241d7aed69c53175f9113e520c,MULTI_FISH_NORMAL,M2_CROSSING,CROSSING,336,11.796856466451802,4,991.0,711.0,1082.0,791.0,CERTAIN,,
V5_NORMAL,670c1360862953ad7f74eeb2208f1f9ff596a2241d7aed69c53175f9113e520c,MULTI_FISH_NORMAL,M2_CROSSING,CROSSING,336,11.796856466451802,5,1148.0,574.0,1248.0,643.0,CERTAIN,,
V5_NORMAL,670c1360862953ad7f74eeb2208f1f9ff596a2241d7aed69c53175f9113e520c,MULTI_FISH_NORMAL,M2_CROSSING,CROSSING,337,11.83196615831624,1,225.0,757.0,328.0,866.0,CERTAIN,,
V5_NORMAL,670c1360862953ad7f74eeb2208f1f9ff596a2241d7aed69c53175f9113e520c,MULTI_FISH_NORMAL,M2_CROSSING,CROSSING,337,11.83196615831624,2,464.0,748.0,535.0,845.0,CERTAIN,,
V5_NORMAL,670c1360862953ad7f74eeb2208f1f9ff596a2241d7aed69c53175f9113e520c,MULTI_FISH_NORMAL,M2_CROSSING,CROSSING,337,11.83196615831624,3,913.0,756.0,1039.0,870.0,CERTAIN,,
V5_NORMAL,670c1360862953ad7f74eeb2208f1f9ff596a2241d7aed69c53175f9113e520c,MULTI_FISH_NORMAL,M2_CROSSING,CROSSING,337,11.83196615831624,4,991.0,711.0,1082.0,791.0,CERTAIN,,
V5_NORMAL,670c1360862953ad7f74eeb2208f1f9ff596a2241d7aed69c53175f9113e520c,MULTI_FISH_NORMAL,M2_CROSSING,CROSSING,337,11.83196615831624,5,1148.0,574.0,1248.0,643.0,CERTAIN,,
V5_NORMAL,670c1360862953ad7f74eeb2208f1f9ff596a2241d7aed69c53175f9113e520c,MULTI_FISH_NORMAL,M2_CROSSING,CROSSING,338,11.86707585018068,1,225.0,757.0,328.0,866.0,CERTAIN,,
V5_NORMAL,670c1360862953ad7f74eeb2208f1f9ff596a2241d7aed69c53175f9113e520c,MULTI_FISH_NORMAL,M2_CROSSING,CROSSING,338,11.86707585018068,2,464.0,748.0,535.0,845.0,CERTAIN,,
V5_NORMAL,670c1360862953ad7f74eeb2208f1f9ff596a2241d7aed69c53175f9113e520c,MULTI_FISH_NORMAL,M2_CROSSING,CROSSING,338,11.86707585018068,3,913.0,756.0,1039.0,870.0,CERTAIN,,
V5_NORMAL,670c1360862953ad7f74eeb2208f1f9ff596a2241d7aed69c53175f9113e520c,MULTI_FISH_NORMAL,M2_CROSSING,CROSSING,338,11.86707585018068,4,991.0,711.0,1082.0,791.0,CERTAIN,,
V5_NORMAL,670c1360862953ad7f74eeb2208f1f9ff596a2241d7aed69c53175f9113e520c,MULTI_FISH_NORMAL,M2_CROSSING,CROSSING,338,11.86707585018068,5,1148.0,574.0,1248.0,643.0,CERTAIN,,
V5_NORMAL,670c1360862953ad7f74eeb2208f1f9ff596a2241d7aed69c53175f9113e520c,MULTI_FISH_NORMAL,M2_CROSSING,CROSSING,339,11.90218554204512,1,225.0,757.0,328.0,866.0,CERTAIN,,
V5_NORMAL,670c1360862953ad7f74eeb2208f1f9ff596a2241d7aed69c53175f9113e520c,MULTI_FISH_NORMAL,M2_CROSSING,CROSSING,339,11.90218554204512,2,464.0,748.0,535.0,845.0,CERTAIN,,
V5_NORMAL,670c1360862953ad7f74eeb2208f1f9ff596a2241d7aed69c53175f9113e520c,MULTI_FISH_NORMAL,M2_CROSSING,CROSSING,339,11.90218554204512,3,913.0,756.0,1039.0,870.0,CERTAIN,,
V5_NORMAL,670c1360862953ad7f74eeb2208f1f9ff596a2241d7aed69c53175f9113e520c,MULTI_FISH_NORMAL,M2_CROSSING,CROSSING,339,11.90218554204512,4,991.0,711.0,1082.0,791.0,CERTAIN,,
V5_NORMAL,670c1360862953ad7f74eeb2208f1f9ff596a2241d7aed69c53175f9113e520c,MULTI_FISH_NORMAL,M2_CROSSING,CROSSING,339,11.90218554204512,5,1148.0,574.0,1248.0,643.0,CERTAIN,,
V5_NORMAL,670c1360862953ad7f74eeb2208f1f9ff596a2241d7aed69c53175f9113e520c,MULTI_FISH_NORMAL,M2_CROSSING,CROSSING,340,11.93729523390956,1,225.0,757.0,328.0,866.0,CERTAIN,,
V5_NORMAL,670c1360862953ad7f74eeb2208f1f9ff596a2241d7aed69c53175f9113e520c,MULTI_FISH_NORMAL,M2_CROSSING,CROSSING,340,11.93729523390956,2,464.0,748.0,535.0,845.0,CERTAIN,,
V5_NORMAL,670c1360862953ad7f74eeb2208f1f9ff596a2241d7aed69c53175f9113e520c,MULTI_FISH_NORMAL,M2_CROSSING,CROSSING,340,11.93729523390956,3,913.0,756.0,1039.0,870.0,CERTAIN,,
V5_NORMAL,670c1360862953ad7f74eeb2208f1f9ff596a2241d7aed69c53175f9113e520c,MULTI_FISH_NORMAL,M2_CROSSING,CROSSING,340,11.93729523390956,4,991.0,711.0,1082.0,791.0,CERTAIN,,
V5_NORMAL,670c1360862953ad7f74eeb2208f1f9ff596a2241d7aed69c53175f9113e520c,MULTI_FISH_NORMAL,M2_CROSSING,CROSSING,340,11.93729523390956,5,1148.0,574.0,1248.0,643.0,CERTAIN,,
V5_NORMAL,670c1360862953ad7f74eeb2208f1f9ff596a2241d7aed69c53175f9113e520c,MULTI_FISH_NORMAL,M2_CROSSING,CROSSING,341,11.972404925774,1,225.0,757.0,328.0,866.0,CERTAIN,,
V5_NORMAL,670c1360862953ad7f74eeb2208f1f9ff596a2241d7aed69c53175f9113e520c,MULTI_FISH_NORMAL,M2_CROSSING,CROSSING,341,11.972404925774,2,464.0,748.0,535.0,845.0,CERTAIN,,
V5_NORMAL,670c1360862953ad7f74eeb2208f1f9ff596a2241d7aed69c53175f9113e520c,MULTI_FISH_NORMAL,M2_CROSSING,CROSSING,341,11.972404925774,3,913.0,756.0,1039.0,870.0,CERTAIN,,
V5_NORMAL,670c1360862953ad7f74eeb2208f1f9ff596a2241d7aed69c53175f9113e520c,MULTI_FISH_NORMAL,M2_CROSSING,CROSSING,341,11.972404925774,4,991.0,711.0,1082.0,791.0,CERTAIN,,
V5_NORMAL,670c1360862953ad7f74eeb2208f1f9ff596a2241d7aed69c53175f9113e520c,MULTI_FISH_NORMAL,M2_CROSSING,CROSSING,341,11.972404925774,5,1148.0,574.0,1248.0,643.0,CERTAIN,,
V5_NORMAL,670c1360862953ad7f74eeb2208f1f9ff596a2241d7aed69c53175f9113e520c,MULTI_FISH_NORMAL,M2_CROSSING,CROSSING,342,12.00751461763844,1,263.0,736.0,357.0,852.0,CERTAIN,,
V5_NORMAL,670c1360862953ad7f74eeb2208f1f9ff596a2241d7aed69c53175f9113e520c,MULTI_FISH_NORMAL,M2_CROSSING,CROSSING,342,12.00751461763844,2,464.0,748.0,535.0,845.0,CERTAIN,,
V5_NORMAL,670c1360862953ad7f74eeb2208f1f9ff596a2241d7aed69c53175f9113e520c,MULTI_FISH_NORMAL,M2_CROSSING,CROSSING,342,12.00751461763844,3,913.0,756.0,1039.0,870.0,CERTAIN,,
V5_NORMAL,670c1360862953ad7f74eeb2208f1f9ff596a2241d7aed69c53175f9113e520c,MULTI_FISH_NORMAL,M2_CROSSING,CROSSING,342,12.00751461763844,4,991.0,711.0,1082.0,791.0,CERTAIN,,
V5_NORMAL,670c1360862953ad7f74eeb2208f1f9ff596a2241d7aed69c53175f9113e520c,MULTI_FISH_NORMAL,M2_CROSSING,CROSSING,342,12.00751461763844,5,1148.0,574.0,1248.0,643.0,CERTAIN,,
V5_NORMAL,670c1360862953ad7f74eeb2208f1f9ff596a2241d7aed69c53175f9113e520c,MULTI_FISH_NORMAL,M2_CROSSING,CROSSING,343,12.04262430950288,1,263.0,736.0,357.0,852.0,CERTAIN,,
V5_NORMAL,670c1360862953ad7f74eeb2208f1f9ff596a2241d7aed69c53175f9113e520c,MULTI_FISH_NORMAL,M2_CROSSING,CROSSING,343,12.04262430950288,2,464.0,748.0,535.0,845.0,CERTAIN,,
V5_NORMAL,670c1360862953ad7f74eeb2208f1f9ff596a2241d7aed69c53175f9113e520c,MULTI_FISH_NORMAL,M2_CROSSING,CROSSING,343,12.04262430950288,3,913.0,756.0,1039.0,870.0,CERTAIN,,
V5_NORMAL,670c1360862953ad7f74eeb2208f1f9ff596a2241d7aed69c53175f9113e520c,MULTI_FISH_NORMAL,M2_CROSSING,CROSSING,343,12.04262430950288,4,991.0,711.0,1082.0,791.0,CERTAIN,,
V5_NORMAL,670c1360862953ad7f74eeb2208f1f9ff596a2241d7aed69c53175f9113e520c,MULTI_FISH_NORMAL,M2_CROSSING,CROSSING,343,12.04262430950288,5,1148.0,574.0,1248.0,643.0,CERTAIN,,
V5_NORMAL,670c1360862953ad7f74eeb2208f1f9ff596a2241d7aed69c53175f9113e520c,MULTI_FISH_NORMAL,M2_CROSSING,CROSSING,344,12.07773400136732,1,263.0,736.0,357.0,852.0,CERTAIN,,
V5_NORMAL,670c1360862953ad7f74eeb2208f1f9ff596a2241d7aed69c53175f9113e520c,MULTI_FISH_NORMAL,M2_CROSSING,CROSSING,344,12.07773400136732,2,464.0,748.0,535.0,845.0,CERTAIN,,
V5_NORMAL,670c1360862953ad7f74eeb2208f1f9ff596a2241d7aed69c53175f9113e520c,MULTI_FISH_NORMAL,M2_CROSSING,CROSSING,344,12.07773400136732,3,913.0,756.0,1039.0,870.0,CERTAIN,,
V5_NORMAL,670c1360862953ad7f74eeb2208f1f9ff596a2241d7aed69c53175f9113e520c,MULTI_FISH_NORMAL,M2_CROSSING,CROSSING,344,12.07773400136732,4,991.0,711.0,1082.0,791.0,CERTAIN,,
V5_NORMAL,670c1360862953ad7f74eeb2208f1f9ff596a2241d7aed69c53175f9113e520c,MULTI_FISH_NORMAL,M2_CROSSING,CROSSING,344,12.07773400136732,5,1148.0,574.0,1248.0,643.0,CERTAIN,,
V5_NORMAL,670c1360862953ad7f74eeb2208f1f9ff596a2241d7aed69c53175f9113e520c,MULTI_FISH_NORMAL,M2_CROSSING,CROSSING,345,12.11284369323176,1,263.0,736.0,357.0,852.0,CERTAIN,,
V5_NORMAL,670c1360862953ad7f74eeb2208f1f9ff596a2241d7aed69c53175f9113e520c,MULTI_FISH_NORMAL,M2_CROSSING,CROSSING,345,12.11284369323176,2,464.0,748.0,535.0,845.0,CERTAIN,,
V5_NORMAL,670c1360862953ad7f74eeb2208f1f9ff596a2241d7aed69c53175f9113e520c,MULTI_FISH_NORMAL,M2_CROSSING,CROSSING,345,12.11284369323176,3,913.0,756.0,1039.0,870.0,CERTAIN,,
V5_NORMAL,670c1360862953ad7f74eeb2208f1f9ff596a2241d7aed69c53175f9113e520c,MULTI_FISH_NORMAL,M2_CROSSING,CROSSING,345,12.11284369323176,4,991.0,711.0,1082.0,791.0,CERTAIN,,
V5_NORMAL,670c1360862953ad7f74eeb2208f1f9ff596a2241d7aed69c53175f9113e520c,MULTI_FISH_NORMAL,M2_CROSSING,CROSSING,345,12.11284369323176,5,1148.0,574.0,1248.0,643.0,CERTAIN,,
V5_NORMAL,670c1360862953ad7f74eeb2208f1f9ff596a2241d7aed69c53175f9113e520c,MULTI_FISH_NORMAL,M2_CROSSING,CROSSING,346,12.1479533850962,1,263.0,736.0,357.0,852.0,CERTAIN,,
V5_NORMAL,670c1360862953ad7f74eeb2208f1f9ff596a2241d7aed69c53175f9113e520c,MULTI_FISH_NORMAL,M2_CROSSING,CROSSING,346,12.1479533850962,2,464.0,748.0,535.0,845.0,CERTAIN,,
V5_NORMAL,670c1360862953ad7f74eeb2208f1f9ff596a2241d7aed69c53175f9113e520c,MULTI_FISH_NORMAL,M2_CROSSING,CROSSING,346,12.1479533850962,3,913.0,756.0,1039.0,870.0,CERTAIN,,
V5_NORMAL,670c1360862953ad7f74eeb2208f1f9ff596a2241d7aed69c53175f9113e520c,MULTI_FISH_NORMAL,M2_CROSSING,CROSSING,346,12.1479533850962,4,991.0,711.0,1082.0,791.0,CERTAIN,,
V5_NORMAL,670c1360862953ad7f74eeb2208f1f9ff596a2241d7aed69c53175f9113e520c,MULTI_FISH_NORMAL,M2_CROSSING,CROSSING,346,12.1479533850962,5,1148.0,574.0,1248.0,643.0,CERTAIN,,
V5_NORMAL,670c1360862953ad7f74eeb2208f1f9ff596a2241d7aed69c53175f9113e520c,MULTI_FISH_NORMAL,M2_CROSSING,CROSSING,347,12.18306307696064,1,263.0,736.0,357.0,852.0,CERTAIN,,
V5_NORMAL,670c1360862953ad7f74eeb2208f1f9ff596a2241d7aed69c53175f9113e520c,MULTI_FISH_NORMAL,M2_CROSSING,CROSSING,347,12.18306307696064,2,464.0,748.0,535.0,845.0,CERTAIN,,
V5_NORMAL,670c1360862953ad7f74eeb2208f1f9ff596a2241d7aed69c53175f9113e520c,MULTI_FISH_NORMAL,M2_CROSSING,CROSSING,347,12.18306307696064,3,913.0,756.0,1039.0,870.0,CERTAIN,,
V5_NORMAL,670c1360862953ad7f74eeb2208f1f9ff596a2241d7aed69c53175f9113e520c,MULTI_FISH_NORMAL,M2_CROSSING,CROSSING,347,12.18306307696064,4,991.0,711.0,1082.0,791.0,CERTAIN,,
V5_NORMAL,670c1360862953ad7f74eeb2208f1f9ff596a2241d7aed69c53175f9113e520c,MULTI_FISH_NORMAL,M2_CROSSING,CROSSING,347,12.18306307696064,5,1148.0,574.0,1248.0,643.0,CERTAIN,,
V5_NORMAL,670c1360862953ad7f74eeb2208f1f9ff596a2241d7aed69c53175f9113e520c,MULTI_FISH_NORMAL,M2_CROSSING,CROSSING,348,12.21817276882508,1,263.0,736.0,357.0,852.0,CERTAIN,,
V5_NORMAL,670c1360862953ad7f74eeb2208f1f9ff596a2241d7aed69c53175f9113e520c,MULTI_FISH_NORMAL,M2_CROSSING,CROSSING,348,12.21817276882508,2,464.0,748.0,535.0,845.0,CERTAIN,,
V5_NORMAL,670c1360862953ad7f74eeb2208f1f9ff596a2241d7aed69c53175f9113e520c,MULTI_FISH_NORMAL,M2_CROSSING,CROSSING,348,12.21817276882508,3,913.0,756.0,1039.0,870.0,CERTAIN,,
V5_NORMAL,670c1360862953ad7f74eeb2208f1f9ff596a2241d7aed69c53175f9113e520c,MULTI_FISH_NORMAL,M2_CROSSING,CROSSING,348,12.21817276882508,4,991.0,711.0,1082.0,791.0,CERTAIN,,
V5_NORMAL,670c1360862953ad7f74eeb2208f1f9ff596a2241d7aed69c53175f9113e520c,MULTI_FISH_NORMAL,M2_CROSSING,CROSSING,348,12.21817276882508,5,1148.0,574.0,1248.0,643.0,CERTAIN,,
V5_NORMAL,670c1360862953ad7f74eeb2208f1f9ff596a2241d7aed69c53175f9113e520c,MULTI_FISH_NORMAL,M2_CROSSING,CROSSING,349,12.25328246068952,1,263.0,736.0,357.0,852.0,CERTAIN,,
V5_NORMAL,670c1360862953ad7f74eeb2208f1f9ff596a2241d7aed69c53175f9113e520c,MULTI_FISH_NORMAL,M2_CROSSING,CROSSING,349,12.25328246068952,2,464.0,748.0,535.0,845.0,CERTAIN,,
V5_NORMAL,670c1360862953ad7f74eeb2208f1f9ff596a2241d7aed69c53175f9113e520c,MULTI_FISH_NORMAL,M2_CROSSING,CROSSING,349,12.25328246068952,3,913.0,756.0,1039.0,870.0,CERTAIN,,
V5_NORMAL,670c1360862953ad7f74eeb2208f1f9ff596a2241d7aed69c53175f9113e520c,MULTI_FISH_NORMAL,M2_CROSSING,CROSSING,349,12.25328246068952,4,904.0,702.0,1059.0,779.0,CERTAIN,,
V5_NORMAL,670c1360862953ad7f74eeb2208f1f9ff596a2241d7aed69c53175f9113e520c,MULTI_FISH_NORMAL,M2_CROSSING,CROSSING,349,12.25328246068952,5,1148.0,574.0,1248.0,643.0,CERTAIN,,
V5_NORMAL,670c1360862953ad7f74eeb2208f1f9ff596a2241d7aed69c53175f9113e520c,MULTI_FISH_NORMAL,M2_CROSSING,CROSSING,350,12.28839215255396,1,263.0,736.0,357.0,852.0,CERTAIN,,
V5_NORMAL,670c1360862953ad7f74eeb2208f1f9ff596a2241d7aed69c53175f9113e520c,MULTI_FISH_NORMAL,M2_CROSSING,CROSSING,350,12.28839215255396,2,464.0,748.0,535.0,845.0,CERTAIN,,
V5_NORMAL,670c1360862953ad7f74eeb2208f1f9ff596a2241d7aed69c53175f9113e520c,MULTI_FISH_NORMAL,M2_CROSSING,CROSSING,350,12.28839215255396,3,913.0,756.0,1039.0,870.0,CERTAIN,,
V5_NORMAL,670c1360862953ad7f74eeb2208f1f9ff596a2241d7aed69c53175f9113e520c,MULTI_FISH_NORMAL,M2_CROSSING,CROSSING,350,12.28839215255396,4,904.0,702.0,1059.0,779.0,CERTAIN,,
V5_NORMAL,670c1360862953ad7f74eeb2208f1f9ff596a2241d7aed69c53175f9113e520c,MULTI_FISH_NORMAL,M2_CROSSING,CROSSING,350,12.28839215255396,5,1148.0,574.0,1248.0,643.0,CERTAIN,,
V5_NORMAL,670c1360862953ad7f74eeb2208f1f9ff596a2241d7aed69c53175f9113e520c,MULTI_FISH_NORMAL,M2_CROSSING,CROSSING,351,12.3235018444184,1,263.0,736.0,357.0,852.0,CERTAIN,,
V5_NORMAL,670c1360862953ad7f74eeb2208f1f9ff596a2241d7aed69c53175f9113e520c,MULTI_FISH_NORMAL,M2_CROSSING,CROSSING,351,12.3235018444184,2,464.0,748.0,535.0,845.0,CERTAIN,,
V5_NORMAL,670c1360862953ad7f74eeb2208f1f9ff596a2241d7aed69c53175f9113e520c,MULTI_FISH_NORMAL,M2_CROSSING,CROSSING,351,12.3235018444184,3,913.0,756.0,1039.0,870.0,CERTAIN,,
V5_NORMAL,670c1360862953ad7f74eeb2208f1f9ff596a2241d7aed69c53175f9113e520c,MULTI_FISH_NORMAL,M2_CROSSING,CROSSING,351,12.3235018444184,4,904.0,702.0,1059.0,779.0,CERTAIN,,
V5_NORMAL,670c1360862953ad7f74eeb2208f1f9ff596a2241d7aed69c53175f9113e520c,MULTI_FISH_NORMAL,M2_CROSSING,CROSSING,351,12.3235018444184,5,1148.0,574.0,1248.0,643.0,CERTAIN,,
V5_NORMAL,670c1360862953ad7f74eeb2208f1f9ff596a2241d7aed69c53175f9113e520c,MULTI_FISH_NORMAL,M2_CROSSING,CROSSING,352,12.35861153628284,1,263.0,736.0,357.0,852.0,CERTAIN,,
V5_NORMAL,670c1360862953ad7f74eeb2208f1f9ff596a2241d7aed69c53175f9113e520c,MULTI_FISH_NORMAL,M2_CROSSING,CROSSING,352,12.35861153628284,2,464.0,748.0,535.0,845.0,CERTAIN,,
V5_NORMAL,670c1360862953ad7f74eeb2208f1f9ff596a2241d7aed69c53175f9113e520c,MULTI_FISH_NORMAL,M2_CROSSING,CROSSING,352,12.35861153628284,3,913.0,756.0,1039.0,870.0,CERTAIN,,
V5_NORMAL,670c1360862953ad7f74eeb2208f1f9ff596a2241d7aed69c53175f9113e520c,MULTI_FISH_NORMAL,M2_CROSSING,CROSSING,352,12.35861153628284,4,904.0,702.0,1059.0,779.0,CERTAIN,,
V5_NORMAL,670c1360862953ad7f74eeb2208f1f9ff596a2241d7aed69c53175f9113e520c,MULTI_FISH_NORMAL,M2_CROSSING,CROSSING,352,12.35861153628284,5,1148.0,574.0,1248.0,643.0,CERTAIN,,
V8_PAIR_T1,1eda257c757b0f7065c48b19888f9fad232b803322c1e2df85884c3d7ebd94be,MULTI_FISH_PAIR,P1_PAIR_INTERACTION,PAIR_INTERACTION,254,10.925009654589372,1,464.0,683.0,544.0,798.0,UNCERTAIN,,
V8_PAIR_T1,1eda257c757b0f7065c48b19888f9fad232b803322c1e2df85884c3d7ebd94be,MULTI_FISH_PAIR,P1_PAIR_INTERACTION,PAIR_INTERACTION,255,10.968021503623188,1,464.0,683.0,544.0,798.0,UNCERTAIN,,
V8_PAIR_T1,1eda257c757b0f7065c48b19888f9fad232b803322c1e2df85884c3d7ebd94be,MULTI_FISH_PAIR,P1_PAIR_INTERACTION,PAIR_INTERACTION,256,11.011033352657003,1,457.0,697.0,535.0,781.0,CERTAIN,,
V8_PAIR_T1,1eda257c757b0f7065c48b19888f9fad232b803322c1e2df85884c3d7ebd94be,MULTI_FISH_PAIR,P1_PAIR_INTERACTION,PAIR_INTERACTION,257,11.05404520169082,1,457.0,697.0,535.0,781.0,CERTAIN,,
V8_PAIR_T1,1eda257c757b0f7065c48b19888f9fad232b803322c1e2df85884c3d7ebd94be,MULTI_FISH_PAIR,P1_PAIR_INTERACTION,PAIR_INTERACTION,258,11.097057050724638,1,416.0,693.0,519.0,795.0,CERTAIN,,
V8_PAIR_T1,1eda257c757b0f7065c48b19888f9fad232b803322c1e2df85884c3d7ebd94be,MULTI_FISH_PAIR,P1_PAIR_INTERACTION,PAIR_INTERACTION,259,11.140068899758454,1,414.0,702.0,524.0,802.0,CERTAIN,,
V8_PAIR_T1,1eda257c757b0f7065c48b19888f9fad232b803322c1e2df85884c3d7ebd94be,MULTI_FISH_PAIR,P1_PAIR_INTERACTION,PAIR_INTERACTION,260,11.183080748792271,1,361.0,688.0,532.0,809.0,CERTAIN,,
V8_PAIR_T1,1eda257c757b0f7065c48b19888f9fad232b803322c1e2df85884c3d7ebd94be,MULTI_FISH_PAIR,P1_PAIR_INTERACTION,PAIR_INTERACTION,261,11.226092597826089,1,350.0,681.0,508.0,818.0,CERTAIN,,
V8_PAIR_T1,1eda257c757b0f7065c48b19888f9fad232b803322c1e2df85884c3d7ebd94be,MULTI_FISH_PAIR,P1_PAIR_INTERACTION,PAIR_INTERACTION,262,11.269104446859904,1,330.0,681.0,508.0,818.0,CERTAIN,,
V8_PAIR_T1,1eda257c757b0f7065c48b19888f9fad232b803322c1e2df85884c3d7ebd94be,MULTI_FISH_PAIR,P1_PAIR_INTERACTION,PAIR_INTERACTION,263,11.31211629589372,1,334.0,675.0,494.0,822.0,CERTAIN,,
V8_PAIR_T1,1eda257c757b0f7065c48b19888f9fad232b803322c1e2df85884c3d7ebd94be,MULTI_FISH_PAIR,P1_PAIR_INTERACTION,PAIR_INTERACTION,263,11.31211629589372,2,330.0,695.0,498.0,804.0,UNCERTAIN,,
V8_PAIR_T1,1eda257c757b0f7065c48b19888f9fad232b803322c1e2df85884c3d7ebd94be,MULTI_FISH_PAIR,P1_PAIR_INTERACTION,PAIR_INTERACTION,264,11.355128144927535,1,334.0,675.0,494.0,822.0,CERTAIN,,
V8_PAIR_T1,1eda257c757b0f7065c48b19888f9fad232b803322c1e2df85884c3d7ebd94be,MULTI_FISH_PAIR,P1_PAIR_INTERACTION,PAIR_INTERACTION,264,11.355128144927535,2,330.0,695.0,498.0,804.0,UNCERTAIN,,
V8_PAIR_T1,1eda257c757b0f7065c48b19888f9fad232b803322c1e2df85884c3d7ebd94be,MULTI_FISH_PAIR,P1_PAIR_INTERACTION,PAIR_INTERACTION,265,11.398139993961353,1,277.0,675.0,437.0,802.0,CERTAIN,,
V8_PAIR_T1,1eda257c757b0f7065c48b19888f9fad232b803322c1e2df85884c3d7ebd94be,MULTI_FISH_PAIR,P1_PAIR_INTERACTION,PAIR_INTERACTION,265,11.398139993961353,2,330.0,695.0,498.0,804.0,UNCERTAIN,,
V8_PAIR_T1,1eda257c757b0f7065c48b19888f9fad232b803322c1e2df85884c3d7ebd94be,MULTI_FISH_PAIR,P1_PAIR_INTERACTION,PAIR_INTERACTION,266,11.441151842995168,1,277.0,675.0,437.0,802.0,CERTAIN,,
V8_PAIR_T1,1eda257c757b0f7065c48b19888f9fad232b803322c1e2df85884c3d7ebd94be,MULTI_FISH_PAIR,P1_PAIR_INTERACTION,PAIR_INTERACTION,266,11.441151842995168,2,330.0,695.0,498.0,804.0,UNCERTAIN,,
V8_PAIR_T1,1eda257c757b0f7065c48b19888f9fad232b803322c1e2df85884c3d7ebd94be,MULTI_FISH_PAIR,P1_PAIR_INTERACTION,PAIR_INTERACTION,267,11.484163692028986,1,277.0,675.0,437.0,802.0,CERTAIN,,
V8_PAIR_T1,1eda257c757b0f7065c48b19888f9fad232b803322c1e2df85884c3d7ebd94be,MULTI_FISH_PAIR,P1_PAIR_INTERACTION,PAIR_INTERACTION,267,11.484163692028986,2,330.0,695.0,498.0,804.0,UNCERTAIN,,
V8_PAIR_T1,1eda257c757b0f7065c48b19888f9fad232b803322c1e2df85884c3d7ebd94be,MULTI_FISH_PAIR,P1_PAIR_INTERACTION,PAIR_INTERACTION,268,11.5271755410628,1,229.0,670.0,405.0,795.0,CERTAIN,,
V8_PAIR_T1,1eda257c757b0f7065c48b19888f9fad232b803322c1e2df85884c3d7ebd94be,MULTI_FISH_PAIR,P1_PAIR_INTERACTION,PAIR_INTERACTION,268,11.5271755410628,2,264.0,651.0,410.0,805.0,UNCERTAIN,,
V8_PAIR_T1,1eda257c757b0f7065c48b19888f9fad232b803322c1e2df85884c3d7ebd94be,MULTI_FISH_PAIR,P1_PAIR_INTERACTION,PAIR_INTERACTION,269,11.57018739009662,1,229.0,670.0,405.0,795.0,CERTAIN,,
V8_PAIR_T1,1eda257c757b0f7065c48b19888f9fad232b803322c1e2df85884c3d7ebd94be,MULTI_FISH_PAIR,P1_PAIR_INTERACTION,PAIR_INTERACTION,269,11.57018739009662,2,264.0,651.0,410.0,805.0,UNCERTAIN,,
V8_PAIR_T1,1eda257c757b0f7065c48b19888f9fad232b803322c1e2df85884c3d7ebd94be,MULTI_FISH_PAIR,P1_PAIR_INTERACTION,PAIR_INTERACTION,270,11.613199239130434,1,229.0,670.0,405.0,795.0,CERTAIN,,
V8_PAIR_T1,1eda257c757b0f7065c48b19888f9fad232b803322c1e2df85884c3d7ebd94be,MULTI_FISH_PAIR,P1_PAIR_INTERACTION,PAIR_INTERACTION,270,11.613199239130434,2,264.0,651.0,410.0,805.0,UNCERTAIN,,
V8_PAIR_T1,1eda257c757b0f7065c48b19888f9fad232b803322c1e2df85884c3d7ebd94be,MULTI_FISH_PAIR,P1_PAIR_INTERACTION,PAIR_INTERACTION,271,11.656211088164252,1,156.0,691.0,362.0,807.0,CERTAIN,,
V8_PAIR_T1,1eda257c757b0f7065c48b19888f9fad232b803322c1e2df85884c3d7ebd94be,MULTI_FISH_PAIR,P1_PAIR_INTERACTION,PAIR_INTERACTION,271,11.656211088164252,2,229.0,670.0,396.0,813.0,UNCERTAIN,,
V8_PAIR_T1,1eda257c757b0f7065c48b19888f9fad232b803322c1e2df85884c3d7ebd94be,MULTI_FISH_PAIR,P1_PAIR_INTERACTION,PAIR_INTERACTION,272,11.699222937198067,1,156.0,691.0,362.0,807.0,CERTAIN,,
V8_PAIR_T1,1eda257c757b0f7065c48b19888f9fad232b803322c1e2df85884c3d7ebd94be,MULTI_FISH_PAIR,P1_PAIR_INTERACTION,PAIR_INTERACTION,272,11.699222937198067,2,229.0,670.0,396.0,813.0,UNCERTAIN,,
V8_PAIR_T1,1eda257c757b0f7065c48b19888f9fad232b803322c1e2df85884c3d7ebd94be,MULTI_FISH_PAIR,P1_PAIR_INTERACTION,PAIR_INTERACTION,273,11.742234786231885,1,156.0,691.0,362.0,807.0,CERTAIN,,
V8_PAIR_T1,1eda257c757b0f7065c48b19888f9fad232b803322c1e2df85884c3d7ebd94be,MULTI_FISH_PAIR,P1_PAIR_INTERACTION,PAIR_INTERACTION,273,11.742234786231885,2,229.0,670.0,396.0,813.0,UNCERTAIN,,
V8_PAIR_T1,1eda257c757b0f7065c48b19888f9fad232b803322c1e2df85884c3d7ebd94be,MULTI_FISH_PAIR,P1_PAIR_INTERACTION,PAIR_INTERACTION,274,11.7852466352657,1,156.0,691.0,362.0,807.0,CERTAIN,,
V8_PAIR_T1,1eda257c757b0f7065c48b19888f9fad232b803322c1e2df85884c3d7ebd94be,MULTI_FISH_PAIR,P1_PAIR_INTERACTION,PAIR_INTERACTION,274,11.7852466352657,2,241.0,709.0,373.0,807.0,CERTAIN,,
V8_PAIR_T1,1eda257c757b0f7065c48b19888f9fad232b803322c1e2df85884c3d7ebd94be,MULTI_FISH_PAIR,P1_PAIR_INTERACTION,PAIR_INTERACTION,275,11.828258484299518,1,156.0,691.0,362.0,807.0,CERTAIN,,
V8_PAIR_T1,1eda257c757b0f7065c48b19888f9fad232b803322c1e2df85884c3d7ebd94be,MULTI_FISH_PAIR,P1_PAIR_INTERACTION,PAIR_INTERACTION,275,11.828258484299518,2,241.0,709.0,373.0,807.0,CERTAIN,,
V8_PAIR_T1,1eda257c757b0f7065c48b19888f9fad232b803322c1e2df85884c3d7ebd94be,MULTI_FISH_PAIR,P1_PAIR_INTERACTION,PAIR_INTERACTION,276,11.871270333333332,1,156.0,691.0,362.0,807.0,CERTAIN,,
V8_PAIR_T1,1eda257c757b0f7065c48b19888f9fad232b803322c1e2df85884c3d7ebd94be,MULTI_FISH_PAIR,P1_PAIR_INTERACTION,PAIR_INTERACTION,276,11.871270333333332,2,241.0,709.0,373.0,807.0,CERTAIN,,
V8_PAIR_T1,1eda257c757b0f7065c48b19888f9fad232b803322c1e2df85884c3d7ebd94be,MULTI_FISH_PAIR,P1_PAIR_INTERACTION,PAIR_INTERACTION,277,11.91428218236715,1,156.0,691.0,362.0,807.0,CERTAIN,,
V8_PAIR_T1,1eda257c757b0f7065c48b19888f9fad232b803322c1e2df85884c3d7ebd94be,MULTI_FISH_PAIR,P1_PAIR_INTERACTION,PAIR_INTERACTION,277,11.91428218236715,2,209.0,722.0,311.0,798.0,UNCERTAIN,,
V8_PAIR_T1,1eda257c757b0f7065c48b19888f9fad232b803322c1e2df85884c3d7ebd94be,MULTI_FISH_PAIR,P1_PAIR_INTERACTION,PAIR_INTERACTION,278,11.957294031400966,1,156.0,691.0,362.0,807.0,CERTAIN,,
V8_PAIR_T1,1eda257c757b0f7065c48b19888f9fad232b803322c1e2df85884c3d7ebd94be,MULTI_FISH_PAIR,P1_PAIR_INTERACTION,PAIR_INTERACTION,278,11.957294031400966,2,209.0,722.0,311.0,798.0,UNCERTAIN,,
V8_PAIR_T1,1eda257c757b0f7065c48b19888f9fad232b803322c1e2df85884c3d7ebd94be,MULTI_FISH_PAIR,P1_PAIR_INTERACTION,PAIR_INTERACTION,279,12.000305880434782,1,79.0,686.0,245.0,805.0,CERTAIN,,
V8_PAIR_T1,1eda257c757b0f7065c48b19888f9fad232b803322c1e2df85884c3d7ebd94be,MULTI_FISH_PAIR,P1_PAIR_INTERACTION,PAIR_INTERACTION,279,12.000305880434782,2,209.0,722.0,311.0,798.0,UNCERTAIN,,
V8_PAIR_T1,1eda257c757b0f7065c48b19888f9fad232b803322c1e2df85884c3d7ebd94be,MULTI_FISH_PAIR,P1_PAIR_INTERACTION,PAIR_INTERACTION,280,12.0433177294686,1,79.0,686.0,245.0,805.0,CERTAIN,,
V8_PAIR_T1,1eda257c757b0f7065c48b19888f9fad232b803322c1e2df85884c3d7ebd94be,MULTI_FISH_PAIR,P1_PAIR_INTERACTION,PAIR_INTERACTION,280,12.0433177294686,2,209.0,722.0,311.0,798.0,UNCERTAIN,,
V8_PAIR_T1,1eda257c757b0f7065c48b19888f9fad232b803322c1e2df85884c3d7ebd94be,MULTI_FISH_PAIR,P1_PAIR_INTERACTION,PAIR_INTERACTION,281,12.086329578502417,1,79.0,686.0,245.0,805.0,CERTAIN,,
V8_PAIR_T1,1eda257c757b0f7065c48b19888f9fad232b803322c1e2df85884c3d7ebd94be,MULTI_FISH_PAIR,P1_PAIR_INTERACTION,PAIR_INTERACTION,281,12.086329578502417,2,209.0,722.0,311.0,798.0,UNCERTAIN,,
V8_PAIR_T1,1eda257c757b0f7065c48b19888f9fad232b803322c1e2df85884c3d7ebd94be,MULTI_FISH_PAIR,P1_PAIR_INTERACTION,PAIR_INTERACTION,282,12.129341427536232,1,79.0,686.0,245.0,805.0,CERTAIN,,
V8_PAIR_T1,1eda257c757b0f7065c48b19888f9fad232b803322c1e2df85884c3d7ebd94be,MULTI_FISH_PAIR,P1_PAIR_INTERACTION,PAIR_INTERACTION,282,12.129341427536232,2,140.0,690.0,275.0,788.0,UNCERTAIN,,
V8_PAIR_T1,1eda257c757b0f7065c48b19888f9fad232b803322c1e2df85884c3d7ebd94be,MULTI_FISH_PAIR,P1_PAIR_INTERACTION,PAIR_INTERACTION,283,12.172353276570048,1,79.0,686.0,245.0,805.0,CERTAIN,,
V8_PAIR_T1,1eda257c757b0f7065c48b19888f9fad232b803322c1e2df85884c3d7ebd94be,MULTI_FISH_PAIR,P1_PAIR_INTERACTION,PAIR_INTERACTION,283,12.172353276570048,2,140.0,690.0,275.0,788.0,UNCERTAIN,,
V8_PAIR_T1,1eda257c757b0f7065c48b19888f9fad232b803322c1e2df85884c3d7ebd94be,MULTI_FISH_PAIR,P1_PAIR_INTERACTION,PAIR_INTERACTION,284,12.215365125603864,1,79.0,686.0,245.0,805.0,CERTAIN,,
V8_PAIR_T1,1eda257c757b0f7065c48b19888f9fad232b803322c1e2df85884c3d7ebd94be,MULTI_FISH_PAIR,P1_PAIR_INTERACTION,PAIR_INTERACTION,284,12.215365125603864,2,140.0,690.0,275.0,788.0,UNCERTAIN,,
V8_PAIR_T1,1eda257c757b0f7065c48b19888f9fad232b803322c1e2df85884c3d7ebd94be,MULTI_FISH_PAIR,P1_PAIR_INTERACTION,PAIR_INTERACTION,285,12.25837697463768,1,79.0,686.0,245.0,805.0,CERTAIN,,
V8_PAIR_T1,1eda257c757b0f7065c48b19888f9fad232b803322c1e2df85884c3d7ebd94be,MULTI_FISH_PAIR,P1_PAIR_INTERACTION,PAIR_INTERACTION,285,12.25837697463768,2,140.0,690.0,275.0,788.0,UNCERTAIN,,
V8_PAIR_T1,1eda257c757b0f7065c48b19888f9fad232b803322c1e2df85884c3d7ebd94be,MULTI_FISH_PAIR,P1_PAIR_INTERACTION,PAIR_INTERACTION,286,12.301388823671498,1,79.0,686.0,245.0,805.0,CERTAIN,,
V8_PAIR_T1,1eda257c757b0f7065c48b19888f9fad232b803322c1e2df85884c3d7ebd94be,MULTI_FISH_PAIR,P1_PAIR_INTERACTION,PAIR_INTERACTION,286,12.301388823671498,2,140.0,690.0,275.0,788.0,UNCERTAIN,,
V8_PAIR_T1,1eda257c757b0f7065c48b19888f9fad232b803322c1e2df85884c3d7ebd94be,MULTI_FISH_PAIR,P1_PAIR_INTERACTION,PAIR_INTERACTION,287,12.344400672705314,1,79.0,686.0,245.0,805.0,CERTAIN,,
V8_PAIR_T1,1eda257c757b0f7065c48b19888f9fad232b803322c1e2df85884c3d7ebd94be,MULTI_FISH_PAIR,P1_PAIR_INTERACTION,PAIR_INTERACTION,287,12.344400672705314,2,140.0,690.0,275.0,788.0,UNCERTAIN,,
V8_PAIR_T1,1eda257c757b0f7065c48b19888f9fad232b803322c1e2df85884c3d7ebd94be,MULTI_FISH_PAIR,P1_PAIR_INTERACTION,PAIR_INTERACTION,288,12.387412521739131,1,79.0,686.0,245.0,805.0,CERTAIN,,
V8_PAIR_T1,1eda257c757b0f7065c48b19888f9fad232b803322c1e2df85884c3d7ebd94be,MULTI_FISH_PAIR,P1_PAIR_INTERACTION,PAIR_INTERACTION,288,12.387412521739131,2,140.0,690.0,275.0,788.0,UNCERTAIN,,
V8_PAIR_T1,1eda257c757b0f7065c48b19888f9fad232b803322c1e2df85884c3d7ebd94be,MULTI_FISH_PAIR,P1_PAIR_INTERACTION,PAIR_INTERACTION,289,12.430424370772949,1,79.0,686.0,245.0,805.0,CERTAIN,,
V8_PAIR_T1,1eda257c757b0f7065c48b19888f9fad232b803322c1e2df85884c3d7ebd94be,MULTI_FISH_PAIR,P1_PAIR_INTERACTION,PAIR_INTERACTION,289,12.430424370772949,2,140.0,690.0,275.0,788.0,UNCERTAIN,,
V8_PAIR_T1,1eda257c757b0f7065c48b19888f9fad232b803322c1e2df85884c3d7ebd94be,MULTI_FISH_PAIR,P1_PAIR_INTERACTION,PAIR_INTERACTION,290,12.473436219806764,1,79.0,686.0,245.0,805.0,CERTAIN,,
V8_PAIR_T1,1eda257c757b0f7065c48b19888f9fad232b803322c1e2df85884c3d7ebd94be,MULTI_FISH_PAIR,P1_PAIR_INTERACTION,PAIR_INTERACTION,290,12.473436219806764,2,140.0,690.0,275.0,788.0,UNCERTAIN,,
V8_PAIR_T1,1eda257c757b0f7065c48b19888f9fad232b803322c1e2df85884c3d7ebd94be,MULTI_FISH_PAIR,P1_PAIR_INTERACTION,PAIR_INTERACTION,291,12.51644806884058,1,79.0,686.0,245.0,805.0,CERTAIN,,
V8_PAIR_T1,1eda257c757b0f7065c48b19888f9fad232b803322c1e2df85884c3d7ebd94be,MULTI_FISH_PAIR,P1_PAIR_INTERACTION,PAIR_INTERACTION,291,12.51644806884058,2,140.0,690.0,275.0,788.0,UNCERTAIN,,
V8_PAIR_T1,1eda257c757b0f7065c48b19888f9fad232b803322c1e2df85884c3d7ebd94be,MULTI_FISH_PAIR,P1_PAIR_INTERACTION,PAIR_INTERACTION,292,12.559459917874396,1,79.0,686.0,245.0,805.0,CERTAIN,,
V8_PAIR_T1,1eda257c757b0f7065c48b19888f9fad232b803322c1e2df85884c3d7ebd94be,MULTI_FISH_PAIR,P1_PAIR_INTERACTION,PAIR_INTERACTION,292,12.559459917874396,2,140.0,690.0,275.0,788.0,UNCERTAIN,,
